Could not read public key from kljuc10.key
4097434D54730000:error:1608010C:STORE routines:ossl_store_handle_load_result:unsupported:../crypto/store/store_result.c:151:
Could not read public key from kljuc11.key
403765CE92700000:error:1608010C:STORE routines:ossl_store_handle_load_result:unsupported:../crypto/store/store_result.c:151:
Could not read public key from kljuc12.key
40476329B5730000:error:1608010C:STORE routines:ossl_store_handle_load_result:unsupported:../crypto/store/store_result.c:151:
Could not read public key from kljuc13.key
40971A53BE710000:error:1608010C:STORE routines:ossl_store_handle_load_result:unsupported:../crypto/store/store_result.c:151:
Could not read public key from kljuc14.key
4087A23EA9730000:error:1608010C:STORE routines:ossl_store_handle_load_result:unsupported:../crypto/store/store_result.c:151:
Could not read public key from kljuc15.key
405759A6A6770000:error:1608010C:STORE routines:ossl_store_handle_load_result:unsupported:../crypto/store/store_result.c:151:
Could not read public key from kljuc16.key
40C70DB582720000:error:1608010C:STORE routines:ossl_store_handle_load_result:unsupported:../crypto/store/store_result.c:151:
Could not read public key from kljuc17.key
40578D58DA700000:error:1608010C:STORE routines:ossl_store_handle_load_result:unsupported:../crypto/store/store_result.c:151:
Could not read public key from kljuc18.key
4017853F2B750000:error:1608010C:STORE routines:ossl_store_handle_load_result:unsupported:../crypto/store/store_result.c:151:
Could not read public key from kljuc19.key
401758B24D760000:error:1608010C:STORE routines:ossl_store_handle_load_result:unsupported:../crypto/store/store_result.c:151:
Could not read public key from kljuc1.key
4097D6D56C780000:error:1608010C:STORE routines:ossl_store_handle_load_result:unsupported:../crypto/store/store_result.c:151:
Could not read public key from kljuc20.key
405747B13B7D0000:error:1608010C:STORE routines:ossl_store_handle_load_result:unsupported:../crypto/store/store_result.c:151:
Could not read public key from kljuc21.key
4087659888790000:error:1608010C:STORE routines:ossl_store_handle_load_result:unsupported:../crypto/store/store_result.c:151:
Could not read public key from kljuc22.key
40B717A1BA7B0000:error:1608010C:STORE routines:ossl_store_handle_load_result:unsupported:../crypto/store/store_result.c:151:
Could not read public key from kljuc23.key
40C7F01DF17B0000:error:1608010C:STORE routines:ossl_store_handle_load_result:unsupported:../crypto/store/store_result.c:151:
Could not read public key from kljuc24.key
4047A29C9B770000:error:1608010C:STORE routines:ossl_store_handle_load_result:unsupported:../crypto/store/store_result.c:151:
Could not read public key from kljuc25.key
4067C45DFD750000:error:1608010C:STORE routines:ossl_store_handle_load_result:unsupported:../crypto/store/store_result.c:151:
Could not read public key from kljuc26.key
400707832B7B0000:error:1608010C:STORE routines:ossl_store_handle_load_result:unsupported:../crypto/store/store_result.c:151:
Could not read public key from kljuc27.key
402777E763770000:error:1608010C:STORE routines:ossl_store_handle_load_result:unsupported:../crypto/store/store_result.c:151:
Could not read public key from kljuc28.key
40F7434BC5780000:error:1608010C:STORE routines:ossl_store_handle_load_result:unsupported:../crypto/store/store_result.c:151:
Could not read public key from kljuc29.key
4007DFC172790000:error:1608010C:STORE routines:ossl_store_handle_load_result:unsupported:../crypto/store/store_result.c:151:
Could not read public key from kljuc2.key
4007EBF7BD730000:error:1608010C:STORE routines:ossl_store_handle_load_result:unsupported:../crypto/store/store_result.c:151:
Could not read public key from kljuc30.key
4057FE1EB57D0000:error:1608010C:STORE routines:ossl_store_handle_load_result:unsupported:../crypto/store/store_result.c:151:
Could not read public key from kljuc31.key
4037A4F4B5780000:error:1608010C:STORE routines:ossl_store_handle_load_result:unsupported:../crypto/store/store_result.c:151:
Could not read public key from kljuc32.key
40174FA2B3730000:error:1608010C:STORE routines:ossl_store_handle_load_result:unsupported:../crypto/store/store_result.c:151:
Could not read public key from kljuc33.key
40D7260D57720000:error:1608010C:STORE routines:ossl_store_handle_load_result:unsupported:../crypto/store/store_result.c:151:
Could not read public key from kljuc34.key
40E795E67C720000:error:1608010C:STORE routines:ossl_store_handle_load_result:unsupported:../crypto/store/store_result.c:151:
Could not read public key from kljuc35.key
40570B9752710000:error:1608010C:STORE routines:ossl_store_handle_load_result:unsupported:../crypto/store/store_result.c:151:
Could not read public key from kljuc36.key
40D731340A7E0000:error:1608010C:STORE routines:ossl_store_handle_load_result:unsupported:../crypto/store/store_result.c:151:
Could not read public key from kljuc37.key
40674065C97C0000:error:1608010C:STORE routines:ossl_store_handle_load_result:unsupported:../crypto/store/store_result.c:151:
Could not read public key from kljuc38.key
4047B363B4790000:error:1608010C:STORE routines:ossl_store_handle_load_result:unsupported:../crypto/store/store_result.c:151:
Could not read public key from kljuc39.key
40972139C5740000:error:1608010C:STORE routines:ossl_store_handle_load_result:unsupported:../crypto/store/store_result.c:151:
Could not read public key from kljuc3.key
40D71724B97E0000:error:1608010C:STORE routines:ossl_store_handle_load_result:unsupported:../crypto/store/store_result.c:151:
Could not read public key from kljuc40.key
404732C42F7C0000:error:1608010C:STORE routines:ossl_store_handle_load_result:unsupported:../crypto/store/store_result.c:151:
Could not read public key from kljuc41.key
40C71559CC7D0000:error:1608010C:STORE routines:ossl_store_handle_load_result:unsupported:../crypto/store/store_result.c:151:
Could not read public key from kljuc42.key
4017E4DD8E740000:error:1608010C:STORE routines:ossl_store_handle_load_result:unsupported:../crypto/store/store_result.c:151:
Could not read public key from kljuc43.key
4027CCCCD4790000:error:1608010C:STORE routines:ossl_store_handle_load_result:unsupported:../crypto/store/store_result.c:151:
Could not read public key from kljuc44.key
4057CCCAE6750000:error:1608010C:STORE routines:ossl_store_handle_load_result:unsupported:../crypto/store/store_result.c:151:
Could not read public key from kljuc45.key
40B78E5447730000:error:1608010C:STORE routines:ossl_store_handle_load_result:unsupported:../crypto/store/store_result.c:151:
Could not read public key from kljuc46.key
4047017D097C0000:error:1608010C:STORE routines:ossl_store_handle_load_result:unsupported:../crypto/store/store_result.c:151:
Could not read public key from kljuc47.key
40A71D52BA7A0000:error:1608010C:STORE routines:ossl_store_handle_load_result:unsupported:../crypto/store/store_result.c:151:
Could not read public key from kljuc48.key
40872CEFE17B0000:error:1608010C:STORE routines:ossl_store_handle_load_result:unsupported:../crypto/store/store_result.c:151:
Could not read public key from kljuc49.key
4037EB7B4F760000:error:1608010C:STORE routines:ossl_store_handle_load_result:unsupported:../crypto/store/store_result.c:151:
Could not read public key from kljuc4.key
40372DEAC0780000:error:1608010C:STORE routines:ossl_store_handle_load_result:unsupported:../crypto/store/store_result.c:151:
Could not read public key from kljuc50.key
40573239A3750000:error:1608010C:STORE routines:ossl_store_handle_load_result:unsupported:../crypto/store/store_result.c:151:
Could not read public key from kljuc5.key
40173C59427E0000:error:1608010C:STORE routines:ossl_store_handle_load_result:unsupported:../crypto/store/store_result.c:151:
Could not read public key from kljuc6.key
4067A44E13780000:error:1608010C:STORE routines:ossl_store_handle_load_result:unsupported:../crypto/store/store_result.c:151:
Could not read public key from kljuc7.key
4007E289AB790000:error:1608010C:STORE routines:ossl_store_handle_load_result:unsupported:../crypto/store/store_result.c:151:
Could not read public key from kljuc8.key
4077346E907F0000:error:1608010C:STORE routines:ossl_store_handle_load_result:unsupported:../crypto/store/store_result.c:151:
Could not read public key from kljuc9.key
40A787D12F7F0000:error:1608010C:STORE routines:ossl_store_handle_load_result:unsupported:../crypto/store/store_result.c:151:
Could not read public key from kljuc10.key
4057A2C337770000:error:1608010C:STORE routines:ossl_store_handle_load_result:unsupported:../crypto/store/store_result.c:151:
Could not read public key from kljuc11.key
40B70317CB730000:error:1608010C:STORE routines:ossl_store_handle_load_result:unsupported:../crypto/store/store_result.c:151:
Could not read public key from kljuc12.key
40F75AF8317F0000:error:1608010C:STORE routines:ossl_store_handle_load_result:unsupported:../crypto/store/store_result.c:151:
Could not read public key from kljuc13.key
407739A7427D0000:error:1608010C:STORE routines:ossl_store_handle_load_result:unsupported:../crypto/store/store_result.c:151:
Could not read public key from kljuc14.key
407721E42E7E0000:error:1608010C:STORE routines:ossl_store_handle_load_result:unsupported:../crypto/store/store_result.c:151:
Could not read public key from kljuc15.key
405796CCB57B0000:error:1608010C:STORE routines:ossl_store_handle_load_result:unsupported:../crypto/store/store_result.c:151:
Could not read public key from kljuc16.key
4057B339D47C0000:error:1608010C:STORE routines:ossl_store_handle_load_result:unsupported:../crypto/store/store_result.c:151:
Could not read public key from kljuc17.key
4037C8EDA67E0000:error:1608010C:STORE routines:ossl_store_handle_load_result:unsupported:../crypto/store/store_result.c:151:
Could not read public key from kljuc18.key
40A739B4AA7E0000:error:1608010C:STORE routines:ossl_store_handle_load_result:unsupported:../crypto/store/store_result.c:151:
Could not read public key from kljuc19.key
409768616F710000:error:1608010C:STORE routines:ossl_store_handle_load_result:unsupported:../crypto/store/store_result.c:151:
Could not read public key from kljuc1.key
4057FB7B58720000:error:1608010C:STORE routines:ossl_store_handle_load_result:unsupported:../crypto/store/store_result.c:151:
Could not read public key from kljuc20.key
4097C401B9790000:error:1608010C:STORE routines:ossl_store_handle_load_result:unsupported:../crypto/store/store_result.c:151:
Could not read public key from kljuc21.key
40B71D8DF4790000:error:1608010C:STORE routines:ossl_store_handle_load_result:unsupported:../crypto/store/store_result.c:151:
Could not read public key from kljuc22.key
4077D9439F730000:error:1608010C:STORE routines:ossl_store_handle_load_result:unsupported:../crypto/store/store_result.c:151:
Could not read public key from kljuc23.key
40D7DCCD8C7A0000:error:1608010C:STORE routines:ossl_store_handle_load_result:unsupported:../crypto/store/store_result.c:151:
Could not read public key from kljuc24.key
4087A8E534700000:error:1608010C:STORE routines:ossl_store_handle_load_result:unsupported:../crypto/store/store_result.c:151:
Could not read public key from kljuc25.key
408772C197730000:error:1608010C:STORE routines:ossl_store_handle_load_result:unsupported:../crypto/store/store_result.c:151:
Could not read public key from kljuc26.key
40F7ACF993740000:error:1608010C:STORE routines:ossl_store_handle_load_result:unsupported:../crypto/store/store_result.c:151:
Could not read public key from kljuc27.key
40C726567C7C0000:error:1608010C:STORE routines:ossl_store_handle_load_result:unsupported:../crypto/store/store_result.c:151:
Could not read public key from kljuc28.key
40B7F8768A7C0000:error:1608010C:STORE routines:ossl_store_handle_load_result:unsupported:../crypto/store/store_result.c:151:
Could not read public key from kljuc29.key
403706F5B3760000:error:1608010C:STORE routines:ossl_store_handle_load_result:unsupported:../crypto/store/store_result.c:151:
Could not read public key from kljuc2.key
40A7E04512710000:error:1608010C:STORE routines:ossl_store_handle_load_result:unsupported:../crypto/store/store_result.c:151:
Could not read public key from kljuc30.key
4017F5794C720000:error:1608010C:STORE routines:ossl_store_handle_load_result:unsupported:../crypto/store/store_result.c:151:
Could not read public key from kljuc31.key
40A7C5B731760000:error:1608010C:STORE routines:ossl_store_handle_load_result:unsupported:../crypto/store/store_result.c:151:
Could not read public key from kljuc32.key
4087A066ED770000:error:1608010C:STORE routines:ossl_store_handle_load_result:unsupported:../crypto/store/store_result.c:151:
Could not read public key from kljuc33.key
40677D9E9B7C0000:error:1608010C:STORE routines:ossl_store_handle_load_result:unsupported:../crypto/store/store_result.c:151:
Could not read public key from kljuc34.key
40370ADEB77A0000:error:1608010C:STORE routines:ossl_store_handle_load_result:unsupported:../crypto/store/store_result.c:151:
Could not read public key from kljuc35.key
40C7F76A51760000:error:1608010C:STORE routines:ossl_store_handle_load_result:unsupported:../crypto/store/store_result.c:151:
Could not read public key from kljuc36.key
40E7E3988A7B0000:error:1608010C:STORE routines:ossl_store_handle_load_result:unsupported:../crypto/store/store_result.c:151:
Could not read public key from kljuc37.key
40F705B2F97F0000:error:1608010C:STORE routines:ossl_store_handle_load_result:unsupported:../crypto/store/store_result.c:151:
Could not read public key from kljuc38.key
40F7EE28C6770000:error:1608010C:STORE routines:ossl_store_handle_load_result:unsupported:../crypto/store/store_result.c:151:
Could not read public key from kljuc39.key
40F73274FC7E0000:error:1608010C:STORE routines:ossl_store_handle_load_result:unsupported:../crypto/store/store_result.c:151:
Could not read public key from kljuc3.key
400775ADEC720000:error:1608010C:STORE routines:ossl_store_handle_load_result:unsupported:../crypto/store/store_result.c:151:
Could not read public key from kljuc40.key
4067EADAF0760000:error:1608010C:STORE routines:ossl_store_handle_load_result:unsupported:../crypto/store/store_result.c:151:
Could not read public key from kljuc41.key
40A7C160027C0000:error:1608010C:STORE routines:ossl_store_handle_load_result:unsupported:../crypto/store/store_result.c:151:
Could not read public key from kljuc42.key
40E74BCCB3700000:error:1608010C:STORE routines:ossl_store_handle_load_result:unsupported:../crypto/store/store_result.c:151:
Could not read public key from kljuc43.key
401737C7B77B0000:error:1608010C:STORE routines:ossl_store_handle_load_result:unsupported:../crypto/store/store_result.c:151:
Could not read public key from kljuc44.key
40A7DB7FB57C0000:error:1608010C:STORE routines:ossl_store_handle_load_result:unsupported:../crypto/store/store_result.c:151:
Could not read public key from kljuc45.key
40A74E7BB3740000:error:1608010C:STORE routines:ossl_store_handle_load_result:unsupported:../crypto/store/store_result.c:151:
Could not read public key from kljuc46.key
4037F26ADA790000:error:1608010C:STORE routines:ossl_store_handle_load_result:unsupported:../crypto/store/store_result.c:151:
Could not read public key from kljuc47.key
40C783F3B4790000:error:1608010C:STORE routines:ossl_store_handle_load_result:unsupported:../crypto/store/store_result.c:151:
Could not read public key from kljuc48.key
40D73F757A7D0000:error:1608010C:STORE routines:ossl_store_handle_load_result:unsupported:../crypto/store/store_result.c:151:
Could not read public key from kljuc49.key
4077CCB2C5760000:error:1608010C:STORE routines:ossl_store_handle_load_result:unsupported:../crypto/store/store_result.c:151:
Could not read public key from kljuc4.key
40F73617CC780000:error:1608010C:STORE routines:ossl_store_handle_load_result:unsupported:../crypto/store/store_result.c:151:
Could not read public key from kljuc50.key
4007CAB7747C0000:error:1608010C:STORE routines:ossl_store_handle_load_result:unsupported:../crypto/store/store_result.c:151:
Could not read public key from kljuc5.key
40E7C28A96780000:error:1608010C:STORE routines:ossl_store_handle_load_result:unsupported:../crypto/store/store_result.c:151:
Could not read public key from kljuc6.key
40B780D5DF700000:error:1608010C:STORE routines:ossl_store_handle_load_result:unsupported:../crypto/store/store_result.c:151:
Could not read public key from kljuc7.key
40873467E57D0000:error:1608010C:STORE routines:ossl_store_handle_load_result:unsupported:../crypto/store/store_result.c:151:
Could not read public key from kljuc8.key
40A72E4D2F760000:error:1608010C:STORE routines:ossl_store_handle_load_result:unsupported:../crypto/store/store_result.c:151:
Could not read public key from kljuc9.key
4077F64F8F7E0000:error:1608010C:STORE routines:ossl_store_handle_load_result:unsupported:../crypto/store/store_result.c:151:
Could not read public key from kljuc10.key
40E71645487E0000:error:1608010C:STORE routines:ossl_store_handle_load_result:unsupported:../crypto/store/store_result.c:151:
Could not read public key from kljuc11.key
4067B177E67B0000:error:1608010C:STORE routines:ossl_store_handle_load_result:unsupported:../crypto/store/store_result.c:151:
Could not read public key from kljuc12.key
4097FC40D87F0000:error:1608010C:STORE routines:ossl_store_handle_load_result:unsupported:../crypto/store/store_result.c:151:
Could not read public key from kljuc13.key
4007C82B7F790000:error:1608010C:STORE routines:ossl_store_handle_load_result:unsupported:../crypto/store/store_result.c:151:
Could not read public key from kljuc14.key
4047E0CC187E0000:error:1608010C:STORE routines:ossl_store_handle_load_result:unsupported:../crypto/store/store_result.c:151:
Could not read public key from kljuc15.key
40A75F6A16770000:error:1608010C:STORE routines:ossl_store_handle_load_result:unsupported:../crypto/store/store_result.c:151:
Could not read public key from kljuc16.key
40576249BE7C0000:error:1608010C:STORE routines:ossl_store_handle_load_result:unsupported:../crypto/store/store_result.c:151:
Could not read public key from kljuc17.key
40079452A7730000:error:1608010C:STORE routines:ossl_store_handle_load_result:unsupported:../crypto/store/store_result.c:151:
Could not read public key from kljuc18.key
4027958C687D0000:error:1608010C:STORE routines:ossl_store_handle_load_result:unsupported:../crypto/store/store_result.c:151:
Could not read public key from kljuc19.key
402750F392770000:error:1608010C:STORE routines:ossl_store_handle_load_result:unsupported:../crypto/store/store_result.c:151:
Could not read public key from kljuc1.key
405754262E780000:error:1608010C:STORE routines:ossl_store_handle_load_result:unsupported:../crypto/store/store_result.c:151:
Could not read public key from kljuc20.key
4037277014720000:error:1608010C:STORE routines:ossl_store_handle_load_result:unsupported:../crypto/store/store_result.c:151:
Could not read public key from kljuc21.key
40074965837A0000:error:1608010C:STORE routines:ossl_store_handle_load_result:unsupported:../crypto/store/store_result.c:151:
Could not read public key from kljuc22.key
40D73FAA547F0000:error:1608010C:STORE routines:ossl_store_handle_load_result:unsupported:../crypto/store/store_result.c:151:
Could not read public key from kljuc23.key
40F7670106760000:error:1608010C:STORE routines:ossl_store_handle_load_result:unsupported:../crypto/store/store_result.c:151:
Could not read public key from kljuc24.key
4077E867B1750000:error:1608010C:STORE routines:ossl_store_handle_load_result:unsupported:../crypto/store/store_result.c:151:
Could not read public key from kljuc25.key
4097B1402E700000:error:1608010C:STORE routines:ossl_store_handle_load_result:unsupported:../crypto/store/store_result.c:151:
Could not read public key from kljuc26.key
40074E70DC7E0000:error:1608010C:STORE routines:ossl_store_handle_load_result:unsupported:../crypto/store/store_result.c:151:
Could not read public key from kljuc27.key
40977CA25F7E0000:error:1608010C:STORE routines:ossl_store_handle_load_result:unsupported:../crypto/store/store_result.c:151:
Could not read public key from kljuc28.key
4007212AF57F0000:error:1608010C:STORE routines:ossl_store_handle_load_result:unsupported:../crypto/store/store_result.c:151:
Could not read public key from kljuc29.key
40178723547A0000:error:1608010C:STORE routines:ossl_store_handle_load_result:unsupported:../crypto/store/store_result.c:151:
Could not read public key from kljuc2.key
407777BB1D720000:error:1608010C:STORE routines:ossl_store_handle_load_result:unsupported:../crypto/store/store_result.c:151:
Could not read public key from kljuc30.key
40D7A303D2750000:error:1608010C:STORE routines:ossl_store_handle_load_result:unsupported:../crypto/store/store_result.c:151:
Could not read public key from kljuc31.key
4087BC1E79740000:error:1608010C:STORE routines:ossl_store_handle_load_result:unsupported:../crypto/store/store_result.c:151:
Could not read public key from kljuc32.key
40371EBBA97D0000:error:1608010C:STORE routines:ossl_store_handle_load_result:unsupported:../crypto/store/store_result.c:151:
Could not read public key from kljuc33.key
40C7F25235750000:error:1608010C:STORE routines:ossl_store_handle_load_result:unsupported:../crypto/store/store_result.c:151:
Could not read public key from kljuc34.key
40A7C7A79E730000:error:1608010C:STORE routines:ossl_store_handle_load_result:unsupported:../crypto/store/store_result.c:151:
Could not read public key from kljuc35.key
406763B7AA7B0000:error:1608010C:STORE routines:ossl_store_handle_load_result:unsupported:../crypto/store/store_result.c:151:
Could not read public key from kljuc36.key
40E7E0349B7B0000:error:1608010C:STORE routines:ossl_store_handle_load_result:unsupported:../crypto/store/store_result.c:151:
Could not read public key from kljuc37.key
4077547AB0730000:error:1608010C:STORE routines:ossl_store_handle_load_result:unsupported:../crypto/store/store_result.c:151:
Could not read public key from kljuc38.key
40A79DF4BF770000:error:1608010C:STORE routines:ossl_store_handle_load_result:unsupported:../crypto/store/store_result.c:151:
Could not read public key from kljuc39.key
40B794061E7D0000:error:1608010C:STORE routines:ossl_store_handle_load_result:unsupported:../crypto/store/store_result.c:151:
Could not read public key from kljuc3.key
4017D7AFB5790000:error:1608010C:STORE routines:ossl_store_handle_load_result:unsupported:../crypto/store/store_result.c:151:
Could not read public key from kljuc40.key
402747B0C6770000:error:1608010C:STORE routines:ossl_store_handle_load_result:unsupported:../crypto/store/store_result.c:151:
Could not read public key from kljuc41.key
40674BDA19720000:error:1608010C:STORE routines:ossl_store_handle_load_result:unsupported:../crypto/store/store_result.c:151:
Could not read public key from kljuc42.key
406700915F770000:error:1608010C:STORE routines:ossl_store_handle_load_result:unsupported:../crypto/store/store_result.c:151:
Could not read public key from kljuc43.key
40B702F4D87A0000:error:1608010C:STORE routines:ossl_store_handle_load_result:unsupported:../crypto/store/store_result.c:151:
Could not read public key from kljuc44.key
40970699CE750000:error:1608010C:STORE routines:ossl_store_handle_load_result:unsupported:../crypto/store/store_result.c:151:
Could not read public key from kljuc45.key
40A7E3E651760000:error:1608010C:STORE routines:ossl_store_handle_load_result:unsupported:../crypto/store/store_result.c:151:
Could not read public key from kljuc46.key
40A791043F770000:error:1608010C:STORE routines:ossl_store_handle_load_result:unsupported:../crypto/store/store_result.c:151:
Could not read public key from kljuc47.key
40B7F9F2627D0000:error:1608010C:STORE routines:ossl_store_handle_load_result:unsupported:../crypto/store/store_result.c:151:
Could not read public key from kljuc48.key
40F7B51747750000:error:1608010C:STORE routines:ossl_store_handle_load_result:unsupported:../crypto/store/store_result.c:151:
Could not read public key from kljuc49.key
40A77765F9760000:error:1608010C:STORE routines:ossl_store_handle_load_result:unsupported:../crypto/store/store_result.c:151:
Could not read public key from kljuc4.key
40A7F8BC27760000:error:1608010C:STORE routines:ossl_store_handle_load_result:unsupported:../crypto/store/store_result.c:151:
Could not read public key from kljuc50.key
40B780ABCB7D0000:error:1608010C:STORE routines:ossl_store_handle_load_result:unsupported:../crypto/store/store_result.c:151:
Could not read public key from kljuc5.key
403796841A770000:error:1608010C:STORE routines:ossl_store_handle_load_result:unsupported:../crypto/store/store_result.c:151:
Could not read public key from kljuc6.key
407738A15D700000:error:1608010C:STORE routines:ossl_store_handle_load_result:unsupported:../crypto/store/store_result.c:151:
Could not read public key from kljuc7.key
405791C5B2790000:error:1608010C:STORE routines:ossl_store_handle_load_result:unsupported:../crypto/store/store_result.c:151:
Could not read public key from kljuc8.key
407749CCEA7E0000:error:1608010C:STORE routines:ossl_store_handle_load_result:unsupported:../crypto/store/store_result.c:151:
Could not read public key from kljuc9.key
40A748E06D7F0000:error:1608010C:STORE routines:ossl_store_handle_load_result:unsupported:../crypto/store/store_result.c:151:
Could not read public key from kljuc10.key
40B74D8BAD7C0000:error:1608010C:STORE routines:ossl_store_handle_load_result:unsupported:../crypto/store/store_result.c:151:
Could not read public key from kljuc11.key
40474B0C4D780000:error:1608010C:STORE routines:ossl_store_handle_load_result:unsupported:../crypto/store/store_result.c:151:
Could not read public key from kljuc12.key
40C75E1A73710000:error:1608010C:STORE routines:ossl_store_handle_load_result:unsupported:../crypto/store/store_result.c:151:
Could not read public key from kljuc13.key
40D7374F34750000:error:1608010C:STORE routines:ossl_store_handle_load_result:unsupported:../crypto/store/store_result.c:151:
Could not read public key from kljuc14.key
4067B0875D780000:error:1608010C:STORE routines:ossl_store_handle_load_result:unsupported:../crypto/store/store_result.c:151:
Could not read public key from kljuc15.key
4077384024700000:error:1608010C:STORE routines:ossl_store_handle_load_result:unsupported:../crypto/store/store_result.c:151:
Could not read public key from kljuc16.key
40477CC8857B0000:error:1608010C:STORE routines:ossl_store_handle_load_result:unsupported:../crypto/store/store_result.c:151:
Could not read public key from kljuc17.key
40F753C6C1740000:error:1608010C:STORE routines:ossl_store_handle_load_result:unsupported:../crypto/store/store_result.c:151:
Could not read public key from kljuc18.key
4077416BFB7A0000:error:1608010C:STORE routines:ossl_store_handle_load_result:unsupported:../crypto/store/store_result.c:151:
Could not read public key from kljuc19.key
40A75B3803760000:error:1608010C:STORE routines:ossl_store_handle_load_result:unsupported:../crypto/store/store_result.c:151:
Could not read public key from kljuc1.key
40970CCCC1790000:error:1608010C:STORE routines:ossl_store_handle_load_result:unsupported:../crypto/store/store_result.c:151:
Could not read public key from kljuc20.key
40C74EA4E07E0000:error:1608010C:STORE routines:ossl_store_handle_load_result:unsupported:../crypto/store/store_result.c:151:
Could not read public key from kljuc21.key
40B77B1B6E7B0000:error:1608010C:STORE routines:ossl_store_handle_load_result:unsupported:../crypto/store/store_result.c:151:
Could not read public key from kljuc22.key
4037765E8F730000:error:1608010C:STORE routines:ossl_store_handle_load_result:unsupported:../crypto/store/store_result.c:151:
Could not read public key from kljuc23.key
40573B7838740000:error:1608010C:STORE routines:ossl_store_handle_load_result:unsupported:../crypto/store/store_result.c:151:
Could not read public key from kljuc24.key
40172F9C70770000:error:1608010C:STORE routines:ossl_store_handle_load_result:unsupported:../crypto/store/store_result.c:151:
Could not read public key from kljuc25.key
4097EBFCA97F0000:error:1608010C:STORE routines:ossl_store_handle_load_result:unsupported:../crypto/store/store_result.c:151:
Could not read public key from kljuc26.key
40E7512AA47F0000:error:1608010C:STORE routines:ossl_store_handle_load_result:unsupported:../crypto/store/store_result.c:151:
Could not read public key from kljuc27.key
40C741A5827D0000:error:1608010C:STORE routines:ossl_store_handle_load_result:unsupported:../crypto/store/store_result.c:151:
Could not read public key from kljuc28.key
409725AA27760000:error:1608010C:STORE routines:ossl_store_handle_load_result:unsupported:../crypto/store/store_result.c:151:
Could not read public key from kljuc29.key
4087AC1577710000:error:1608010C:STORE routines:ossl_store_handle_load_result:unsupported:../crypto/store/store_result.c:151:
Could not read public key from kljuc2.key
40A79AB793730000:error:1608010C:STORE routines:ossl_store_handle_load_result:unsupported:../crypto/store/store_result.c:151:
Could not read public key from kljuc30.key
40B72799B37C0000:error:1608010C:STORE routines:ossl_store_handle_load_result:unsupported:../crypto/store/store_result.c:151:
Could not read public key from kljuc31.key
400724BED8720000:error:1608010C:STORE routines:ossl_store_handle_load_result:unsupported:../crypto/store/store_result.c:151:
Could not read public key from kljuc32.key
40B7DAEA56790000:error:1608010C:STORE routines:ossl_store_handle_load_result:unsupported:../crypto/store/store_result.c:151:
Could not read public key from kljuc33.key
40B7FB71A37D0000:error:1608010C:STORE routines:ossl_store_handle_load_result:unsupported:../crypto/store/store_result.c:151:
Could not read public key from kljuc34.key
40876907AD770000:error:1608010C:STORE routines:ossl_store_handle_load_result:unsupported:../crypto/store/store_result.c:151:
Could not read public key from kljuc35.key
40A7F6BC807B0000:error:1608010C:STORE routines:ossl_store_handle_load_result:unsupported:../crypto/store/store_result.c:151:
Could not read public key from kljuc36.key
409747A4E0720000:error:1608010C:STORE routines:ossl_store_handle_load_result:unsupported:../crypto/store/store_result.c:151:
Could not read public key from kljuc37.key
4007401858720000:error:1608010C:STORE routines:ossl_store_handle_load_result:unsupported:../crypto/store/store_result.c:151:
Could not read public key from kljuc38.key
40B7BC356C740000:error:1608010C:STORE routines:ossl_store_handle_load_result:unsupported:../crypto/store/store_result.c:151:
Could not read public key from kljuc39.key
40A7F70F0C7F0000:error:1608010C:STORE routines:ossl_store_handle_load_result:unsupported:../crypto/store/store_result.c:151:
Could not read public key from kljuc3.key
4047C32CE97D0000:error:1608010C:STORE routines:ossl_store_handle_load_result:unsupported:../crypto/store/store_result.c:151:
Could not read public key from kljuc40.key
4027FC1C487D0000:error:1608010C:STORE routines:ossl_store_handle_load_result:unsupported:../crypto/store/store_result.c:151:
Could not read public key from kljuc41.key
40F7B3155F7A0000:error:1608010C:STORE routines:ossl_store_handle_load_result:unsupported:../crypto/store/store_result.c:151:
Could not read public key from kljuc42.key
40A76EB5647C0000:error:1608010C:STORE routines:ossl_store_handle_load_result:unsupported:../crypto/store/store_result.c:151:
Could not read public key from kljuc43.key
40978EE145730000:error:1608010C:STORE routines:ossl_store_handle_load_result:unsupported:../crypto/store/store_result.c:151:
Could not read public key from kljuc44.key
4077C6AB147B0000:error:1608010C:STORE routines:ossl_store_handle_load_result:unsupported:../crypto/store/store_result.c:151:
Could not read public key from kljuc45.key
40572B440B710000:error:1608010C:STORE routines:ossl_store_handle_load_result:unsupported:../crypto/store/store_result.c:151:
Could not read public key from kljuc46.key
4067C2132F7C0000:error:1608010C:STORE routines:ossl_store_handle_load_result:unsupported:../crypto/store/store_result.c:151:
Could not read public key from kljuc47.key
40D79EDCAA750000:error:1608010C:STORE routines:ossl_store_handle_load_result:unsupported:../crypto/store/store_result.c:151:
Could not read public key from kljuc48.key
40476120067C0000:error:1608010C:STORE routines:ossl_store_handle_load_result:unsupported:../crypto/store/store_result.c:151:
Could not read public key from kljuc49.key
40575BC9D67E0000:error:1608010C:STORE routines:ossl_store_handle_load_result:unsupported:../crypto/store/store_result.c:151:
Could not read public key from kljuc4.key
40870383467C0000:error:1608010C:STORE routines:ossl_store_handle_load_result:unsupported:../crypto/store/store_result.c:151:
Could not read public key from kljuc50.key
40170552DD710000:error:1608010C:STORE routines:ossl_store_handle_load_result:unsupported:../crypto/store/store_result.c:151:
Could not read public key from kljuc5.key
4057E022637C0000:error:1608010C:STORE routines:ossl_store_handle_load_result:unsupported:../crypto/store/store_result.c:151:
Could not read public key from kljuc6.key
4087038FEC750000:error:1608010C:STORE routines:ossl_store_handle_load_result:unsupported:../crypto/store/store_result.c:151:
Could not read public key from kljuc7.key
401777F089790000:error:1608010C:STORE routines:ossl_store_handle_load_result:unsupported:../crypto/store/store_result.c:151:
Could not read public key from kljuc8.key
40B70A4CEC740000:error:1608010C:STORE routines:ossl_store_handle_load_result:unsupported:../crypto/store/store_result.c:151:
Could not read public key from kljuc9.key
40B7C751CA750000:error:1608010C:STORE routines:ossl_store_handle_load_result:unsupported:../crypto/store/store_result.c:151:
Could not read public key from kljuc10.key
40A7AC98C1730000:error:1608010C:STORE routines:ossl_store_handle_load_result:unsupported:../crypto/store/store_result.c:151:
Could not read public key from kljuc11.key
4027249CB47E0000:error:1608010C:STORE routines:ossl_store_handle_load_result:unsupported:../crypto/store/store_result.c:151:
Could not read public key from kljuc12.key
40E77E74ED710000:error:1608010C:STORE routines:ossl_store_handle_load_result:unsupported:../crypto/store/store_result.c:151:
Could not read public key from kljuc13.key
40877BE8BF7B0000:error:1608010C:STORE routines:ossl_store_handle_load_result:unsupported:../crypto/store/store_result.c:151:
Could not read public key from kljuc14.key
40E7A8B1BE7B0000:error:1608010C:STORE routines:ossl_store_handle_load_result:unsupported:../crypto/store/store_result.c:151:
Could not read public key from kljuc15.key
40F79CB893740000:error:1608010C:STORE routines:ossl_store_handle_load_result:unsupported:../crypto/store/store_result.c:151:
Could not read public key from kljuc16.key
40D773E5F97C0000:error:1608010C:STORE routines:ossl_store_handle_load_result:unsupported:../crypto/store/store_result.c:151:
Could not read public key from kljuc17.key
4007EB3E8E750000:error:1608010C:STORE routines:ossl_store_handle_load_result:unsupported:../crypto/store/store_result.c:151:
Could not read public key from kljuc18.key
4067C91B597B0000:error:1608010C:STORE routines:ossl_store_handle_load_result:unsupported:../crypto/store/store_result.c:151:
Could not read public key from kljuc19.key
40D7B627697C0000:error:1608010C:STORE routines:ossl_store_handle_load_result:unsupported:../crypto/store/store_result.c:151:
Could not read public key from kljuc1.key
40071A5764740000:error:1608010C:STORE routines:ossl_store_handle_load_result:unsupported:../crypto/store/store_result.c:151:
Could not read public key from kljuc20.key
40E7A34164700000:error:1608010C:STORE routines:ossl_store_handle_load_result:unsupported:../crypto/store/store_result.c:151:
Could not read public key from kljuc21.key
40F769576B700000:error:1608010C:STORE routines:ossl_store_handle_load_result:unsupported:../crypto/store/store_result.c:151:
Could not read public key from kljuc22.key
40679AD060750000:error:1608010C:STORE routines:ossl_store_handle_load_result:unsupported:../crypto/store/store_result.c:151:
Could not read public key from kljuc23.key
40D7774411790000:error:1608010C:STORE routines:ossl_store_handle_load_result:unsupported:../crypto/store/store_result.c:151:
Could not read public key from kljuc24.key
40C77C3E8B730000:error:1608010C:STORE routines:ossl_store_handle_load_result:unsupported:../crypto/store/store_result.c:151:
Could not read public key from kljuc25.key
4097649CEE740000:error:1608010C:STORE routines:ossl_store_handle_load_result:unsupported:../crypto/store/store_result.c:151:
Could not read public key from kljuc26.key
40F794B1CE7A0000:error:1608010C:STORE routines:ossl_store_handle_load_result:unsupported:../crypto/store/store_result.c:151:
Could not read public key from kljuc27.key
40D76C589B7D0000:error:1608010C:STORE routines:ossl_store_handle_load_result:unsupported:../crypto/store/store_result.c:151:
Could not read public key from kljuc28.key
4087AEAB03710000:error:1608010C:STORE routines:ossl_store_handle_load_result:unsupported:../crypto/store/store_result.c:151:
Could not read public key from kljuc29.key
40E7FD2CB37C0000:error:1608010C:STORE routines:ossl_store_handle_load_result:unsupported:../crypto/store/store_result.c:151:
Could not read public key from kljuc2.key
40F7BD6ECC780000:error:1608010C:STORE routines:ossl_store_handle_load_result:unsupported:../crypto/store/store_result.c:151:
Could not read public key from kljuc30.key
40B7032B267E0000:error:1608010C:STORE routines:ossl_store_handle_load_result:unsupported:../crypto/store/store_result.c:151:
Could not read public key from kljuc31.key
40D7580999730000:error:1608010C:STORE routines:ossl_store_handle_load_result:unsupported:../crypto/store/store_result.c:151:
Could not read public key from kljuc32.key
40D7BF847A7D0000:error:1608010C:STORE routines:ossl_store_handle_load_result:unsupported:../crypto/store/store_result.c:151:
Could not read public key from kljuc33.key
40077E014A760000:error:1608010C:STORE routines:ossl_store_handle_load_result:unsupported:../crypto/store/store_result.c:151:
Could not read public key from kljuc34.key
40578811DB760000:error:1608010C:STORE routines:ossl_store_handle_load_result:unsupported:../crypto/store/store_result.c:151:
Could not read public key from kljuc35.key
4067F1A467710000:error:1608010C:STORE routines:ossl_store_handle_load_result:unsupported:../crypto/store/store_result.c:151:
Could not read public key from kljuc36.key
40D772691F7F0000:error:1608010C:STORE routines:ossl_store_handle_load_result:unsupported:../crypto/store/store_result.c:151:
Could not read public key from kljuc37.key
4077FDDA607F0000:error:1608010C:STORE routines:ossl_store_handle_load_result:unsupported:../crypto/store/store_result.c:151:
Could not read public key from kljuc38.key
40C707F6F6710000:error:1608010C:STORE routines:ossl_store_handle_load_result:unsupported:../crypto/store/store_result.c:151:
Could not read public key from kljuc39.key
40A718DA05750000:error:1608010C:STORE routines:ossl_store_handle_load_result:unsupported:../crypto/store/store_result.c:151:
Could not read public key from kljuc3.key
40E7F7BD0B770000:error:1608010C:STORE routines:ossl_store_handle_load_result:unsupported:../crypto/store/store_result.c:151:
Could not read public key from kljuc40.key
40777EC9917D0000:error:1608010C:STORE routines:ossl_store_handle_load_result:unsupported:../crypto/store/store_result.c:151:
Could not read public key from kljuc41.key
4077BCB24E780000:error:1608010C:STORE routines:ossl_store_handle_load_result:unsupported:../crypto/store/store_result.c:151:
Could not read public key from kljuc42.key
402750225E750000:error:1608010C:STORE routines:ossl_store_handle_load_result:unsupported:../crypto/store/store_result.c:151:
Could not read public key from kljuc43.key
40A7A575AE770000:error:1608010C:STORE routines:ossl_store_handle_load_result:unsupported:../crypto/store/store_result.c:151:
Could not read public key from kljuc44.key
406768C7BA760000:error:1608010C:STORE routines:ossl_store_handle_load_result:unsupported:../crypto/store/store_result.c:151:
Could not read public key from kljuc45.key
4027D48A527D0000:error:1608010C:STORE routines:ossl_store_handle_load_result:unsupported:../crypto/store/store_result.c:151:
Could not read public key from kljuc46.key
40E7277CEF7C0000:error:1608010C:STORE routines:ossl_store_handle_load_result:unsupported:../crypto/store/store_result.c:151:
Could not read public key from kljuc47.key
40B7715E4C750000:error:1608010C:STORE routines:ossl_store_handle_load_result:unsupported:../crypto/store/store_result.c:151:
Could not read public key from kljuc48.key
4087523D23700000:error:1608010C:STORE routines:ossl_store_handle_load_result:unsupported:../crypto/store/store_result.c:151:
Could not read public key from kljuc49.key
4057E02791750000:error:1608010C:STORE routines:ossl_store_handle_load_result:unsupported:../crypto/store/store_result.c:151:
Could not read public key from kljuc4.key
405702510E750000:error:1608010C:STORE routines:ossl_store_handle_load_result:unsupported:../crypto/store/store_result.c:151:
Could not read public key from kljuc50.key
40677824117C0000:error:1608010C:STORE routines:ossl_store_handle_load_result:unsupported:../crypto/store/store_result.c:151:
Could not read public key from kljuc5.key
40E749A98C7F0000:error:1608010C:STORE routines:ossl_store_handle_load_result:unsupported:../crypto/store/store_result.c:151:
Could not read public key from kljuc6.key
40A750F283730000:error:1608010C:STORE routines:ossl_store_handle_load_result:unsupported:../crypto/store/store_result.c:151:
Could not read public key from kljuc7.key
400708142C7A0000:error:1608010C:STORE routines:ossl_store_handle_load_result:unsupported:../crypto/store/store_result.c:151:
Could not read public key from kljuc8.key
40B7CEB629710000:error:1608010C:STORE routines:ossl_store_handle_load_result:unsupported:../crypto/store/store_result.c:151:
Could not read public key from kljuc9.key
4007FFD7DD760000:error:1608010C:STORE routines:ossl_store_handle_load_result:unsupported:../crypto/store/store_result.c:151:
Could not read public key from kljuc10.key
4087082FF5700000:error:1608010C:STORE routines:ossl_store_handle_load_result:unsupported:../crypto/store/store_result.c:151:
Could not read public key from kljuc11.key
4067C7B1B2760000:error:1608010C:STORE routines:ossl_store_handle_load_result:unsupported:../crypto/store/store_result.c:151:
Could not read public key from kljuc12.key
40170856D6780000:error:1608010C:STORE routines:ossl_store_handle_load_result:unsupported:../crypto/store/store_result.c:151:
Could not read public key from kljuc13.key
4017CF7639750000:error:1608010C:STORE routines:ossl_store_handle_load_result:unsupported:../crypto/store/store_result.c:151:
Could not read public key from kljuc14.key
40477ACD4E7F0000:error:1608010C:STORE routines:ossl_store_handle_load_result:unsupported:../crypto/store/store_result.c:151:
Could not read public key from kljuc15.key
403788BD1A7F0000:error:1608010C:STORE routines:ossl_store_handle_load_result:unsupported:../crypto/store/store_result.c:151:
Could not read public key from kljuc16.key
401709AF42720000:error:1608010C:STORE routines:ossl_store_handle_load_result:unsupported:../crypto/store/store_result.c:151:
Could not read public key from kljuc17.key
4017C408E07E0000:error:1608010C:STORE routines:ossl_store_handle_load_result:unsupported:../crypto/store/store_result.c:151:
Could not read public key from kljuc18.key
40E79C8060710000:error:1608010C:STORE routines:ossl_store_handle_load_result:unsupported:../crypto/store/store_result.c:151:
Could not read public key from kljuc19.key
40E732A9B7760000:error:1608010C:STORE routines:ossl_store_handle_load_result:unsupported:../crypto/store/store_result.c:151:
Could not read public key from kljuc1.key
40B7F817C17F0000:error:1608010C:STORE routines:ossl_store_handle_load_result:unsupported:../crypto/store/store_result.c:151:
Could not read public key from kljuc20.key
40D7F9FA987C0000:error:1608010C:STORE routines:ossl_store_handle_load_result:unsupported:../crypto/store/store_result.c:151:
Could not read public key from kljuc21.key
4037731951700000:error:1608010C:STORE routines:ossl_store_handle_load_result:unsupported:../crypto/store/store_result.c:151:
Could not read public key from kljuc22.key
40E79399AB720000:error:1608010C:STORE routines:ossl_store_handle_load_result:unsupported:../crypto/store/store_result.c:151:
Could not read public key from kljuc23.key
40472F1088720000:error:1608010C:STORE routines:ossl_store_handle_load_result:unsupported:../crypto/store/store_result.c:151:
Could not read public key from kljuc24.key
4067D074FD720000:error:1608010C:STORE routines:ossl_store_handle_load_result:unsupported:../crypto/store/store_result.c:151:
Could not read public key from kljuc25.key
40674363E5740000:error:1608010C:STORE routines:ossl_store_handle_load_result:unsupported:../crypto/store/store_result.c:151:
Could not read public key from kljuc26.key
4087902429700000:error:1608010C:STORE routines:ossl_store_handle_load_result:unsupported:../crypto/store/store_result.c:151:
Could not read public key from kljuc27.key
4097A9CA6A770000:error:1608010C:STORE routines:ossl_store_handle_load_result:unsupported:../crypto/store/store_result.c:151:
Could not read public key from kljuc28.key
40E7F08C99780000:error:1608010C:STORE routines:ossl_store_handle_load_result:unsupported:../crypto/store/store_result.c:151:
Could not read public key from kljuc29.key
4077E20A90720000:error:1608010C:STORE routines:ossl_store_handle_load_result:unsupported:../crypto/store/store_result.c:151:
Could not read public key from kljuc2.key
40472BCB697D0000:error:1608010C:STORE routines:ossl_store_handle_load_result:unsupported:../crypto/store/store_result.c:151:
Could not read public key from kljuc30.key
40C76420A5740000:error:1608010C:STORE routines:ossl_store_handle_load_result:unsupported:../crypto/store/store_result.c:151:
Could not read public key from kljuc31.key
40574E51677C0000:error:1608010C:STORE routines:ossl_store_handle_load_result:unsupported:../crypto/store/store_result.c:151:
Could not read public key from kljuc32.key
40277ECB30790000:error:1608010C:STORE routines:ossl_store_handle_load_result:unsupported:../crypto/store/store_result.c:151:
Could not read public key from kljuc33.key
40D79542D3710000:error:1608010C:STORE routines:ossl_store_handle_load_result:unsupported:../crypto/store/store_result.c:151:
Could not read public key from kljuc34.key
40C722A5EC7A0000:error:1608010C:STORE routines:ossl_store_handle_load_result:unsupported:../crypto/store/store_result.c:151:
Could not read public key from kljuc35.key
40F7F22F767C0000:error:1608010C:STORE routines:ossl_store_handle_load_result:unsupported:../crypto/store/store_result.c:151:
Could not read public key from kljuc36.key
4077DD1126780000:error:1608010C:STORE routines:ossl_store_handle_load_result:unsupported:../crypto/store/store_result.c:151:
Could not read public key from kljuc37.key
40F787673B740000:error:1608010C:STORE routines:ossl_store_handle_load_result:unsupported:../crypto/store/store_result.c:151:
Could not read public key from kljuc38.key
40D76A69F87C0000:error:1608010C:STORE routines:ossl_store_handle_load_result:unsupported:../crypto/store/store_result.c:151:
Could not read public key from kljuc39.key
40B702DD9F750000:error:1608010C:STORE routines:ossl_store_handle_load_result:unsupported:../crypto/store/store_result.c:151:
Could not read public key from kljuc3.key
40974BDFDC710000:error:1608010C:STORE routines:ossl_store_handle_load_result:unsupported:../crypto/store/store_result.c:151:
Could not read public key from kljuc40.key
4017C80EF77A0000:error:1608010C:STORE routines:ossl_store_handle_load_result:unsupported:../crypto/store/store_result.c:151:
Could not read public key from kljuc41.key
40D7FFDBA67F0000:error:1608010C:STORE routines:ossl_store_handle_load_result:unsupported:../crypto/store/store_result.c:151:
Could not read public key from kljuc42.key
4037D8647E7F0000:error:1608010C:STORE routines:ossl_store_handle_load_result:unsupported:../crypto/store/store_result.c:151:
Could not read public key from kljuc43.key
40A7704B75740000:error:1608010C:STORE routines:ossl_store_handle_load_result:unsupported:../crypto/store/store_result.c:151:
Could not read public key from kljuc44.key
40973B673F700000:error:1608010C:STORE routines:ossl_store_handle_load_result:unsupported:../crypto/store/store_result.c:151:
Could not read public key from kljuc45.key
4007DB1DDB760000:error:1608010C:STORE routines:ossl_store_handle_load_result:unsupported:../crypto/store/store_result.c:151:
Could not read public key from kljuc46.key
4047A4E2457B0000:error:1608010C:STORE routines:ossl_store_handle_load_result:unsupported:../crypto/store/store_result.c:151:
Could not read public key from kljuc47.key
40679CDF0A7D0000:error:1608010C:STORE routines:ossl_store_handle_load_result:unsupported:../crypto/store/store_result.c:151:
Could not read public key from kljuc48.key
40271DA273700000:error:1608010C:STORE routines:ossl_store_handle_load_result:unsupported:../crypto/store/store_result.c:151:
Could not read public key from kljuc49.key
402728237D740000:error:1608010C:STORE routines:ossl_store_handle_load_result:unsupported:../crypto/store/store_result.c:151:
Could not read public key from kljuc4.key
4037BB6A7B7B0000:error:1608010C:STORE routines:ossl_store_handle_load_result:unsupported:../crypto/store/store_result.c:151:
Could not read public key from kljuc50.key
4067F9624B710000:error:1608010C:STORE routines:ossl_store_handle_load_result:unsupported:../crypto/store/store_result.c:151:
Could not read public key from kljuc5.key
40874784A47D0000:error:1608010C:STORE routines:ossl_store_handle_load_result:unsupported:../crypto/store/store_result.c:151:
Could not read public key from kljuc6.key
404778FF327F0000:error:1608010C:STORE routines:ossl_store_handle_load_result:unsupported:../crypto/store/store_result.c:151:
Could not read public key from kljuc7.key
40D71FC295760000:error:1608010C:STORE routines:ossl_store_handle_load_result:unsupported:../crypto/store/store_result.c:151:
Could not read public key from kljuc8.key
40B7D18A53790000:error:1608010C:STORE routines:ossl_store_handle_load_result:unsupported:../crypto/store/store_result.c:151:
Could not read public key from kljuc9.key
40375F45BB760000:error:1608010C:STORE routines:ossl_store_handle_load_result:unsupported:../crypto/store/store_result.c:151:
Could not read public key from kljuc10.key
409755C7EA7F0000:error:1608010C:STORE routines:ossl_store_handle_load_result:unsupported:../crypto/store/store_result.c:151:
Could not read public key from kljuc11.key
40F7B53B61720000:error:1608010C:STORE routines:ossl_store_handle_load_result:unsupported:../crypto/store/store_result.c:151:
Could not read public key from kljuc12.key
4057EBD8BF770000:error:1608010C:STORE routines:ossl_store_handle_load_result:unsupported:../crypto/store/store_result.c:151:
Could not read public key from kljuc13.key
408700355B7F0000:error:1608010C:STORE routines:ossl_store_handle_load_result:unsupported:../crypto/store/store_result.c:151:
Could not read public key from kljuc14.key
4047BD0C817D0000:error:1608010C:STORE routines:ossl_store_handle_load_result:unsupported:../crypto/store/store_result.c:151:
Could not read public key from kljuc15.key
40A7D463867A0000:error:1608010C:STORE routines:ossl_store_handle_load_result:unsupported:../crypto/store/store_result.c:151:
Could not read public key from kljuc16.key
401776DC5C7B0000:error:1608010C:STORE routines:ossl_store_handle_load_result:unsupported:../crypto/store/store_result.c:151:
Could not read public key from kljuc17.key
40079366577C0000:error:1608010C:STORE routines:ossl_store_handle_load_result:unsupported:../crypto/store/store_result.c:151:
Could not read public key from kljuc18.key
40A73C89F5720000:error:1608010C:STORE routines:ossl_store_handle_load_result:unsupported:../crypto/store/store_result.c:151:
Could not read public key from kljuc19.key
40A7EBD401740000:error:1608010C:STORE routines:ossl_store_handle_load_result:unsupported:../crypto/store/store_result.c:151:
Could not read public key from kljuc1.key
40A714A615740000:error:1608010C:STORE routines:ossl_store_handle_load_result:unsupported:../crypto/store/store_result.c:151:
Could not read public key from kljuc20.key
40578377C7730000:error:1608010C:STORE routines:ossl_store_handle_load_result:unsupported:../crypto/store/store_result.c:151:
Could not read public key from kljuc21.key
4047E740AA760000:error:1608010C:STORE routines:ossl_store_handle_load_result:unsupported:../crypto/store/store_result.c:151:
Could not read public key from kljuc22.key
40C7F575A1760000:error:1608010C:STORE routines:ossl_store_handle_load_result:unsupported:../crypto/store/store_result.c:151:
Could not read public key from kljuc23.key
40C7947B3D790000:error:1608010C:STORE routines:ossl_store_handle_load_result:unsupported:../crypto/store/store_result.c:151:
Could not read public key from kljuc24.key
4067F06F637F0000:error:1608010C:STORE routines:ossl_store_handle_load_result:unsupported:../crypto/store/store_result.c:151:
Could not read public key from kljuc25.key
4007F87830760000:error:1608010C:STORE routines:ossl_store_handle_load_result:unsupported:../crypto/store/store_result.c:151:
Could not read public key from kljuc26.key
4037054F8E7A0000:error:1608010C:STORE routines:ossl_store_handle_load_result:unsupported:../crypto/store/store_result.c:151:
Could not read public key from kljuc27.key
400767AA7E720000:error:1608010C:STORE routines:ossl_store_handle_load_result:unsupported:../crypto/store/store_result.c:151:
Could not read public key from kljuc28.key
4087393B2B770000:error:1608010C:STORE routines:ossl_store_handle_load_result:unsupported:../crypto/store/store_result.c:151:
Could not read public key from kljuc29.key
40776013DA7F0000:error:1608010C:STORE routines:ossl_store_handle_load_result:unsupported:../crypto/store/store_result.c:151:
Could not read public key from kljuc2.key
40378F39A0700000:error:1608010C:STORE routines:ossl_store_handle_load_result:unsupported:../crypto/store/store_result.c:151:
Could not read public key from kljuc30.key
4097D371C5760000:error:1608010C:STORE routines:ossl_store_handle_load_result:unsupported:../crypto/store/store_result.c:151:
Could not read public key from kljuc31.key
40C7A9FD137D0000:error:1608010C:STORE routines:ossl_store_handle_load_result:unsupported:../crypto/store/store_result.c:151:
Could not read public key from kljuc32.key
40D7D19E8E7C0000:error:1608010C:STORE routines:ossl_store_handle_load_result:unsupported:../crypto/store/store_result.c:151:
Could not read public key from kljuc33.key
40F7BBAB2E780000:error:1608010C:STORE routines:ossl_store_handle_load_result:unsupported:../crypto/store/store_result.c:151:
Could not read public key from kljuc34.key
40E71CD659790000:error:1608010C:STORE routines:ossl_store_handle_load_result:unsupported:../crypto/store/store_result.c:151:
Could not read public key from kljuc35.key
4087EC8765710000:error:1608010C:STORE routines:ossl_store_handle_load_result:unsupported:../crypto/store/store_result.c:151:
Could not read public key from kljuc36.key
40B700CC487F0000:error:1608010C:STORE routines:ossl_store_handle_load_result:unsupported:../crypto/store/store_result.c:151:
Could not read public key from kljuc37.key
405713BDA0720000:error:1608010C:STORE routines:ossl_store_handle_load_result:unsupported:../crypto/store/store_result.c:151:
Could not read public key from kljuc38.key
40B7C4E38B7D0000:error:1608010C:STORE routines:ossl_store_handle_load_result:unsupported:../crypto/store/store_result.c:151:
Could not read public key from kljuc39.key
4007079B4D720000:error:1608010C:STORE routines:ossl_store_handle_load_result:unsupported:../crypto/store/store_result.c:151:
Could not read public key from kljuc3.key
40A7AD41F8760000:error:1608010C:STORE routines:ossl_store_handle_load_result:unsupported:../crypto/store/store_result.c:151:
Could not read public key from kljuc40.key
4017305D7A730000:error:1608010C:STORE routines:ossl_store_handle_load_result:unsupported:../crypto/store/store_result.c:151:
Could not read public key from kljuc41.key
4027EA529D7F0000:error:1608010C:STORE routines:ossl_store_handle_load_result:unsupported:../crypto/store/store_result.c:151:
Could not read public key from kljuc42.key
406781F9247B0000:error:1608010C:STORE routines:ossl_store_handle_load_result:unsupported:../crypto/store/store_result.c:151:
Could not read public key from kljuc43.key
40A7EB563F7D0000:error:1608010C:STORE routines:ossl_store_handle_load_result:unsupported:../crypto/store/store_result.c:151:
Could not read public key from kljuc44.key
40B78DA674710000:error:1608010C:STORE routines:ossl_store_handle_load_result:unsupported:../crypto/store/store_result.c:151:
Could not read public key from kljuc45.key
40D702277C720000:error:1608010C:STORE routines:ossl_store_handle_load_result:unsupported:../crypto/store/store_result.c:151:
Could not read public key from kljuc46.key
40972D49D2750000:error:1608010C:STORE routines:ossl_store_handle_load_result:unsupported:../crypto/store/store_result.c:151:
Could not read public key from kljuc47.key
40F76A241F7F0000:error:1608010C:STORE routines:ossl_store_handle_load_result:unsupported:../crypto/store/store_result.c:151:
Could not read public key from kljuc48.key
40579B2A92750000:error:1608010C:STORE routines:ossl_store_handle_load_result:unsupported:../crypto/store/store_result.c:151:
Could not read public key from kljuc49.key
40272ACF6D7E0000:error:1608010C:STORE routines:ossl_store_handle_load_result:unsupported:../crypto/store/store_result.c:151:
Could not read public key from kljuc4.key
40470E44D5720000:error:1608010C:STORE routines:ossl_store_handle_load_result:unsupported:../crypto/store/store_result.c:151:
Could not read public key from kljuc50.key
40A7115A567A0000:error:1608010C:STORE routines:ossl_store_handle_load_result:unsupported:../crypto/store/store_result.c:151:
Could not read public key from kljuc5.key
401765AF42760000:error:1608010C:STORE routines:ossl_store_handle_load_result:unsupported:../crypto/store/store_result.c:151:
Could not read public key from kljuc6.key
40376699BC780000:error:1608010C:STORE routines:ossl_store_handle_load_result:unsupported:../crypto/store/store_result.c:151:
Could not read public key from kljuc7.key
40F74D63CD7F0000:error:1608010C:STORE routines:ossl_store_handle_load_result:unsupported:../crypto/store/store_result.c:151:
Could not read public key from kljuc8.key
4047DC3F9A7E0000:error:1608010C:STORE routines:ossl_store_handle_load_result:unsupported:../crypto/store/store_result.c:151:
Could not read public key from kljuc9.key
40674C868F700000:error:1608010C:STORE routines:ossl_store_handle_load_result:unsupported:../crypto/store/store_result.c:151:
Could not read public key from kljuc10.key
401781C4EF7C0000:error:1608010C:STORE routines:ossl_store_handle_load_result:unsupported:../crypto/store/store_result.c:151:
Could not read public key from kljuc11.key
4067E5C3C4750000:error:1608010C:STORE routines:ossl_store_handle_load_result:unsupported:../crypto/store/store_result.c:151:
Could not read public key from kljuc12.key
40C7FF1B70760000:error:1608010C:STORE routines:ossl_store_handle_load_result:unsupported:../crypto/store/store_result.c:151:
Could not read public key from kljuc13.key
40B7CDCEBB7C0000:error:1608010C:STORE routines:ossl_store_handle_load_result:unsupported:../crypto/store/store_result.c:151:
Could not read public key from kljuc14.key
40D7240C49740000:error:1608010C:STORE routines:ossl_store_handle_load_result:unsupported:../crypto/store/store_result.c:151:
Could not read public key from kljuc15.key
4057467DE2750000:error:1608010C:STORE routines:ossl_store_handle_load_result:unsupported:../crypto/store/store_result.c:151:
Could not read public key from kljuc16.key
40B7D2B00F7D0000:error:1608010C:STORE routines:ossl_store_handle_load_result:unsupported:../crypto/store/store_result.c:151:
Could not read public key from kljuc17.key
40478B2EE07C0000:error:1608010C:STORE routines:ossl_store_handle_load_result:unsupported:../crypto/store/store_result.c:151:
Could not read public key from kljuc18.key
4067C8F2927A0000:error:1608010C:STORE routines:ossl_store_handle_load_result:unsupported:../crypto/store/store_result.c:151:
Could not read public key from kljuc19.key
40E7A99B447A0000:error:1608010C:STORE routines:ossl_store_handle_load_result:unsupported:../crypto/store/store_result.c:151:
Could not read public key from kljuc1.key
40679BD2DC7E0000:error:1608010C:STORE routines:ossl_store_handle_load_result:unsupported:../crypto/store/store_result.c:151:
Could not read public key from kljuc20.key
40A749DD117E0000:error:1608010C:STORE routines:ossl_store_handle_load_result:unsupported:../crypto/store/store_result.c:151:
Could not read public key from kljuc21.key
40676CFC7C7E0000:error:1608010C:STORE routines:ossl_store_handle_load_result:unsupported:../crypto/store/store_result.c:151:
Could not read public key from kljuc22.key
4087F362437D0000:error:1608010C:STORE routines:ossl_store_handle_load_result:unsupported:../crypto/store/store_result.c:151:
Could not read public key from kljuc23.key
40A740EFA6730000:error:1608010C:STORE routines:ossl_store_handle_load_result:unsupported:../crypto/store/store_result.c:151:
Could not read public key from kljuc24.key
40B7069166760000:error:1608010C:STORE routines:ossl_store_handle_load_result:unsupported:../crypto/store/store_result.c:151:
Could not read public key from kljuc25.key
4037609D6C750000:error:1608010C:STORE routines:ossl_store_handle_load_result:unsupported:../crypto/store/store_result.c:151:
Could not read public key from kljuc26.key
40B745EC3B750000:error:1608010C:STORE routines:ossl_store_handle_load_result:unsupported:../crypto/store/store_result.c:151:
Could not read public key from kljuc27.key
4017302A17770000:error:1608010C:STORE routines:ossl_store_handle_load_result:unsupported:../crypto/store/store_result.c:151:
Could not read public key from kljuc28.key
4067F0E7F47F0000:error:1608010C:STORE routines:ossl_store_handle_load_result:unsupported:../crypto/store/store_result.c:151:
Could not read public key from kljuc29.key
403738E7E97C0000:error:1608010C:STORE routines:ossl_store_handle_load_result:unsupported:../crypto/store/store_result.c:151:
Could not read public key from kljuc2.key
40F7787E8B7D0000:error:1608010C:STORE routines:ossl_store_handle_load_result:unsupported:../crypto/store/store_result.c:151:
Could not read public key from kljuc30.key
40A7C305CA770000:error:1608010C:STORE routines:ossl_store_handle_load_result:unsupported:../crypto/store/store_result.c:151:
Could not read public key from kljuc31.key
40C73F7F937C0000:error:1608010C:STORE routines:ossl_store_handle_load_result:unsupported:../crypto/store/store_result.c:151:
Could not read public key from kljuc32.key
403767B09C760000:error:1608010C:STORE routines:ossl_store_handle_load_result:unsupported:../crypto/store/store_result.c:151:
Could not read public key from kljuc33.key
40572236DC790000:error:1608010C:STORE routines:ossl_store_handle_load_result:unsupported:../crypto/store/store_result.c:151:
Could not read public key from kljuc34.key
40B73C50E0710000:error:1608010C:STORE routines:ossl_store_handle_load_result:unsupported:../crypto/store/store_result.c:151:
Could not read public key from kljuc35.key
4007A11F2F740000:error:1608010C:STORE routines:ossl_store_handle_load_result:unsupported:../crypto/store/store_result.c:151:
Could not read public key from kljuc36.key
40078E4840780000:error:1608010C:STORE routines:ossl_store_handle_load_result:unsupported:../crypto/store/store_result.c:151:
Could not read public key from kljuc37.key
40F774B81E7B0000:error:1608010C:STORE routines:ossl_store_handle_load_result:unsupported:../crypto/store/store_result.c:151:
Could not read public key from kljuc38.key
40D79DC417720000:error:1608010C:STORE routines:ossl_store_handle_load_result:unsupported:../crypto/store/store_result.c:151:
Could not read public key from kljuc39.key
40570BB95F700000:error:1608010C:STORE routines:ossl_store_handle_load_result:unsupported:../crypto/store/store_result.c:151:
Could not read public key from kljuc3.key
4037B4E1A8710000:error:1608010C:STORE routines:ossl_store_handle_load_result:unsupported:../crypto/store/store_result.c:151:
Could not read public key from kljuc40.key
4077F4FDC47E0000:error:1608010C:STORE routines:ossl_store_handle_load_result:unsupported:../crypto/store/store_result.c:151:
Could not read public key from kljuc41.key
4037692D3F710000:error:1608010C:STORE routines:ossl_store_handle_load_result:unsupported:../crypto/store/store_result.c:151:
Could not read public key from kljuc42.key
4067C78228770000:error:1608010C:STORE routines:ossl_store_handle_load_result:unsupported:../crypto/store/store_result.c:151:
Could not read public key from kljuc43.key
40C74EE4A5760000:error:1608010C:STORE routines:ossl_store_handle_load_result:unsupported:../crypto/store/store_result.c:151:
Could not read public key from kljuc44.key
40279C2EDF740000:error:1608010C:STORE routines:ossl_store_handle_load_result:unsupported:../crypto/store/store_result.c:151:
Could not read public key from kljuc45.key
40873A3A6B720000:error:1608010C:STORE routines:ossl_store_handle_load_result:unsupported:../crypto/store/store_result.c:151:
Could not read public key from kljuc46.key
4087C44DB87B0000:error:1608010C:STORE routines:ossl_store_handle_load_result:unsupported:../crypto/store/store_result.c:151:
Could not read public key from kljuc47.key
405725EB95750000:error:1608010C:STORE routines:ossl_store_handle_load_result:unsupported:../crypto/store/store_result.c:151:
Could not read public key from kljuc48.key
401725C01D790000:error:1608010C:STORE routines:ossl_store_handle_load_result:unsupported:../crypto/store/store_result.c:151:
Could not read public key from kljuc49.key
4097658A6B7C0000:error:1608010C:STORE routines:ossl_store_handle_load_result:unsupported:../crypto/store/store_result.c:151:
Could not read public key from kljuc4.key
4047526C0F760000:error:1608010C:STORE routines:ossl_store_handle_load_result:unsupported:../crypto/store/store_result.c:151:
Could not read public key from kljuc50.key
4027E976787A0000:error:1608010C:STORE routines:ossl_store_handle_load_result:unsupported:../crypto/store/store_result.c:151:
Could not read public key from kljuc5.key
40374690227C0000:error:1608010C:STORE routines:ossl_store_handle_load_result:unsupported:../crypto/store/store_result.c:151:
Could not read public key from kljuc6.key
4087497E4E720000:error:1608010C:STORE routines:ossl_store_handle_load_result:unsupported:../crypto/store/store_result.c:151:
Could not read public key from kljuc7.key
4067BF22C5760000:error:1608010C:STORE routines:ossl_store_handle_load_result:unsupported:../crypto/store/store_result.c:151:
Could not read public key from kljuc8.key
40079EF91A700000:error:1608010C:STORE routines:ossl_store_handle_load_result:unsupported:../crypto/store/store_result.c:151:
Could not read public key from kljuc9.key
40C7BC00D3730000:error:1608010C:STORE routines:ossl_store_handle_load_result:unsupported:../crypto/store/store_result.c:151:
Could not read public key from kljuc10.key
40F7033CA8700000:error:1608010C:STORE routines:ossl_store_handle_load_result:unsupported:../crypto/store/store_result.c:151:
Could not read public key from kljuc11.key
4057E68786770000:error:1608010C:STORE routines:ossl_store_handle_load_result:unsupported:../crypto/store/store_result.c:151:
Could not read public key from kljuc12.key
40E7535C787C0000:error:1608010C:STORE routines:ossl_store_handle_load_result:unsupported:../crypto/store/store_result.c:151:
Could not read public key from kljuc13.key
4017BAF1F27A0000:error:1608010C:STORE routines:ossl_store_handle_load_result:unsupported:../crypto/store/store_result.c:151:
Could not read public key from kljuc14.key
4057953726710000:error:1608010C:STORE routines:ossl_store_handle_load_result:unsupported:../crypto/store/store_result.c:151:
Could not read public key from kljuc15.key
4077ABEFA6720000:error:1608010C:STORE routines:ossl_store_handle_load_result:unsupported:../crypto/store/store_result.c:151:
Could not read public key from kljuc16.key
40D7D8D469730000:error:1608010C:STORE routines:ossl_store_handle_load_result:unsupported:../crypto/store/store_result.c:151:
Could not read public key from kljuc17.key
40C7EA9127780000:error:1608010C:STORE routines:ossl_store_handle_load_result:unsupported:../crypto/store/store_result.c:151:
Could not read public key from kljuc18.key
403795E847790000:error:1608010C:STORE routines:ossl_store_handle_load_result:unsupported:../crypto/store/store_result.c:151:
Could not read public key from kljuc19.key
40E705F0BD770000:error:1608010C:STORE routines:ossl_store_handle_load_result:unsupported:../crypto/store/store_result.c:151:
Could not read public key from kljuc1.key
40A788E37B730000:error:1608010C:STORE routines:ossl_store_handle_load_result:unsupported:../crypto/store/store_result.c:151:
Could not read public key from kljuc20.key
40F794948A760000:error:1608010C:STORE routines:ossl_store_handle_load_result:unsupported:../crypto/store/store_result.c:151:
Could not read public key from kljuc21.key
40675233A1700000:error:1608010C:STORE routines:ossl_store_handle_load_result:unsupported:../crypto/store/store_result.c:151:
Could not read public key from kljuc22.key
40F72B1F357B0000:error:1608010C:STORE routines:ossl_store_handle_load_result:unsupported:../crypto/store/store_result.c:151:
Could not read public key from kljuc23.key
4047F4E4D57D0000:error:1608010C:STORE routines:ossl_store_handle_load_result:unsupported:../crypto/store/store_result.c:151:
Could not read public key from kljuc24.key
406792B0E67E0000:error:1608010C:STORE routines:ossl_store_handle_load_result:unsupported:../crypto/store/store_result.c:151:
Could not read public key from kljuc25.key
4047533B94710000:error:1608010C:STORE routines:ossl_store_handle_load_result:unsupported:../crypto/store/store_result.c:151:
Could not read public key from kljuc26.key
4037B5158D770000:error:1608010C:STORE routines:ossl_store_handle_load_result:unsupported:../crypto/store/store_result.c:151:
Could not read public key from kljuc27.key
4067E9CDE27D0000:error:1608010C:STORE routines:ossl_store_handle_load_result:unsupported:../crypto/store/store_result.c:151:
Could not read public key from kljuc28.key
40171DDC4A7F0000:error:1608010C:STORE routines:ossl_store_handle_load_result:unsupported:../crypto/store/store_result.c:151:
Could not read public key from kljuc29.key
4037BBDDB7730000:error:1608010C:STORE routines:ossl_store_handle_load_result:unsupported:../crypto/store/store_result.c:151:
Could not read public key from kljuc2.key
40178FB617770000:error:1608010C:STORE routines:ossl_store_handle_load_result:unsupported:../crypto/store/store_result.c:151:
Could not read public key from kljuc30.key
40376C7CFD730000:error:1608010C:STORE routines:ossl_store_handle_load_result:unsupported:../crypto/store/store_result.c:151:
Could not read public key from kljuc31.key
4017BFD7787C0000:error:1608010C:STORE routines:ossl_store_handle_load_result:unsupported:../crypto/store/store_result.c:151:
Could not read public key from kljuc32.key
4077C61E317A0000:error:1608010C:STORE routines:ossl_store_handle_load_result:unsupported:../crypto/store/store_result.c:151:
Could not read public key from kljuc33.key
40C767C39E710000:error:1608010C:STORE routines:ossl_store_handle_load_result:unsupported:../crypto/store/store_result.c:151:
Could not read public key from kljuc34.key
4057E40B337F0000:error:1608010C:STORE routines:ossl_store_handle_load_result:unsupported:../crypto/store/store_result.c:151:
Could not read public key from kljuc35.key
40074F5ADA730000:error:1608010C:STORE routines:ossl_store_handle_load_result:unsupported:../crypto/store/store_result.c:151:
Could not read public key from kljuc36.key
409711CC63710000:error:1608010C:STORE routines:ossl_store_handle_load_result:unsupported:../crypto/store/store_result.c:151:
Could not read public key from kljuc37.key
40273A08CE790000:error:1608010C:STORE routines:ossl_store_handle_load_result:unsupported:../crypto/store/store_result.c:151:
Could not read public key from kljuc38.key
409751B100720000:error:1608010C:STORE routines:ossl_store_handle_load_result:unsupported:../crypto/store/store_result.c:151:
Could not read public key from kljuc39.key
40E7120EDF750000:error:1608010C:STORE routines:ossl_store_handle_load_result:unsupported:../crypto/store/store_result.c:151:
Could not read public key from kljuc3.key
4097DFA5AD710000:error:1608010C:STORE routines:ossl_store_handle_load_result:unsupported:../crypto/store/store_result.c:151:
Could not read public key from kljuc40.key
40D78C9F06760000:error:1608010C:STORE routines:ossl_store_handle_load_result:unsupported:../crypto/store/store_result.c:151:
Could not read public key from kljuc41.key
40E7960064710000:error:1608010C:STORE routines:ossl_store_handle_load_result:unsupported:../crypto/store/store_result.c:151:
Could not read public key from kljuc42.key
40275E5ADB780000:error:1608010C:STORE routines:ossl_store_handle_load_result:unsupported:../crypto/store/store_result.c:151:
Could not read public key from kljuc43.key
4047E14443740000:error:1608010C:STORE routines:ossl_store_handle_load_result:unsupported:../crypto/store/store_result.c:151:
Could not read public key from kljuc44.key
4087180D6A710000:error:1608010C:STORE routines:ossl_store_handle_load_result:unsupported:../crypto/store/store_result.c:151:
Could not read public key from kljuc45.key
40971A7D037B0000:error:1608010C:STORE routines:ossl_store_handle_load_result:unsupported:../crypto/store/store_result.c:151:
Could not read public key from kljuc46.key
40476BBF27700000:error:1608010C:STORE routines:ossl_store_handle_load_result:unsupported:../crypto/store/store_result.c:151:
Could not read public key from kljuc47.key
4087247F3F7A0000:error:1608010C:STORE routines:ossl_store_handle_load_result:unsupported:../crypto/store/store_result.c:151:
Could not read public key from kljuc48.key
40479344897A0000:error:1608010C:STORE routines:ossl_store_handle_load_result:unsupported:../crypto/store/store_result.c:151:
Could not read public key from kljuc49.key
40D76E3E7A710000:error:1608010C:STORE routines:ossl_store_handle_load_result:unsupported:../crypto/store/store_result.c:151:
Could not read public key from kljuc4.key
4037AD4E3E710000:error:1608010C:STORE routines:ossl_store_handle_load_result:unsupported:../crypto/store/store_result.c:151:
Could not read public key from kljuc50.key
40A7C25D1D730000:error:1608010C:STORE routines:ossl_store_handle_load_result:unsupported:../crypto/store/store_result.c:151:
Could not read public key from kljuc5.key
40A707EADD740000:error:1608010C:STORE routines:ossl_store_handle_load_result:unsupported:../crypto/store/store_result.c:151:
Could not read public key from kljuc6.key
40C7859EE97B0000:error:1608010C:STORE routines:ossl_store_handle_load_result:unsupported:../crypto/store/store_result.c:151:
Could not read public key from kljuc7.key
40D79366CD7A0000:error:1608010C:STORE routines:ossl_store_handle_load_result:unsupported:../crypto/store/store_result.c:151:
Could not read public key from kljuc8.key
40178AB595710000:error:1608010C:STORE routines:ossl_store_handle_load_result:unsupported:../crypto/store/store_result.c:151:
Could not read public key from kljuc9.key
40877C2A2E770000:error:1608010C:STORE routines:ossl_store_handle_load_result:unsupported:../crypto/store/store_result.c:151:
Could not read public key from kljuc10.key
40172339FE7B0000:error:1608010C:STORE routines:ossl_store_handle_load_result:unsupported:../crypto/store/store_result.c:151:
Could not read public key from kljuc11.key
40B76183437A0000:error:1608010C:STORE routines:ossl_store_handle_load_result:unsupported:../crypto/store/store_result.c:151:
Could not read public key from kljuc12.key
40176FB18B7C0000:error:1608010C:STORE routines:ossl_store_handle_load_result:unsupported:../crypto/store/store_result.c:151:
Could not read public key from kljuc13.key
40B7F6B7C1700000:error:1608010C:STORE routines:ossl_store_handle_load_result:unsupported:../crypto/store/store_result.c:151:
Could not read public key from kljuc14.key
4057E9C5067F0000:error:1608010C:STORE routines:ossl_store_handle_load_result:unsupported:../crypto/store/store_result.c:151:
Could not read public key from kljuc15.key
40D7BE9D50760000:error:1608010C:STORE routines:ossl_store_handle_load_result:unsupported:../crypto/store/store_result.c:151:
Could not read public key from kljuc16.key
40A7F1D1547D0000:error:1608010C:STORE routines:ossl_store_handle_load_result:unsupported:../crypto/store/store_result.c:151:
Could not read public key from kljuc17.key
408783CAAA7B0000:error:1608010C:STORE routines:ossl_store_handle_load_result:unsupported:../crypto/store/store_result.c:151:
Could not read public key from kljuc18.key
40E7E7BF3F7B0000:error:1608010C:STORE routines:ossl_store_handle_load_result:unsupported:../crypto/store/store_result.c:151:
Could not read public key from kljuc19.key
40F7C0AD0D760000:error:1608010C:STORE routines:ossl_store_handle_load_result:unsupported:../crypto/store/store_result.c:151:
Could not read public key from kljuc1.key
40D73BCFDD710000:error:1608010C:STORE routines:ossl_store_handle_load_result:unsupported:../crypto/store/store_result.c:151:
Could not read public key from kljuc20.key
4097CCB95C720000:error:1608010C:STORE routines:ossl_store_handle_load_result:unsupported:../crypto/store/store_result.c:151:
Could not read public key from kljuc21.key
40D736679F720000:error:1608010C:STORE routines:ossl_store_handle_load_result:unsupported:../crypto/store/store_result.c:151:
Could not read public key from kljuc22.key
40478DEB567F0000:error:1608010C:STORE routines:ossl_store_handle_load_result:unsupported:../crypto/store/store_result.c:151:
Could not read public key from kljuc23.key
40D78D2080710000:error:1608010C:STORE routines:ossl_store_handle_load_result:unsupported:../crypto/store/store_result.c:151:
Could not read public key from kljuc24.key
40072311847A0000:error:1608010C:STORE routines:ossl_store_handle_load_result:unsupported:../crypto/store/store_result.c:151:
Could not read public key from kljuc25.key
4057B88A36760000:error:1608010C:STORE routines:ossl_store_handle_load_result:unsupported:../crypto/store/store_result.c:151:
Could not read public key from kljuc26.key
4097E0E2A6780000:error:1608010C:STORE routines:ossl_store_handle_load_result:unsupported:../crypto/store/store_result.c:151:
Could not read public key from kljuc27.key
4047574726710000:error:1608010C:STORE routines:ossl_store_handle_load_result:unsupported:../crypto/store/store_result.c:151:
Could not read public key from kljuc28.key
40779CC969750000:error:1608010C:STORE routines:ossl_store_handle_load_result:unsupported:../crypto/store/store_result.c:151:
Could not read public key from kljuc29.key
4047228716750000:error:1608010C:STORE routines:ossl_store_handle_load_result:unsupported:../crypto/store/store_result.c:151:
Could not read public key from kljuc2.key
4087509108730000:error:1608010C:STORE routines:ossl_store_handle_load_result:unsupported:../crypto/store/store_result.c:151:
Could not read public key from kljuc30.key
4077B143227C0000:error:1608010C:STORE routines:ossl_store_handle_load_result:unsupported:../crypto/store/store_result.c:151:
Could not read public key from kljuc31.key
40970A0A88710000:error:1608010C:STORE routines:ossl_store_handle_load_result:unsupported:../crypto/store/store_result.c:151:
Could not read public key from kljuc32.key
4077C19B90740000:error:1608010C:STORE routines:ossl_store_handle_load_result:unsupported:../crypto/store/store_result.c:151:
Could not read public key from kljuc33.key
40F732068C790000:error:1608010C:STORE routines:ossl_store_handle_load_result:unsupported:../crypto/store/store_result.c:151:
Could not read public key from kljuc34.key
40675015127A0000:error:1608010C:STORE routines:ossl_store_handle_load_result:unsupported:../crypto/store/store_result.c:151:
Could not read public key from kljuc35.key
40D751DB51700000:error:1608010C:STORE routines:ossl_store_handle_load_result:unsupported:../crypto/store/store_result.c:151:
Could not read public key from kljuc36.key
405747D040790000:error:1608010C:STORE routines:ossl_store_handle_load_result:unsupported:../crypto/store/store_result.c:151:
Could not read public key from kljuc37.key
40072A414F750000:error:1608010C:STORE routines:ossl_store_handle_load_result:unsupported:../crypto/store/store_result.c:151:
Could not read public key from kljuc38.key
40378BECAA7C0000:error:1608010C:STORE routines:ossl_store_handle_load_result:unsupported:../crypto/store/store_result.c:151:
Could not read public key from kljuc39.key
4037554B3D7A0000:error:1608010C:STORE routines:ossl_store_handle_load_result:unsupported:../crypto/store/store_result.c:151:
Could not read public key from kljuc3.key
4037238A42790000:error:1608010C:STORE routines:ossl_store_handle_load_result:unsupported:../crypto/store/store_result.c:151:
Could not read public key from kljuc40.key
4007E2D37E7D0000:error:1608010C:STORE routines:ossl_store_handle_load_result:unsupported:../crypto/store/store_result.c:151:
Could not read public key from kljuc41.key
4097F1FE337B0000:error:1608010C:STORE routines:ossl_store_handle_load_result:unsupported:../crypto/store/store_result.c:151:
Could not read public key from kljuc42.key
40A7F31C7F740000:error:1608010C:STORE routines:ossl_store_handle_load_result:unsupported:../crypto/store/store_result.c:151:
Could not read public key from kljuc43.key
40478E12927F0000:error:1608010C:STORE routines:ossl_store_handle_load_result:unsupported:../crypto/store/store_result.c:151:
Could not read public key from kljuc44.key
40779074FE790000:error:1608010C:STORE routines:ossl_store_handle_load_result:unsupported:../crypto/store/store_result.c:151:
Could not read public key from kljuc45.key
402707635C760000:error:1608010C:STORE routines:ossl_store_handle_load_result:unsupported:../crypto/store/store_result.c:151:
Could not read public key from kljuc46.key
408727AD587F0000:error:1608010C:STORE routines:ossl_store_handle_load_result:unsupported:../crypto/store/store_result.c:151:
Could not read public key from kljuc47.key
4097D215DE720000:error:1608010C:STORE routines:ossl_store_handle_load_result:unsupported:../crypto/store/store_result.c:151:
Could not read public key from kljuc48.key
40D761D125760000:error:1608010C:STORE routines:ossl_store_handle_load_result:unsupported:../crypto/store/store_result.c:151:
Could not read public key from kljuc49.key
40E72E3A55720000:error:1608010C:STORE routines:ossl_store_handle_load_result:unsupported:../crypto/store/store_result.c:151:
Could not read public key from kljuc4.key
4037FD83CC760000:error:1608010C:STORE routines:ossl_store_handle_load_result:unsupported:../crypto/store/store_result.c:151:
Could not read public key from kljuc50.key
40B7B19252740000:error:1608010C:STORE routines:ossl_store_handle_load_result:unsupported:../crypto/store/store_result.c:151:
Could not read public key from kljuc5.key
40278D63647C0000:error:1608010C:STORE routines:ossl_store_handle_load_result:unsupported:../crypto/store/store_result.c:151:
Could not read public key from kljuc6.key
40B79AC7AD780000:error:1608010C:STORE routines:ossl_store_handle_load_result:unsupported:../crypto/store/store_result.c:151:
Could not read public key from kljuc7.key
40A73E0A3A730000:error:1608010C:STORE routines:ossl_store_handle_load_result:unsupported:../crypto/store/store_result.c:151:
Could not read public key from kljuc8.key
40B70E4F8E7D0000:error:1608010C:STORE routines:ossl_store_handle_load_result:unsupported:../crypto/store/store_result.c:151:
Could not read public key from kljuc9.key
40D758B934720000:error:1608010C:STORE routines:ossl_store_handle_load_result:unsupported:../crypto/store/store_result.c:151:
Could not read public key from kljuc10.key
4037B1FB2B710000:error:1608010C:STORE routines:ossl_store_handle_load_result:unsupported:../crypto/store/store_result.c:151:
Could not read public key from kljuc11.key
4037BE77DF770000:error:1608010C:STORE routines:ossl_store_handle_load_result:unsupported:../crypto/store/store_result.c:151:
Could not read public key from kljuc12.key
4077AB3B84720000:error:1608010C:STORE routines:ossl_store_handle_load_result:unsupported:../crypto/store/store_result.c:151:
Could not read public key from kljuc13.key
4097F62732770000:error:1608010C:STORE routines:ossl_store_handle_load_result:unsupported:../crypto/store/store_result.c:151:
Could not read public key from kljuc14.key
406768A1A57C0000:error:1608010C:STORE routines:ossl_store_handle_load_result:unsupported:../crypto/store/store_result.c:151:
Could not read public key from kljuc15.key
40F7AF6E53760000:error:1608010C:STORE routines:ossl_store_handle_load_result:unsupported:../crypto/store/store_result.c:151:
Could not read public key from kljuc16.key
40E74C9CE27A0000:error:1608010C:STORE routines:ossl_store_handle_load_result:unsupported:../crypto/store/store_result.c:151:
Could not read public key from kljuc17.key
40D7E746067D0000:error:1608010C:STORE routines:ossl_store_handle_load_result:unsupported:../crypto/store/store_result.c:151:
Could not read public key from kljuc18.key
4047CFC966700000:error:1608010C:STORE routines:ossl_store_handle_load_result:unsupported:../crypto/store/store_result.c:151:
Could not read public key from kljuc19.key
405779B17F7F0000:error:1608010C:STORE routines:ossl_store_handle_load_result:unsupported:../crypto/store/store_result.c:151:
Could not read public key from kljuc1.key
401778624B770000:error:1608010C:STORE routines:ossl_store_handle_load_result:unsupported:../crypto/store/store_result.c:151:
Could not read public key from kljuc20.key
4077BB1D437C0000:error:1608010C:STORE routines:ossl_store_handle_load_result:unsupported:../crypto/store/store_result.c:151:
Could not read public key from kljuc21.key
40C7F29E867F0000:error:1608010C:STORE routines:ossl_store_handle_load_result:unsupported:../crypto/store/store_result.c:151:
Could not read public key from kljuc22.key
40E782C3E17D0000:error:1608010C:STORE routines:ossl_store_handle_load_result:unsupported:../crypto/store/store_result.c:151:
Could not read public key from kljuc23.key
40D71F1685740000:error:1608010C:STORE routines:ossl_store_handle_load_result:unsupported:../crypto/store/store_result.c:151:
Could not read public key from kljuc24.key
40876C3FF4770000:error:1608010C:STORE routines:ossl_store_handle_load_result:unsupported:../crypto/store/store_result.c:151:
Could not read public key from kljuc25.key
40B707C6877E0000:error:1608010C:STORE routines:ossl_store_handle_load_result:unsupported:../crypto/store/store_result.c:151:
Could not read public key from kljuc26.key
4097490ED57B0000:error:1608010C:STORE routines:ossl_store_handle_load_result:unsupported:../crypto/store/store_result.c:151:
Could not read public key from kljuc27.key
40C77240C7760000:error:1608010C:STORE routines:ossl_store_handle_load_result:unsupported:../crypto/store/store_result.c:151:
Could not read public key from kljuc28.key
4077B106B3740000:error:1608010C:STORE routines:ossl_store_handle_load_result:unsupported:../crypto/store/store_result.c:151:
Could not read public key from kljuc29.key
40F75A7474750000:error:1608010C:STORE routines:ossl_store_handle_load_result:unsupported:../crypto/store/store_result.c:151:
Could not read public key from kljuc2.key
4007C3AFFC790000:error:1608010C:STORE routines:ossl_store_handle_load_result:unsupported:../crypto/store/store_result.c:151:
Could not read public key from kljuc30.key
40F73224A8730000:error:1608010C:STORE routines:ossl_store_handle_load_result:unsupported:../crypto/store/store_result.c:151:
Could not read public key from kljuc31.key
40F78530907E0000:error:1608010C:STORE routines:ossl_store_handle_load_result:unsupported:../crypto/store/store_result.c:151:
Could not read public key from kljuc32.key
4087E624477A0000:error:1608010C:STORE routines:ossl_store_handle_load_result:unsupported:../crypto/store/store_result.c:151:
Could not read public key from kljuc33.key
40579DA0307D0000:error:1608010C:STORE routines:ossl_store_handle_load_result:unsupported:../crypto/store/store_result.c:151:
Could not read public key from kljuc34.key
40174714D4780000:error:1608010C:STORE routines:ossl_store_handle_load_result:unsupported:../crypto/store/store_result.c:151:
Could not read public key from kljuc35.key
40979E729D700000:error:1608010C:STORE routines:ossl_store_handle_load_result:unsupported:../crypto/store/store_result.c:151:
Could not read public key from kljuc36.key
40A7FBCA02740000:error:1608010C:STORE routines:ossl_store_handle_load_result:unsupported:../crypto/store/store_result.c:151:
Could not read public key from kljuc37.key
40B7EA648F720000:error:1608010C:STORE routines:ossl_store_handle_load_result:unsupported:../crypto/store/store_result.c:151:
Could not read public key from kljuc38.key
4087FD9503740000:error:1608010C:STORE routines:ossl_store_handle_load_result:unsupported:../crypto/store/store_result.c:151:
Could not read public key from kljuc39.key
40B7D0772C750000:error:1608010C:STORE routines:ossl_store_handle_load_result:unsupported:../crypto/store/store_result.c:151:
Could not read public key from kljuc3.key
4037C460A2710000:error:1608010C:STORE routines:ossl_store_handle_load_result:unsupported:../crypto/store/store_result.c:151:
Could not read public key from kljuc40.key
4097A87021790000:error:1608010C:STORE routines:ossl_store_handle_load_result:unsupported:../crypto/store/store_result.c:151:
Could not read public key from kljuc41.key
40379C7D10740000:error:1608010C:STORE routines:ossl_store_handle_load_result:unsupported:../crypto/store/store_result.c:151:
Could not read public key from kljuc42.key
40B7FF32B07D0000:error:1608010C:STORE routines:ossl_store_handle_load_result:unsupported:../crypto/store/store_result.c:151:
Could not read public key from kljuc43.key
408704A96F790000:error:1608010C:STORE routines:ossl_store_handle_load_result:unsupported:../crypto/store/store_result.c:151:
Could not read public key from kljuc44.key
40473962D3740000:error:1608010C:STORE routines:ossl_store_handle_load_result:unsupported:../crypto/store/store_result.c:151:
Could not read public key from kljuc45.key
40A7B2E2C6720000:error:1608010C:STORE routines:ossl_store_handle_load_result:unsupported:../crypto/store/store_result.c:151:
Could not read public key from kljuc46.key
4087012D30780000:error:1608010C:STORE routines:ossl_store_handle_load_result:unsupported:../crypto/store/store_result.c:151:
Could not read public key from kljuc47.key
4047061C4B750000:error:1608010C:STORE routines:ossl_store_handle_load_result:unsupported:../crypto/store/store_result.c:151:
Could not read public key from kljuc48.key
40E7544944780000:error:1608010C:STORE routines:ossl_store_handle_load_result:unsupported:../crypto/store/store_result.c:151:
Could not read public key from kljuc49.key
40F7983C11790000:error:1608010C:STORE routines:ossl_store_handle_load_result:unsupported:../crypto/store/store_result.c:151:
Could not read public key from kljuc4.key
4007762385750000:error:1608010C:STORE routines:ossl_store_handle_load_result:unsupported:../crypto/store/store_result.c:151:
Could not read public key from kljuc50.key
40075B20D5770000:error:1608010C:STORE routines:ossl_store_handle_load_result:unsupported:../crypto/store/store_result.c:151:
Could not read public key from kljuc5.key
40D71F88E8780000:error:1608010C:STORE routines:ossl_store_handle_load_result:unsupported:../crypto/store/store_result.c:151:
Could not read public key from kljuc6.key
4027D3E97B7B0000:error:1608010C:STORE routines:ossl_store_handle_load_result:unsupported:../crypto/store/store_result.c:151:
Could not read public key from kljuc7.key
4047180126740000:error:1608010C:STORE routines:ossl_store_handle_load_result:unsupported:../crypto/store/store_result.c:151:
Could not read public key from kljuc8.key
40675BBD35700000:error:1608010C:STORE routines:ossl_store_handle_load_result:unsupported:../crypto/store/store_result.c:151:
Could not read public key from kljuc9.key
4007B6E070780000:error:1608010C:STORE routines:ossl_store_handle_load_result:unsupported:../crypto/store/store_result.c:151:
Could not read public key from kljuc10.key
4097F7FBF87B0000:error:1608010C:STORE routines:ossl_store_handle_load_result:unsupported:../crypto/store/store_result.c:151:
Could not read public key from kljuc11.key
40E7975726760000:error:1608010C:STORE routines:ossl_store_handle_load_result:unsupported:../crypto/store/store_result.c:151:
Could not read public key from kljuc12.key
40A7E3BFDF7A0000:error:1608010C:STORE routines:ossl_store_handle_load_result:unsupported:../crypto/store/store_result.c:151:
Could not read public key from kljuc13.key
40D784E8BE700000:error:1608010C:STORE routines:ossl_store_handle_load_result:unsupported:../crypto/store/store_result.c:151:
Could not read public key from kljuc14.key
406750D8A67B0000:error:1608010C:STORE routines:ossl_store_handle_load_result:unsupported:../crypto/store/store_result.c:151:
Could not read public key from kljuc15.key
40472AD76A790000:error:1608010C:STORE routines:ossl_store_handle_load_result:unsupported:../crypto/store/store_result.c:151:
Could not read public key from kljuc16.key
40E7032126780000:error:1608010C:STORE routines:ossl_store_handle_load_result:unsupported:../crypto/store/store_result.c:151:
Could not read public key from kljuc17.key
403794A615760000:error:1608010C:STORE routines:ossl_store_handle_load_result:unsupported:../crypto/store/store_result.c:151:
Could not read public key from kljuc18.key
40E78121687C0000:error:1608010C:STORE routines:ossl_store_handle_load_result:unsupported:../crypto/store/store_result.c:151:
Could not read public key from kljuc19.key
40A79EEEA5740000:error:1608010C:STORE routines:ossl_store_handle_load_result:unsupported:../crypto/store/store_result.c:151:
Could not read public key from kljuc1.key
40975C8A01780000:error:1608010C:STORE routines:ossl_store_handle_load_result:unsupported:../crypto/store/store_result.c:151:
Could not read public key from kljuc20.key
40E748E8EE7D0000:error:1608010C:STORE routines:ossl_store_handle_load_result:unsupported:../crypto/store/store_result.c:151:
Could not read public key from kljuc21.key
40C7D5ED01740000:error:1608010C:STORE routines:ossl_store_handle_load_result:unsupported:../crypto/store/store_result.c:151:
Could not read public key from kljuc22.key
40D72363AA7A0000:error:1608010C:STORE routines:ossl_store_handle_load_result:unsupported:../crypto/store/store_result.c:151:
Could not read public key from kljuc23.key
40A7DDFBE0740000:error:1608010C:STORE routines:ossl_store_handle_load_result:unsupported:../crypto/store/store_result.c:151:
Could not read public key from kljuc24.key
40A73DFA89740000:error:1608010C:STORE routines:ossl_store_handle_load_result:unsupported:../crypto/store/store_result.c:151:
Could not read public key from kljuc25.key
405774BE287F0000:error:1608010C:STORE routines:ossl_store_handle_load_result:unsupported:../crypto/store/store_result.c:151:
Could not read public key from kljuc26.key
408753B9007C0000:error:1608010C:STORE routines:ossl_store_handle_load_result:unsupported:../crypto/store/store_result.c:151:
Could not read public key from kljuc27.key
4077D8BB66750000:error:1608010C:STORE routines:ossl_store_handle_load_result:unsupported:../crypto/store/store_result.c:151:
Could not read public key from kljuc28.key
40D7C96FB0710000:error:1608010C:STORE routines:ossl_store_handle_load_result:unsupported:../crypto/store/store_result.c:151:
Could not read public key from kljuc29.key
40C7BAE0407F0000:error:1608010C:STORE routines:ossl_store_handle_load_result:unsupported:../crypto/store/store_result.c:151:
Could not read public key from kljuc2.key
40E7A94DC2740000:error:1608010C:STORE routines:ossl_store_handle_load_result:unsupported:../crypto/store/store_result.c:151:
Could not read public key from kljuc30.key
4007876710730000:error:1608010C:STORE routines:ossl_store_handle_load_result:unsupported:../crypto/store/store_result.c:151:
Could not read public key from kljuc31.key
40F7045CCE740000:error:1608010C:STORE routines:ossl_store_handle_load_result:unsupported:../crypto/store/store_result.c:151:
Could not read public key from kljuc32.key
40E75D987A7D0000:error:1608010C:STORE routines:ossl_store_handle_load_result:unsupported:../crypto/store/store_result.c:151:
Could not read public key from kljuc33.key
40571847D8730000:error:1608010C:STORE routines:ossl_store_handle_load_result:unsupported:../crypto/store/store_result.c:151:
Could not read public key from kljuc34.key
4007FBBE0C730000:error:1608010C:STORE routines:ossl_store_handle_load_result:unsupported:../crypto/store/store_result.c:151:
Could not read public key from kljuc35.key
4037626FCB7B0000:error:1608010C:STORE routines:ossl_store_handle_load_result:unsupported:../crypto/store/store_result.c:151:
Could not read public key from kljuc36.key
40B7A3B1817B0000:error:1608010C:STORE routines:ossl_store_handle_load_result:unsupported:../crypto/store/store_result.c:151:
Could not read public key from kljuc37.key
40675CC25B700000:error:1608010C:STORE routines:ossl_store_handle_load_result:unsupported:../crypto/store/store_result.c:151:
Could not read public key from kljuc38.key
40072D75C0720000:error:1608010C:STORE routines:ossl_store_handle_load_result:unsupported:../crypto/store/store_result.c:151:
Could not read public key from kljuc39.key
4057941451700000:error:1608010C:STORE routines:ossl_store_handle_load_result:unsupported:../crypto/store/store_result.c:151:
Could not read public key from kljuc3.key
406734255D7A0000:error:1608010C:STORE routines:ossl_store_handle_load_result:unsupported:../crypto/store/store_result.c:151:
Could not read public key from kljuc40.key
4017285B15700000:error:1608010C:STORE routines:ossl_store_handle_load_result:unsupported:../crypto/store/store_result.c:151:
Could not read public key from kljuc41.key
40578BFA407E0000:error:1608010C:STORE routines:ossl_store_handle_load_result:unsupported:../crypto/store/store_result.c:151:
Could not read public key from kljuc42.key
40F7ABB0ED7A0000:error:1608010C:STORE routines:ossl_store_handle_load_result:unsupported:../crypto/store/store_result.c:151:
Could not read public key from kljuc43.key
40A7273093700000:error:1608010C:STORE routines:ossl_store_handle_load_result:unsupported:../crypto/store/store_result.c:151:
Could not read public key from kljuc44.key
4057AA39CC780000:error:1608010C:STORE routines:ossl_store_handle_load_result:unsupported:../crypto/store/store_result.c:151:
Could not read public key from kljuc45.key
40D73F2CBA740000:error:1608010C:STORE routines:ossl_store_handle_load_result:unsupported:../crypto/store/store_result.c:151:
Could not read public key from kljuc46.key
408750F4C17E0000:error:1608010C:STORE routines:ossl_store_handle_load_result:unsupported:../crypto/store/store_result.c:151:
Could not read public key from kljuc47.key
40F72A497C760000:error:1608010C:STORE routines:ossl_store_handle_load_result:unsupported:../crypto/store/store_result.c:151:
Could not read public key from kljuc48.key
40771634CD7A0000:error:1608010C:STORE routines:ossl_store_handle_load_result:unsupported:../crypto/store/store_result.c:151:
Could not read public key from kljuc49.key
4057CD42E1730000:error:1608010C:STORE routines:ossl_store_handle_load_result:unsupported:../crypto/store/store_result.c:151:
Could not read public key from kljuc4.key
40A7B5507D7E0000:error:1608010C:STORE routines:ossl_store_handle_load_result:unsupported:../crypto/store/store_result.c:151:
Could not read public key from kljuc50.key
40B75FC9BD750000:error:1608010C:STORE routines:ossl_store_handle_load_result:unsupported:../crypto/store/store_result.c:151:
Could not read public key from kljuc5.key
40B72624A9760000:error:1608010C:STORE routines:ossl_store_handle_load_result:unsupported:../crypto/store/store_result.c:151:
Could not read public key from kljuc6.key
40875215B17C0000:error:1608010C:STORE routines:ossl_store_handle_load_result:unsupported:../crypto/store/store_result.c:151:
Could not read public key from kljuc7.key
40872B1519780000:error:1608010C:STORE routines:ossl_store_handle_load_result:unsupported:../crypto/store/store_result.c:151:
Could not read public key from kljuc8.key
402721BF8A7C0000:error:1608010C:STORE routines:ossl_store_handle_load_result:unsupported:../crypto/store/store_result.c:151:
Could not read public key from kljuc9.key
40E7798744710000:error:1608010C:STORE routines:ossl_store_handle_load_result:unsupported:../crypto/store/store_result.c:151:
Could not read public key from kljuc10.key
40F78EAA8F770000:error:1608010C:STORE routines:ossl_store_handle_load_result:unsupported:../crypto/store/store_result.c:151:
Could not read public key from kljuc11.key
4007C45975720000:error:1608010C:STORE routines:ossl_store_handle_load_result:unsupported:../crypto/store/store_result.c:151:
Could not read public key from kljuc12.key
4007FFE59C770000:error:1608010C:STORE routines:ossl_store_handle_load_result:unsupported:../crypto/store/store_result.c:151:
Could not read public key from kljuc13.key
40C73C41B1760000:error:1608010C:STORE routines:ossl_store_handle_load_result:unsupported:../crypto/store/store_result.c:151:
Could not read public key from kljuc14.key
40C7C0148E7E0000:error:1608010C:STORE routines:ossl_store_handle_load_result:unsupported:../crypto/store/store_result.c:151:
Could not read public key from kljuc15.key
40271ABA397F0000:error:1608010C:STORE routines:ossl_store_handle_load_result:unsupported:../crypto/store/store_result.c:151:
Could not read public key from kljuc16.key
40474876B47A0000:error:1608010C:STORE routines:ossl_store_handle_load_result:unsupported:../crypto/store/store_result.c:151:
Could not read public key from kljuc17.key
4067BDE501790000:error:1608010C:STORE routines:ossl_store_handle_load_result:unsupported:../crypto/store/store_result.c:151:
Could not read public key from kljuc18.key
40A7BC5A727F0000:error:1608010C:STORE routines:ossl_store_handle_load_result:unsupported:../crypto/store/store_result.c:151:
Could not read public key from kljuc19.key
4057BA3663750000:error:1608010C:STORE routines:ossl_store_handle_load_result:unsupported:../crypto/store/store_result.c:151:
Could not read public key from kljuc1.key
4047BD6E1A7A0000:error:1608010C:STORE routines:ossl_store_handle_load_result:unsupported:../crypto/store/store_result.c:151:
Could not read public key from kljuc20.key
4077067BD9770000:error:1608010C:STORE routines:ossl_store_handle_load_result:unsupported:../crypto/store/store_result.c:151:
Could not read public key from kljuc21.key
4027B3B5C67B0000:error:1608010C:STORE routines:ossl_store_handle_load_result:unsupported:../crypto/store/store_result.c:151:
Could not read public key from kljuc22.key
40D72D9AF27D0000:error:1608010C:STORE routines:ossl_store_handle_load_result:unsupported:../crypto/store/store_result.c:151:
Could not read public key from kljuc23.key
4037B4718C730000:error:1608010C:STORE routines:ossl_store_handle_load_result:unsupported:../crypto/store/store_result.c:151:
Could not read public key from kljuc24.key
40579FF8FB7F0000:error:1608010C:STORE routines:ossl_store_handle_load_result:unsupported:../crypto/store/store_result.c:151:
Could not read public key from kljuc25.key
40C7A20333760000:error:1608010C:STORE routines:ossl_store_handle_load_result:unsupported:../crypto/store/store_result.c:151:
Could not read public key from kljuc26.key
40378C5338780000:error:1608010C:STORE routines:ossl_store_handle_load_result:unsupported:../crypto/store/store_result.c:151:
Could not read public key from kljuc27.key
40D79333A8790000:error:1608010C:STORE routines:ossl_store_handle_load_result:unsupported:../crypto/store/store_result.c:151:
Could not read public key from kljuc28.key
400738BAC6740000:error:1608010C:STORE routines:ossl_store_handle_load_result:unsupported:../crypto/store/store_result.c:151:
Could not read public key from kljuc29.key
40D799623E7A0000:error:1608010C:STORE routines:ossl_store_handle_load_result:unsupported:../crypto/store/store_result.c:151:
Could not read public key from kljuc2.key
4007FB9307730000:error:1608010C:STORE routines:ossl_store_handle_load_result:unsupported:../crypto/store/store_result.c:151:
Could not read public key from kljuc30.key
40F7C4143A780000:error:1608010C:STORE routines:ossl_store_handle_load_result:unsupported:../crypto/store/store_result.c:151:
Could not read public key from kljuc31.key
4057BCDF0A760000:error:1608010C:STORE routines:ossl_store_handle_load_result:unsupported:../crypto/store/store_result.c:151:
Could not read public key from kljuc32.key
4017DF272D730000:error:1608010C:STORE routines:ossl_store_handle_load_result:unsupported:../crypto/store/store_result.c:151:
Could not read public key from kljuc33.key
4067006C0B7F0000:error:1608010C:STORE routines:ossl_store_handle_load_result:unsupported:../crypto/store/store_result.c:151:
Could not read public key from kljuc34.key
40771D78E2710000:error:1608010C:STORE routines:ossl_store_handle_load_result:unsupported:../crypto/store/store_result.c:151:
Could not read public key from kljuc35.key
40D7F2AA37750000:error:1608010C:STORE routines:ossl_store_handle_load_result:unsupported:../crypto/store/store_result.c:151:
Could not read public key from kljuc36.key
4057B096CB7E0000:error:1608010C:STORE routines:ossl_store_handle_load_result:unsupported:../crypto/store/store_result.c:151:
Could not read public key from kljuc37.key
40A76B8B387E0000:error:1608010C:STORE routines:ossl_store_handle_load_result:unsupported:../crypto/store/store_result.c:151:
Could not read public key from kljuc38.key
40B7C4C1687E0000:error:1608010C:STORE routines:ossl_store_handle_load_result:unsupported:../crypto/store/store_result.c:151:
Could not read public key from kljuc39.key
40C731EDBC700000:error:1608010C:STORE routines:ossl_store_handle_load_result:unsupported:../crypto/store/store_result.c:151:
Could not read public key from kljuc3.key
40F7393FC2720000:error:1608010C:STORE routines:ossl_store_handle_load_result:unsupported:../crypto/store/store_result.c:151:
Could not read public key from kljuc40.key
40B7260FBB730000:error:1608010C:STORE routines:ossl_store_handle_load_result:unsupported:../crypto/store/store_result.c:151:
Could not read public key from kljuc41.key
40F7FD97ED7C0000:error:1608010C:STORE routines:ossl_store_handle_load_result:unsupported:../crypto/store/store_result.c:151:
Could not read public key from kljuc42.key
40770AADE77E0000:error:1608010C:STORE routines:ossl_store_handle_load_result:unsupported:../crypto/store/store_result.c:151:
Could not read public key from kljuc43.key
40571C704D7B0000:error:1608010C:STORE routines:ossl_store_handle_load_result:unsupported:../crypto/store/store_result.c:151:
Could not read public key from kljuc44.key
4057B67A057F0000:error:1608010C:STORE routines:ossl_store_handle_load_result:unsupported:../crypto/store/store_result.c:151:
Could not read public key from kljuc45.key
40376A5560780000:error:1608010C:STORE routines:ossl_store_handle_load_result:unsupported:../crypto/store/store_result.c:151:
Could not read public key from kljuc46.key
4087E703A2780000:error:1608010C:STORE routines:ossl_store_handle_load_result:unsupported:../crypto/store/store_result.c:151:
Could not read public key from kljuc47.key
4047498813700000:error:1608010C:STORE routines:ossl_store_handle_load_result:unsupported:../crypto/store/store_result.c:151:
Could not read public key from kljuc48.key
409764928C790000:error:1608010C:STORE routines:ossl_store_handle_load_result:unsupported:../crypto/store/store_result.c:151:
Could not read public key from kljuc49.key
40C72309C4700000:error:1608010C:STORE routines:ossl_store_handle_load_result:unsupported:../crypto/store/store_result.c:151:
Could not read public key from kljuc4.key
40C71465EA700000:error:1608010C:STORE routines:ossl_store_handle_load_result:unsupported:../crypto/store/store_result.c:151:
Could not read public key from kljuc50.key
40D707F0C6710000:error:1608010C:STORE routines:ossl_store_handle_load_result:unsupported:../crypto/store/store_result.c:151:
Could not read public key from kljuc5.key
4087F97AB1730000:error:1608010C:STORE routines:ossl_store_handle_load_result:unsupported:../crypto/store/store_result.c:151:
Could not read public key from kljuc6.key
4087C4FDCE770000:error:1608010C:STORE routines:ossl_store_handle_load_result:unsupported:../crypto/store/store_result.c:151:
Could not read public key from kljuc7.key
40175C0D74790000:error:1608010C:STORE routines:ossl_store_handle_load_result:unsupported:../crypto/store/store_result.c:151:
Could not read public key from kljuc8.key
4047A0BABA750000:error:1608010C:STORE routines:ossl_store_handle_load_result:unsupported:../crypto/store/store_result.c:151:
Could not read public key from kljuc9.key
40D72FF5497A0000:error:1608010C:STORE routines:ossl_store_handle_load_result:unsupported:../crypto/store/store_result.c:151:
Could not read public key from kljuc10.key
40D7F9C0067D0000:error:1608010C:STORE routines:ossl_store_handle_load_result:unsupported:../crypto/store/store_result.c:151:
Could not read public key from kljuc11.key
409744F3087C0000:error:1608010C:STORE routines:ossl_store_handle_load_result:unsupported:../crypto/store/store_result.c:151:
Could not read public key from kljuc12.key
40579405EA7C0000:error:1608010C:STORE routines:ossl_store_handle_load_result:unsupported:../crypto/store/store_result.c:151:
Could not read public key from kljuc13.key
40878DD79D740000:error:1608010C:STORE routines:ossl_store_handle_load_result:unsupported:../crypto/store/store_result.c:151:
Could not read public key from kljuc14.key
4067B4E6BE7B0000:error:1608010C:STORE routines:ossl_store_handle_load_result:unsupported:../crypto/store/store_result.c:151:
Could not read public key from kljuc15.key
4027A0D608780000:error:1608010C:STORE routines:ossl_store_handle_load_result:unsupported:../crypto/store/store_result.c:151:
Could not read public key from kljuc16.key
40D7D3345D750000:error:1608010C:STORE routines:ossl_store_handle_load_result:unsupported:../crypto/store/store_result.c:151:
Could not read public key from kljuc17.key
4007EF0801790000:error:1608010C:STORE routines:ossl_store_handle_load_result:unsupported:../crypto/store/store_result.c:151:
Could not read public key from kljuc18.key
40775DD957700000:error:1608010C:STORE routines:ossl_store_handle_load_result:unsupported:../crypto/store/store_result.c:151:
Could not read public key from kljuc19.key
40B7369DE2740000:error:1608010C:STORE routines:ossl_store_handle_load_result:unsupported:../crypto/store/store_result.c:151:
Could not read public key from kljuc1.key
4067DC3CA9700000:error:1608010C:STORE routines:ossl_store_handle_load_result:unsupported:../crypto/store/store_result.c:151:
Could not read public key from kljuc20.key
40D7031BA77E0000:error:1608010C:STORE routines:ossl_store_handle_load_result:unsupported:../crypto/store/store_result.c:151:
Could not read public key from kljuc21.key
40671C21F5780000:error:1608010C:STORE routines:ossl_store_handle_load_result:unsupported:../crypto/store/store_result.c:151:
Could not read public key from kljuc22.key
409729A3A0720000:error:1608010C:STORE routines:ossl_store_handle_load_result:unsupported:../crypto/store/store_result.c:151:
Could not read public key from kljuc23.key
40D717D680760000:error:1608010C:STORE routines:ossl_store_handle_load_result:unsupported:../crypto/store/store_result.c:151:
Could not read public key from kljuc24.key
4077A6BC48790000:error:1608010C:STORE routines:ossl_store_handle_load_result:unsupported:../crypto/store/store_result.c:151:
Could not read public key from kljuc25.key
405789AC7C7A0000:error:1608010C:STORE routines:ossl_store_handle_load_result:unsupported:../crypto/store/store_result.c:151:
Could not read public key from kljuc26.key
4047ED7A39710000:error:1608010C:STORE routines:ossl_store_handle_load_result:unsupported:../crypto/store/store_result.c:151:
Could not read public key from kljuc27.key
40F7C2F7057F0000:error:1608010C:STORE routines:ossl_store_handle_load_result:unsupported:../crypto/store/store_result.c:151:
Could not read public key from kljuc28.key
40B7FB8AE6760000:error:1608010C:STORE routines:ossl_store_handle_load_result:unsupported:../crypto/store/store_result.c:151:
Could not read public key from kljuc29.key
40872B4155780000:error:1608010C:STORE routines:ossl_store_handle_load_result:unsupported:../crypto/store/store_result.c:151:
Could not read public key from kljuc2.key
40D737F08D750000:error:1608010C:STORE routines:ossl_store_handle_load_result:unsupported:../crypto/store/store_result.c:151:
Could not read public key from kljuc30.key
40D78AEC057C0000:error:1608010C:STORE routines:ossl_store_handle_load_result:unsupported:../crypto/store/store_result.c:151:
Could not read public key from kljuc31.key
4037F815927C0000:error:1608010C:STORE routines:ossl_store_handle_load_result:unsupported:../crypto/store/store_result.c:151:
Could not read public key from kljuc32.key
40C7C27A3B780000:error:1608010C:STORE routines:ossl_store_handle_load_result:unsupported:../crypto/store/store_result.c:151:
Could not read public key from kljuc33.key
40F711876E700000:error:1608010C:STORE routines:ossl_store_handle_load_result:unsupported:../crypto/store/store_result.c:151:
Could not read public key from kljuc34.key
4037E94A4A720000:error:1608010C:STORE routines:ossl_store_handle_load_result:unsupported:../crypto/store/store_result.c:151:
Could not read public key from kljuc35.key
40673C788C730000:error:1608010C:STORE routines:ossl_store_handle_load_result:unsupported:../crypto/store/store_result.c:151:
Could not read public key from kljuc36.key
40371F0BF2750000:error:1608010C:STORE routines:ossl_store_handle_load_result:unsupported:../crypto/store/store_result.c:151:
Could not read public key from kljuc37.key
40C710D367780000:error:1608010C:STORE routines:ossl_store_handle_load_result:unsupported:../crypto/store/store_result.c:151:
Could not read public key from kljuc38.key
40A730E50F710000:error:1608010C:STORE routines:ossl_store_handle_load_result:unsupported:../crypto/store/store_result.c:151:
Could not read public key from kljuc39.key
40E7FC3681760000:error:1608010C:STORE routines:ossl_store_handle_load_result:unsupported:../crypto/store/store_result.c:151:
Could not read public key from kljuc3.key
4037C113247C0000:error:1608010C:STORE routines:ossl_store_handle_load_result:unsupported:../crypto/store/store_result.c:151:
Could not read public key from kljuc40.key
40170513F0710000:error:1608010C:STORE routines:ossl_store_handle_load_result:unsupported:../crypto/store/store_result.c:151:
Could not read public key from kljuc41.key
40E7F5C44A760000:error:1608010C:STORE routines:ossl_store_handle_load_result:unsupported:../crypto/store/store_result.c:151:
Could not read public key from kljuc42.key
40C78CF1AA790000:error:1608010C:STORE routines:ossl_store_handle_load_result:unsupported:../crypto/store/store_result.c:151:
Could not read public key from kljuc43.key
400727D732760000:error:1608010C:STORE routines:ossl_store_handle_load_result:unsupported:../crypto/store/store_result.c:151:
Could not read public key from kljuc44.key
4017D9675A7E0000:error:1608010C:STORE routines:ossl_store_handle_load_result:unsupported:../crypto/store/store_result.c:151:
Could not read public key from kljuc45.key
4087F186B4760000:error:1608010C:STORE routines:ossl_store_handle_load_result:unsupported:../crypto/store/store_result.c:151:
Could not read public key from kljuc46.key
40E7DAF29C7B0000:error:1608010C:STORE routines:ossl_store_handle_load_result:unsupported:../crypto/store/store_result.c:151:
Could not read public key from kljuc47.key
400733EEAF7E0000:error:1608010C:STORE routines:ossl_store_handle_load_result:unsupported:../crypto/store/store_result.c:151:
Could not read public key from kljuc48.key
40C7EAAC2A700000:error:1608010C:STORE routines:ossl_store_handle_load_result:unsupported:../crypto/store/store_result.c:151:
Could not read public key from kljuc49.key
40A7336D9C740000:error:1608010C:STORE routines:ossl_store_handle_load_result:unsupported:../crypto/store/store_result.c:151:
Could not read public key from kljuc4.key
40E750C16A710000:error:1608010C:STORE routines:ossl_store_handle_load_result:unsupported:../crypto/store/store_result.c:151:
Could not read public key from kljuc50.key
4047B2B3C9720000:error:1608010C:STORE routines:ossl_store_handle_load_result:unsupported:../crypto/store/store_result.c:151:
Could not read public key from kljuc5.key
40973827027E0000:error:1608010C:STORE routines:ossl_store_handle_load_result:unsupported:../crypto/store/store_result.c:151:
Could not read public key from kljuc6.key
40B777239C7C0000:error:1608010C:STORE routines:ossl_store_handle_load_result:unsupported:../crypto/store/store_result.c:151:
Could not read public key from kljuc7.key
4097944C2B740000:error:1608010C:STORE routines:ossl_store_handle_load_result:unsupported:../crypto/store/store_result.c:151:
Could not read public key from kljuc8.key
40E7CB72AC700000:error:1608010C:STORE routines:ossl_store_handle_load_result:unsupported:../crypto/store/store_result.c:151:
Could not read public key from kljuc9.key
40D717455F790000:error:1608010C:STORE routines:ossl_store_handle_load_result:unsupported:../crypto/store/store_result.c:151:
Could not read public key from kljuc10.key
40C7808E18710000:error:1608010C:STORE routines:ossl_store_handle_load_result:unsupported:../crypto/store/store_result.c:151:
Could not read public key from kljuc11.key
40476608027A0000:error:1608010C:STORE routines:ossl_store_handle_load_result:unsupported:../crypto/store/store_result.c:151:
Could not read public key from kljuc12.key
40277DA7AD710000:error:1608010C:STORE routines:ossl_store_handle_load_result:unsupported:../crypto/store/store_result.c:151:
Could not read public key from kljuc13.key
403775B9777F0000:error:1608010C:STORE routines:ossl_store_handle_load_result:unsupported:../crypto/store/store_result.c:151:
Could not read public key from kljuc14.key
40076C93BB760000:error:1608010C:STORE routines:ossl_store_handle_load_result:unsupported:../crypto/store/store_result.c:151:
Could not read public key from kljuc15.key
4047F4FC5A7D0000:error:1608010C:STORE routines:ossl_store_handle_load_result:unsupported:../crypto/store/store_result.c:151:
Could not read public key from kljuc16.key
4037E33F59770000:error:1608010C:STORE routines:ossl_store_handle_load_result:unsupported:../crypto/store/store_result.c:151:
Could not read public key from kljuc17.key
4047B9443C720000:error:1608010C:STORE routines:ossl_store_handle_load_result:unsupported:../crypto/store/store_result.c:151:
Could not read public key from kljuc18.key
406701EDFB720000:error:1608010C:STORE routines:ossl_store_handle_load_result:unsupported:../crypto/store/store_result.c:151:
Could not read public key from kljuc19.key
4037A390A2750000:error:1608010C:STORE routines:ossl_store_handle_load_result:unsupported:../crypto/store/store_result.c:151:
Could not read public key from kljuc1.key
4077E3E0FA7C0000:error:1608010C:STORE routines:ossl_store_handle_load_result:unsupported:../crypto/store/store_result.c:151:
Could not read public key from kljuc20.key
403789A1B27C0000:error:1608010C:STORE routines:ossl_store_handle_load_result:unsupported:../crypto/store/store_result.c:151:
Could not read public key from kljuc21.key
40F75EFC4C720000:error:1608010C:STORE routines:ossl_store_handle_load_result:unsupported:../crypto/store/store_result.c:151:
Could not read public key from kljuc22.key
40E79FB09B7D0000:error:1608010C:STORE routines:ossl_store_handle_load_result:unsupported:../crypto/store/store_result.c:151:
Could not read public key from kljuc23.key
400793ED8B700000:error:1608010C:STORE routines:ossl_store_handle_load_result:unsupported:../crypto/store/store_result.c:151:
Could not read public key from kljuc24.key
4077068396730000:error:1608010C:STORE routines:ossl_store_handle_load_result:unsupported:../crypto/store/store_result.c:151:
Could not read public key from kljuc25.key
4097158213730000:error:1608010C:STORE routines:ossl_store_handle_load_result:unsupported:../crypto/store/store_result.c:151:
Could not read public key from kljuc26.key
40D7373B33740000:error:1608010C:STORE routines:ossl_store_handle_load_result:unsupported:../crypto/store/store_result.c:151:
Could not read public key from kljuc27.key
40E75039F1700000:error:1608010C:STORE routines:ossl_store_handle_load_result:unsupported:../crypto/store/store_result.c:151:
Could not read public key from kljuc28.key
4097E6803C7C0000:error:1608010C:STORE routines:ossl_store_handle_load_result:unsupported:../crypto/store/store_result.c:151:
Could not read public key from kljuc29.key
4027135C1B7A0000:error:1608010C:STORE routines:ossl_store_handle_load_result:unsupported:../crypto/store/store_result.c:151:
Could not read public key from kljuc2.key
40F71045887A0000:error:1608010C:STORE routines:ossl_store_handle_load_result:unsupported:../crypto/store/store_result.c:151:
Could not read public key from kljuc30.key
4037AA25A0720000:error:1608010C:STORE routines:ossl_store_handle_load_result:unsupported:../crypto/store/store_result.c:151:
Could not read public key from kljuc31.key
40A70E1F54700000:error:1608010C:STORE routines:ossl_store_handle_load_result:unsupported:../crypto/store/store_result.c:151:
Could not read public key from kljuc32.key
4067DBE38A780000:error:1608010C:STORE routines:ossl_store_handle_load_result:unsupported:../crypto/store/store_result.c:151:
Could not read public key from kljuc33.key
40771E88A07F0000:error:1608010C:STORE routines:ossl_store_handle_load_result:unsupported:../crypto/store/store_result.c:151:
Could not read public key from kljuc34.key
40F7D56E68740000:error:1608010C:STORE routines:ossl_store_handle_load_result:unsupported:../crypto/store/store_result.c:151:
Could not read public key from kljuc35.key
40C7E1819E7C0000:error:1608010C:STORE routines:ossl_store_handle_load_result:unsupported:../crypto/store/store_result.c:151:
Could not read public key from kljuc36.key
4017050334760000:error:1608010C:STORE routines:ossl_store_handle_load_result:unsupported:../crypto/store/store_result.c:151:
Could not read public key from kljuc37.key
40D7CC96597B0000:error:1608010C:STORE routines:ossl_store_handle_load_result:unsupported:../crypto/store/store_result.c:151:
Could not read public key from kljuc38.key
40D779CF03740000:error:1608010C:STORE routines:ossl_store_handle_load_result:unsupported:../crypto/store/store_result.c:151:
Could not read public key from kljuc39.key
40A71D8577700000:error:1608010C:STORE routines:ossl_store_handle_load_result:unsupported:../crypto/store/store_result.c:151:
Could not read public key from kljuc3.key
4047C9945A760000:error:1608010C:STORE routines:ossl_store_handle_load_result:unsupported:../crypto/store/store_result.c:151:
Could not read public key from kljuc40.key
40F7CE1F2F7A0000:error:1608010C:STORE routines:ossl_store_handle_load_result:unsupported:../crypto/store/store_result.c:151:
Could not read public key from kljuc41.key
40C7812F79710000:error:1608010C:STORE routines:ossl_store_handle_load_result:unsupported:../crypto/store/store_result.c:151:
Could not read public key from kljuc42.key
40577AC8E17A0000:error:1608010C:STORE routines:ossl_store_handle_load_result:unsupported:../crypto/store/store_result.c:151:
Could not read public key from kljuc43.key
40A79ECE13710000:error:1608010C:STORE routines:ossl_store_handle_load_result:unsupported:../crypto/store/store_result.c:151:
Could not read public key from kljuc44.key
4017D4F549750000:error:1608010C:STORE routines:ossl_store_handle_load_result:unsupported:../crypto/store/store_result.c:151:
Could not read public key from kljuc45.key
403778B5C2780000:error:1608010C:STORE routines:ossl_store_handle_load_result:unsupported:../crypto/store/store_result.c:151:
Could not read public key from kljuc46.key
40277ED4EB760000:error:1608010C:STORE routines:ossl_store_handle_load_result:unsupported:../crypto/store/store_result.c:151:
Could not read public key from kljuc47.key
4007D7E2767E0000:error:1608010C:STORE routines:ossl_store_handle_load_result:unsupported:../crypto/store/store_result.c:151:
Could not read public key from kljuc48.key
4067EC8A08730000:error:1608010C:STORE routines:ossl_store_handle_load_result:unsupported:../crypto/store/store_result.c:151:
Could not read public key from kljuc49.key
40E7DAE3CB740000:error:1608010C:STORE routines:ossl_store_handle_load_result:unsupported:../crypto/store/store_result.c:151:
Could not read public key from kljuc4.key
40D7452655720000:error:1608010C:STORE routines:ossl_store_handle_load_result:unsupported:../crypto/store/store_result.c:151:
Could not read public key from kljuc50.key
4077C1A0177A0000:error:1608010C:STORE routines:ossl_store_handle_load_result:unsupported:../crypto/store/store_result.c:151:
Could not read public key from kljuc5.key
404735C496700000:error:1608010C:STORE routines:ossl_store_handle_load_result:unsupported:../crypto/store/store_result.c:151:
Could not read public key from kljuc6.key
403746EA947C0000:error:1608010C:STORE routines:ossl_store_handle_load_result:unsupported:../crypto/store/store_result.c:151:
Could not read public key from kljuc7.key
4047D1DDC27C0000:error:1608010C:STORE routines:ossl_store_handle_load_result:unsupported:../crypto/store/store_result.c:151:
Could not read public key from kljuc8.key
40975F9D757C0000:error:1608010C:STORE routines:ossl_store_handle_load_result:unsupported:../crypto/store/store_result.c:151:
Could not read public key from kljuc9.key
40D7BFC7F5760000:error:1608010C:STORE routines:ossl_store_handle_load_result:unsupported:../crypto/store/store_result.c:151:
Could not read public key from kljuc10.key
40E7E17FBF7C0000:error:1608010C:STORE routines:ossl_store_handle_load_result:unsupported:../crypto/store/store_result.c:151:
Could not read public key from kljuc11.key
40470778977E0000:error:1608010C:STORE routines:ossl_store_handle_load_result:unsupported:../crypto/store/store_result.c:151:
Could not read public key from kljuc12.key
4047CEE1CE720000:error:1608010C:STORE routines:ossl_store_handle_load_result:unsupported:../crypto/store/store_result.c:151:
Could not read public key from kljuc13.key
4037EC2CE57A0000:error:1608010C:STORE routines:ossl_store_handle_load_result:unsupported:../crypto/store/store_result.c:151:
Could not read public key from kljuc14.key
40D74ABD7C740000:error:1608010C:STORE routines:ossl_store_handle_load_result:unsupported:../crypto/store/store_result.c:151:
Could not read public key from kljuc15.key
406700A300750000:error:1608010C:STORE routines:ossl_store_handle_load_result:unsupported:../crypto/store/store_result.c:151:
Could not read public key from kljuc16.key
406795FAED7E0000:error:1608010C:STORE routines:ossl_store_handle_load_result:unsupported:../crypto/store/store_result.c:151:
Could not read public key from kljuc17.key
40675C29CA7B0000:error:1608010C:STORE routines:ossl_store_handle_load_result:unsupported:../crypto/store/store_result.c:151:
Could not read public key from kljuc18.key
40B7C2096F700000:error:1608010C:STORE routines:ossl_store_handle_load_result:unsupported:../crypto/store/store_result.c:151:
Could not read public key from kljuc19.key
40D787A2DF7C0000:error:1608010C:STORE routines:ossl_store_handle_load_result:unsupported:../crypto/store/store_result.c:151:
Could not read public key from kljuc1.key
40276873C57C0000:error:1608010C:STORE routines:ossl_store_handle_load_result:unsupported:../crypto/store/store_result.c:151:
Could not read public key from kljuc20.key
4067F7F2D2740000:error:1608010C:STORE routines:ossl_store_handle_load_result:unsupported:../crypto/store/store_result.c:151:
Could not read public key from kljuc21.key
40477036F4710000:error:1608010C:STORE routines:ossl_store_handle_load_result:unsupported:../crypto/store/store_result.c:151:
Could not read public key from kljuc22.key
40478E2353770000:error:1608010C:STORE routines:ossl_store_handle_load_result:unsupported:../crypto/store/store_result.c:151:
Could not read public key from kljuc23.key
40F783955F720000:error:1608010C:STORE routines:ossl_store_handle_load_result:unsupported:../crypto/store/store_result.c:151:
Could not read public key from kljuc24.key
403785181B7E0000:error:1608010C:STORE routines:ossl_store_handle_load_result:unsupported:../crypto/store/store_result.c:151:
Could not read public key from kljuc25.key
40A7DC66E8790000:error:1608010C:STORE routines:ossl_store_handle_load_result:unsupported:../crypto/store/store_result.c:151:
Could not read public key from kljuc26.key
40674C5B0D7B0000:error:1608010C:STORE routines:ossl_store_handle_load_result:unsupported:../crypto/store/store_result.c:151:
Could not read public key from kljuc27.key
40F741E9B17A0000:error:1608010C:STORE routines:ossl_store_handle_load_result:unsupported:../crypto/store/store_result.c:151:
Could not read public key from kljuc28.key
40976B14877A0000:error:1608010C:STORE routines:ossl_store_handle_load_result:unsupported:../crypto/store/store_result.c:151:
Could not read public key from kljuc29.key
40F79E47167C0000:error:1608010C:STORE routines:ossl_store_handle_load_result:unsupported:../crypto/store/store_result.c:151:
Could not read public key from kljuc2.key
40D76F22EA730000:error:1608010C:STORE routines:ossl_store_handle_load_result:unsupported:../crypto/store/store_result.c:151:
Could not read public key from kljuc30.key
40176A2F167E0000:error:1608010C:STORE routines:ossl_store_handle_load_result:unsupported:../crypto/store/store_result.c:151:
Could not read public key from kljuc31.key
40276ADF9E780000:error:1608010C:STORE routines:ossl_store_handle_load_result:unsupported:../crypto/store/store_result.c:151:
Could not read public key from kljuc32.key
403771C5527A0000:error:1608010C:STORE routines:ossl_store_handle_load_result:unsupported:../crypto/store/store_result.c:151:
Could not read public key from kljuc33.key
4077F912D8720000:error:1608010C:STORE routines:ossl_store_handle_load_result:unsupported:../crypto/store/store_result.c:151:
Could not read public key from kljuc34.key
409709E259770000:error:1608010C:STORE routines:ossl_store_handle_load_result:unsupported:../crypto/store/store_result.c:151:
Could not read public key from kljuc35.key
40474C12D2770000:error:1608010C:STORE routines:ossl_store_handle_load_result:unsupported:../crypto/store/store_result.c:151:
Could not read public key from kljuc36.key
4077BFF9997E0000:error:1608010C:STORE routines:ossl_store_handle_load_result:unsupported:../crypto/store/store_result.c:151:
Could not read public key from kljuc37.key
40574640587A0000:error:1608010C:STORE routines:ossl_store_handle_load_result:unsupported:../crypto/store/store_result.c:151:
Could not read public key from kljuc38.key
40473F48017A0000:error:1608010C:STORE routines:ossl_store_handle_load_result:unsupported:../crypto/store/store_result.c:151:
Could not read public key from kljuc39.key
40A7AF294B7C0000:error:1608010C:STORE routines:ossl_store_handle_load_result:unsupported:../crypto/store/store_result.c:151:
Could not read public key from kljuc3.key
40E72D3B2C730000:error:1608010C:STORE routines:ossl_store_handle_load_result:unsupported:../crypto/store/store_result.c:151:
Could not read public key from kljuc40.key
40574E1944750000:error:1608010C:STORE routines:ossl_store_handle_load_result:unsupported:../crypto/store/store_result.c:151:
Could not read public key from kljuc41.key
4037A6E9B8730000:error:1608010C:STORE routines:ossl_store_handle_load_result:unsupported:../crypto/store/store_result.c:151:
Could not read public key from kljuc42.key
40A76CA949730000:error:1608010C:STORE routines:ossl_store_handle_load_result:unsupported:../crypto/store/store_result.c:151:
Could not read public key from kljuc43.key
40471DE3257B0000:error:1608010C:STORE routines:ossl_store_handle_load_result:unsupported:../crypto/store/store_result.c:151:
Could not read public key from kljuc44.key
4057E02B9A7A0000:error:1608010C:STORE routines:ossl_store_handle_load_result:unsupported:../crypto/store/store_result.c:151:
Could not read public key from kljuc45.key
40C7221B557C0000:error:1608010C:STORE routines:ossl_store_handle_load_result:unsupported:../crypto/store/store_result.c:151:
Could not read public key from kljuc46.key
40276CC17F780000:error:1608010C:STORE routines:ossl_store_handle_load_result:unsupported:../crypto/store/store_result.c:151:
Could not read public key from kljuc47.key
402710BC58700000:error:1608010C:STORE routines:ossl_store_handle_load_result:unsupported:../crypto/store/store_result.c:151:
Could not read public key from kljuc48.key
40475ACD577F0000:error:1608010C:STORE routines:ossl_store_handle_load_result:unsupported:../crypto/store/store_result.c:151:
Could not read public key from kljuc49.key
40E74ABEC07D0000:error:1608010C:STORE routines:ossl_store_handle_load_result:unsupported:../crypto/store/store_result.c:151:
Could not read public key from kljuc4.key
4087B704D17D0000:error:1608010C:STORE routines:ossl_store_handle_load_result:unsupported:../crypto/store/store_result.c:151:
Could not read public key from kljuc50.key
40C7701D567A0000:error:1608010C:STORE routines:ossl_store_handle_load_result:unsupported:../crypto/store/store_result.c:151:
Could not read public key from kljuc5.key
4097B0855A770000:error:1608010C:STORE routines:ossl_store_handle_load_result:unsupported:../crypto/store/store_result.c:151:
Could not read public key from kljuc6.key
4027F445697C0000:error:1608010C:STORE routines:ossl_store_handle_load_result:unsupported:../crypto/store/store_result.c:151:
Could not read public key from kljuc7.key
40A7BFBB507A0000:error:1608010C:STORE routines:ossl_store_handle_load_result:unsupported:../crypto/store/store_result.c:151:
Could not read public key from kljuc8.key
40F777BF187C0000:error:1608010C:STORE routines:ossl_store_handle_load_result:unsupported:../crypto/store/store_result.c:151:
Could not read public key from kljuc9.key
4047149B15740000:error:1608010C:STORE routines:ossl_store_handle_load_result:unsupported:../crypto/store/store_result.c:151:
Could not read public key from kljuc10.key
40D72ECFF2790000:error:1608010C:STORE routines:ossl_store_handle_load_result:unsupported:../crypto/store/store_result.c:151:
Could not read public key from kljuc11.key
40B7A4F9C7750000:error:1608010C:STORE routines:ossl_store_handle_load_result:unsupported:../crypto/store/store_result.c:151:
Could not read public key from kljuc12.key
4007F989C1780000:error:1608010C:STORE routines:ossl_store_handle_load_result:unsupported:../crypto/store/store_result.c:151:
Could not read public key from kljuc13.key
40C7764DC6780000:error:1608010C:STORE routines:ossl_store_handle_load_result:unsupported:../crypto/store/store_result.c:151:
Could not read public key from kljuc14.key
4077E744AF790000:error:1608010C:STORE routines:ossl_store_handle_load_result:unsupported:../crypto/store/store_result.c:151:
Could not read public key from kljuc15.key
40A7E81C35710000:error:1608010C:STORE routines:ossl_store_handle_load_result:unsupported:../crypto/store/store_result.c:151:
Could not read public key from kljuc16.key
4097DE62377A0000:error:1608010C:STORE routines:ossl_store_handle_load_result:unsupported:../crypto/store/store_result.c:151:
Could not read public key from kljuc17.key
40378336A4790000:error:1608010C:STORE routines:ossl_store_handle_load_result:unsupported:../crypto/store/store_result.c:151:
Could not read public key from kljuc18.key
40A7CC5F1C7B0000:error:1608010C:STORE routines:ossl_store_handle_load_result:unsupported:../crypto/store/store_result.c:151:
Could not read public key from kljuc19.key
40272D2E9F760000:error:1608010C:STORE routines:ossl_store_handle_load_result:unsupported:../crypto/store/store_result.c:151:
Could not read public key from kljuc1.key
407729975D710000:error:1608010C:STORE routines:ossl_store_handle_load_result:unsupported:../crypto/store/store_result.c:151:
Could not read public key from kljuc20.key
4037C547F37D0000:error:1608010C:STORE routines:ossl_store_handle_load_result:unsupported:../crypto/store/store_result.c:151:
Could not read public key from kljuc21.key
40E72A7993700000:error:1608010C:STORE routines:ossl_store_handle_load_result:unsupported:../crypto/store/store_result.c:151:
Could not read public key from kljuc22.key
40A76D705F780000:error:1608010C:STORE routines:ossl_store_handle_load_result:unsupported:../crypto/store/store_result.c:151:
Could not read public key from kljuc23.key
40170FD74E7D0000:error:1608010C:STORE routines:ossl_store_handle_load_result:unsupported:../crypto/store/store_result.c:151:
Could not read public key from kljuc24.key
40B757AF787F0000:error:1608010C:STORE routines:ossl_store_handle_load_result:unsupported:../crypto/store/store_result.c:151:
Could not read public key from kljuc25.key
403703250B710000:error:1608010C:STORE routines:ossl_store_handle_load_result:unsupported:../crypto/store/store_result.c:151:
Could not read public key from kljuc26.key
4097E28697740000:error:1608010C:STORE routines:ossl_store_handle_load_result:unsupported:../crypto/store/store_result.c:151:
Could not read public key from kljuc27.key
4027156668700000:error:1608010C:STORE routines:ossl_store_handle_load_result:unsupported:../crypto/store/store_result.c:151:
Could not read public key from kljuc28.key
40079468C87E0000:error:1608010C:STORE routines:ossl_store_handle_load_result:unsupported:../crypto/store/store_result.c:151:
Could not read public key from kljuc29.key
40071883DC780000:error:1608010C:STORE routines:ossl_store_handle_load_result:unsupported:../crypto/store/store_result.c:151:
Could not read public key from kljuc2.key
40D7C7448D700000:error:1608010C:STORE routines:ossl_store_handle_load_result:unsupported:../crypto/store/store_result.c:151:
Could not read public key from kljuc30.key
40876F12B8790000:error:1608010C:STORE routines:ossl_store_handle_load_result:unsupported:../crypto/store/store_result.c:151:
Could not read public key from kljuc31.key
40570ADD6F740000:error:1608010C:STORE routines:ossl_store_handle_load_result:unsupported:../crypto/store/store_result.c:151:
Could not read public key from kljuc32.key
40C72FDC697A0000:error:1608010C:STORE routines:ossl_store_handle_load_result:unsupported:../crypto/store/store_result.c:151:
Could not read public key from kljuc33.key
40A79AF427780000:error:1608010C:STORE routines:ossl_store_handle_load_result:unsupported:../crypto/store/store_result.c:151:
Could not read public key from kljuc34.key
40D7DA3133720000:error:1608010C:STORE routines:ossl_store_handle_load_result:unsupported:../crypto/store/store_result.c:151:
Could not read public key from kljuc35.key
40578A772A740000:error:1608010C:STORE routines:ossl_store_handle_load_result:unsupported:../crypto/store/store_result.c:151:
Could not read public key from kljuc36.key
40478A80B97C0000:error:1608010C:STORE routines:ossl_store_handle_load_result:unsupported:../crypto/store/store_result.c:151:
Could not read public key from kljuc37.key
40A718A8017E0000:error:1608010C:STORE routines:ossl_store_handle_load_result:unsupported:../crypto/store/store_result.c:151:
Could not read public key from kljuc38.key
40277045E77C0000:error:1608010C:STORE routines:ossl_store_handle_load_result:unsupported:../crypto/store/store_result.c:151:
Could not read public key from kljuc39.key
408702DD687C0000:error:1608010C:STORE routines:ossl_store_handle_load_result:unsupported:../crypto/store/store_result.c:151:
Could not read public key from kljuc3.key
409741626F7A0000:error:1608010C:STORE routines:ossl_store_handle_load_result:unsupported:../crypto/store/store_result.c:151:
Could not read public key from kljuc40.key
4067F8E540770000:error:1608010C:STORE routines:ossl_store_handle_load_result:unsupported:../crypto/store/store_result.c:151:
Could not read public key from kljuc41.key
40F794A94C710000:error:1608010C:STORE routines:ossl_store_handle_load_result:unsupported:../crypto/store/store_result.c:151:
Could not read public key from kljuc42.key
40D769EB557B0000:error:1608010C:STORE routines:ossl_store_handle_load_result:unsupported:../crypto/store/store_result.c:151:
Could not read public key from kljuc43.key
4077EB584A7A0000:error:1608010C:STORE routines:ossl_store_handle_load_result:unsupported:../crypto/store/store_result.c:151:
Could not read public key from kljuc44.key
406729BF40740000:error:1608010C:STORE routines:ossl_store_handle_load_result:unsupported:../crypto/store/store_result.c:151:
Could not read public key from kljuc45.key
4097A9D53E7C0000:error:1608010C:STORE routines:ossl_store_handle_load_result:unsupported:../crypto/store/store_result.c:151:
Could not read public key from kljuc46.key
40675C43ED700000:error:1608010C:STORE routines:ossl_store_handle_load_result:unsupported:../crypto/store/store_result.c:151:
Could not read public key from kljuc47.key
4087C0AF417D0000:error:1608010C:STORE routines:ossl_store_handle_load_result:unsupported:../crypto/store/store_result.c:151:
Could not read public key from kljuc48.key
40D7C6173C7C0000:error:1608010C:STORE routines:ossl_store_handle_load_result:unsupported:../crypto/store/store_result.c:151:
Could not read public key from kljuc49.key
4047CC3CE57E0000:error:1608010C:STORE routines:ossl_store_handle_load_result:unsupported:../crypto/store/store_result.c:151:
Could not read public key from kljuc4.key
40378039AD750000:error:1608010C:STORE routines:ossl_store_handle_load_result:unsupported:../crypto/store/store_result.c:151:
Could not read public key from kljuc50.key
40E73D014A7D0000:error:1608010C:STORE routines:ossl_store_handle_load_result:unsupported:../crypto/store/store_result.c:151:
Could not read public key from kljuc5.key
40B73698B77B0000:error:1608010C:STORE routines:ossl_store_handle_load_result:unsupported:../crypto/store/store_result.c:151:
Could not read public key from kljuc6.key
4077A9A3397D0000:error:1608010C:STORE routines:ossl_store_handle_load_result:unsupported:../crypto/store/store_result.c:151:
Could not read public key from kljuc7.key
40B7CE07D4750000:error:1608010C:STORE routines:ossl_store_handle_load_result:unsupported:../crypto/store/store_result.c:151:
Could not read public key from kljuc8.key
408721B0FA7C0000:error:1608010C:STORE routines:ossl_store_handle_load_result:unsupported:../crypto/store/store_result.c:151:
Could not read public key from kljuc9.key
40A774C664720000:error:1608010C:STORE routines:ossl_store_handle_load_result:unsupported:../crypto/store/store_result.c:151:
Could not read public key from kljuc10.key
40B7616951790000:error:1608010C:STORE routines:ossl_store_handle_load_result:unsupported:../crypto/store/store_result.c:151:
Could not read public key from kljuc11.key
40276FAA857C0000:error:1608010C:STORE routines:ossl_store_handle_load_result:unsupported:../crypto/store/store_result.c:151:
Could not read public key from kljuc12.key
4027D98FE4740000:error:1608010C:STORE routines:ossl_store_handle_load_result:unsupported:../crypto/store/store_result.c:151:
Could not read public key from kljuc13.key
40E7DA538E750000:error:1608010C:STORE routines:ossl_store_handle_load_result:unsupported:../crypto/store/store_result.c:151:
Could not read public key from kljuc14.key
40779DE2977F0000:error:1608010C:STORE routines:ossl_store_handle_load_result:unsupported:../crypto/store/store_result.c:151:
Could not read public key from kljuc15.key
40973A0DDC710000:error:1608010C:STORE routines:ossl_store_handle_load_result:unsupported:../crypto/store/store_result.c:151:
Could not read public key from kljuc16.key
40E735E57C730000:error:1608010C:STORE routines:ossl_store_handle_load_result:unsupported:../crypto/store/store_result.c:151:
Could not read public key from kljuc17.key
4057ADE46D750000:error:1608010C:STORE routines:ossl_store_handle_load_result:unsupported:../crypto/store/store_result.c:151:
Could not read public key from kljuc18.key
4017FAF23B710000:error:1608010C:STORE routines:ossl_store_handle_load_result:unsupported:../crypto/store/store_result.c:151:
Could not read public key from kljuc19.key
4077FB037E770000:error:1608010C:STORE routines:ossl_store_handle_load_result:unsupported:../crypto/store/store_result.c:151:
Could not read public key from kljuc1.key
4057403B0F740000:error:1608010C:STORE routines:ossl_store_handle_load_result:unsupported:../crypto/store/store_result.c:151:
Could not read public key from kljuc20.key
40F7D9328E7E0000:error:1608010C:STORE routines:ossl_store_handle_load_result:unsupported:../crypto/store/store_result.c:151:
Could not read public key from kljuc21.key
40675EC7E87A0000:error:1608010C:STORE routines:ossl_store_handle_load_result:unsupported:../crypto/store/store_result.c:151:
Could not read public key from kljuc22.key
40774F5D1D770000:error:1608010C:STORE routines:ossl_store_handle_load_result:unsupported:../crypto/store/store_result.c:151:
Could not read public key from kljuc23.key
40D7DFF44A760000:error:1608010C:STORE routines:ossl_store_handle_load_result:unsupported:../crypto/store/store_result.c:151:
Could not read public key from kljuc24.key
40A76DC1647F0000:error:1608010C:STORE routines:ossl_store_handle_load_result:unsupported:../crypto/store/store_result.c:151:
Could not read public key from kljuc25.key
408757C1A2770000:error:1608010C:STORE routines:ossl_store_handle_load_result:unsupported:../crypto/store/store_result.c:151:
Could not read public key from kljuc26.key
4047A6BE9E730000:error:1608010C:STORE routines:ossl_store_handle_load_result:unsupported:../crypto/store/store_result.c:151:
Could not read public key from kljuc27.key
40E76E3596780000:error:1608010C:STORE routines:ossl_store_handle_load_result:unsupported:../crypto/store/store_result.c:151:
Could not read public key from kljuc28.key
40070191F8740000:error:1608010C:STORE routines:ossl_store_handle_load_result:unsupported:../crypto/store/store_result.c:151:
Could not read public key from kljuc29.key
40B7CDA3B77C0000:error:1608010C:STORE routines:ossl_store_handle_load_result:unsupported:../crypto/store/store_result.c:151:
Could not read public key from kljuc2.key
40B7244C677E0000:error:1608010C:STORE routines:ossl_store_handle_load_result:unsupported:../crypto/store/store_result.c:151:
Could not read public key from kljuc30.key
40C7EFC131760000:error:1608010C:STORE routines:ossl_store_handle_load_result:unsupported:../crypto/store/store_result.c:151:
Could not read public key from kljuc31.key
4057CCD57C700000:error:1608010C:STORE routines:ossl_store_handle_load_result:unsupported:../crypto/store/store_result.c:151:
Could not read public key from kljuc32.key
40E717083E700000:error:1608010C:STORE routines:ossl_store_handle_load_result:unsupported:../crypto/store/store_result.c:151:
Could not read public key from kljuc33.key
40F711345B750000:error:1608010C:STORE routines:ossl_store_handle_load_result:unsupported:../crypto/store/store_result.c:151:
Could not read public key from kljuc34.key
407726B1A27E0000:error:1608010C:STORE routines:ossl_store_handle_load_result:unsupported:../crypto/store/store_result.c:151:
Could not read public key from kljuc35.key
4057ADC3927B0000:error:1608010C:STORE routines:ossl_store_handle_load_result:unsupported:../crypto/store/store_result.c:151:
Could not read public key from kljuc36.key
4047D21C62730000:error:1608010C:STORE routines:ossl_store_handle_load_result:unsupported:../crypto/store/store_result.c:151:
Could not read public key from kljuc37.key
4057771BF2770000:error:1608010C:STORE routines:ossl_store_handle_load_result:unsupported:../crypto/store/store_result.c:151:
Could not read public key from kljuc38.key
4067D57AD07A0000:error:1608010C:STORE routines:ossl_store_handle_load_result:unsupported:../crypto/store/store_result.c:151:
Could not read public key from kljuc39.key
40B7865262780000:error:1608010C:STORE routines:ossl_store_handle_load_result:unsupported:../crypto/store/store_result.c:151:
Could not read public key from kljuc3.key
40E7C5F7B97A0000:error:1608010C:STORE routines:ossl_store_handle_load_result:unsupported:../crypto/store/store_result.c:151:
Could not read public key from kljuc40.key
40C7D3D95E750000:error:1608010C:STORE routines:ossl_store_handle_load_result:unsupported:../crypto/store/store_result.c:151:
Could not read public key from kljuc41.key
4047455F46730000:error:1608010C:STORE routines:ossl_store_handle_load_result:unsupported:../crypto/store/store_result.c:151:
Could not read public key from kljuc42.key
408735CA0A7F0000:error:1608010C:STORE routines:ossl_store_handle_load_result:unsupported:../crypto/store/store_result.c:151:
Could not read public key from kljuc43.key
40373EAEF77D0000:error:1608010C:STORE routines:ossl_store_handle_load_result:unsupported:../crypto/store/store_result.c:151:
Could not read public key from kljuc44.key
40F7F7C089790000:error:1608010C:STORE routines:ossl_store_handle_load_result:unsupported:../crypto/store/store_result.c:151:
Could not read public key from kljuc45.key
40575F56237E0000:error:1608010C:STORE routines:ossl_store_handle_load_result:unsupported:../crypto/store/store_result.c:151:
Could not read public key from kljuc46.key
40471635F4750000:error:1608010C:STORE routines:ossl_store_handle_load_result:unsupported:../crypto/store/store_result.c:151:
Could not read public key from kljuc47.key
4037B50B377B0000:error:1608010C:STORE routines:ossl_store_handle_load_result:unsupported:../crypto/store/store_result.c:151:
Could not read public key from kljuc48.key
4007025AED740000:error:1608010C:STORE routines:ossl_store_handle_load_result:unsupported:../crypto/store/store_result.c:151:
Could not read public key from kljuc49.key
40D70C564B770000:error:1608010C:STORE routines:ossl_store_handle_load_result:unsupported:../crypto/store/store_result.c:151:
Could not read public key from kljuc4.key
40F7ACC8FE710000:error:1608010C:STORE routines:ossl_store_handle_load_result:unsupported:../crypto/store/store_result.c:151:
Could not read public key from kljuc50.key
40F7BA8926770000:error:1608010C:STORE routines:ossl_store_handle_load_result:unsupported:../crypto/store/store_result.c:151:
Could not read public key from kljuc5.key
40E7663EE7790000:error:1608010C:STORE routines:ossl_store_handle_load_result:unsupported:../crypto/store/store_result.c:151:
Could not read public key from kljuc6.key
4017723139750000:error:1608010C:STORE routines:ossl_store_handle_load_result:unsupported:../crypto/store/store_result.c:151:
Could not read public key from kljuc7.key
40379AD2D4790000:error:1608010C:STORE routines:ossl_store_handle_load_result:unsupported:../crypto/store/store_result.c:151:
Could not read public key from kljuc8.key
40675A8865700000:error:1608010C:STORE routines:ossl_store_handle_load_result:unsupported:../crypto/store/store_result.c:151:
Could not read public key from kljuc9.key
40270F90A77F0000:error:1608010C:STORE routines:ossl_store_handle_load_result:unsupported:../crypto/store/store_result.c:151:
Could not read public key from kljuc10.key
403758D1E9770000:error:1608010C:STORE routines:ossl_store_handle_load_result:unsupported:../crypto/store/store_result.c:151:
Could not read public key from kljuc11.key
40A77C9CE6790000:error:1608010C:STORE routines:ossl_store_handle_load_result:unsupported:../crypto/store/store_result.c:151:
Could not read public key from kljuc12.key
40375211DA790000:error:1608010C:STORE routines:ossl_store_handle_load_result:unsupported:../crypto/store/store_result.c:151:
Could not read public key from kljuc13.key
403730D1CF730000:error:1608010C:STORE routines:ossl_store_handle_load_result:unsupported:../crypto/store/store_result.c:151:
Could not read public key from kljuc14.key
4037DA655F710000:error:1608010C:STORE routines:ossl_store_handle_load_result:unsupported:../crypto/store/store_result.c:151:
Could not read public key from kljuc15.key
40A75B7D12730000:error:1608010C:STORE routines:ossl_store_handle_load_result:unsupported:../crypto/store/store_result.c:151:
Could not read public key from kljuc16.key
40D7FF2230780000:error:1608010C:STORE routines:ossl_store_handle_load_result:unsupported:../crypto/store/store_result.c:151:
Could not read public key from kljuc17.key
40074EB876760000:error:1608010C:STORE routines:ossl_store_handle_load_result:unsupported:../crypto/store/store_result.c:151:
Could not read public key from kljuc18.key
4017127D76730000:error:1608010C:STORE routines:ossl_store_handle_load_result:unsupported:../crypto/store/store_result.c:151:
Could not read public key from kljuc19.key
40773D4FA2700000:error:1608010C:STORE routines:ossl_store_handle_load_result:unsupported:../crypto/store/store_result.c:151:
Could not read public key from kljuc1.key
40A75C91FD7A0000:error:1608010C:STORE routines:ossl_store_handle_load_result:unsupported:../crypto/store/store_result.c:151:
Could not read public key from kljuc20.key
40B7EB392F700000:error:1608010C:STORE routines:ossl_store_handle_load_result:unsupported:../crypto/store/store_result.c:151:
Could not read public key from kljuc21.key
40B7D6C493710000:error:1608010C:STORE routines:ossl_store_handle_load_result:unsupported:../crypto/store/store_result.c:151:
Could not read public key from kljuc22.key
40E7C37FCA770000:error:1608010C:STORE routines:ossl_store_handle_load_result:unsupported:../crypto/store/store_result.c:151:
Could not read public key from kljuc23.key
408735491C7F0000:error:1608010C:STORE routines:ossl_store_handle_load_result:unsupported:../crypto/store/store_result.c:151:
Could not read public key from kljuc24.key
40C7FDBF8D730000:error:1608010C:STORE routines:ossl_store_handle_load_result:unsupported:../crypto/store/store_result.c:151:
Could not read public key from kljuc25.key
40B7AFA1747C0000:error:1608010C:STORE routines:ossl_store_handle_load_result:unsupported:../crypto/store/store_result.c:151:
Could not read public key from kljuc26.key
40F7C8035E7E0000:error:1608010C:STORE routines:ossl_store_handle_load_result:unsupported:../crypto/store/store_result.c:151:
Could not read public key from kljuc27.key
40F7B542B97F0000:error:1608010C:STORE routines:ossl_store_handle_load_result:unsupported:../crypto/store/store_result.c:151:
Could not read public key from kljuc28.key
40471DAF5F700000:error:1608010C:STORE routines:ossl_store_handle_load_result:unsupported:../crypto/store/store_result.c:151:
Could not read public key from kljuc29.key
40B796D9C67D0000:error:1608010C:STORE routines:ossl_store_handle_load_result:unsupported:../crypto/store/store_result.c:151:
Could not read public key from kljuc2.key
4097B19451710000:error:1608010C:STORE routines:ossl_store_handle_load_result:unsupported:../crypto/store/store_result.c:151:
Could not read public key from kljuc30.key
40272451D07F0000:error:1608010C:STORE routines:ossl_store_handle_load_result:unsupported:../crypto/store/store_result.c:151:
Could not read public key from kljuc31.key
40D77EFF29720000:error:1608010C:STORE routines:ossl_store_handle_load_result:unsupported:../crypto/store/store_result.c:151:
Could not read public key from kljuc32.key
4007C98152760000:error:1608010C:STORE routines:ossl_store_handle_load_result:unsupported:../crypto/store/store_result.c:151:
Could not read public key from kljuc33.key
4067FA6218790000:error:1608010C:STORE routines:ossl_store_handle_load_result:unsupported:../crypto/store/store_result.c:151:
Could not read public key from kljuc34.key
40C7B98A0A780000:error:1608010C:STORE routines:ossl_store_handle_load_result:unsupported:../crypto/store/store_result.c:151:
Could not read public key from kljuc35.key
40D74E5645700000:error:1608010C:STORE routines:ossl_store_handle_load_result:unsupported:../crypto/store/store_result.c:151:
Could not read public key from kljuc36.key
403723B0AA710000:error:1608010C:STORE routines:ossl_store_handle_load_result:unsupported:../crypto/store/store_result.c:151:
Could not read public key from kljuc37.key
401727C08D7D0000:error:1608010C:STORE routines:ossl_store_handle_load_result:unsupported:../crypto/store/store_result.c:151:
Could not read public key from kljuc38.key
4077BE1A5E750000:error:1608010C:STORE routines:ossl_store_handle_load_result:unsupported:../crypto/store/store_result.c:151:
Could not read public key from kljuc39.key
4047CC873E7B0000:error:1608010C:STORE routines:ossl_store_handle_load_result:unsupported:../crypto/store/store_result.c:151:
Could not read public key from kljuc3.key
403750DDCB7D0000:error:1608010C:STORE routines:ossl_store_handle_load_result:unsupported:../crypto/store/store_result.c:151:
Could not read public key from kljuc40.key
40D7DF06DB790000:error:1608010C:STORE routines:ossl_store_handle_load_result:unsupported:../crypto/store/store_result.c:151:
Could not read public key from kljuc41.key
40D7C267C57D0000:error:1608010C:STORE routines:ossl_store_handle_load_result:unsupported:../crypto/store/store_result.c:151:
Could not read public key from kljuc42.key
402744EDDE730000:error:1608010C:STORE routines:ossl_store_handle_load_result:unsupported:../crypto/store/store_result.c:151:
Could not read public key from kljuc43.key
4007875719780000:error:1608010C:STORE routines:ossl_store_handle_load_result:unsupported:../crypto/store/store_result.c:151:
Could not read public key from kljuc44.key
4067D98A36710000:error:1608010C:STORE routines:ossl_store_handle_load_result:unsupported:../crypto/store/store_result.c:151:
Could not read public key from kljuc45.key
408735CFE97D0000:error:1608010C:STORE routines:ossl_store_handle_load_result:unsupported:../crypto/store/store_result.c:151:
Could not read public key from kljuc46.key
40E7779472780000:error:1608010C:STORE routines:ossl_store_handle_load_result:unsupported:../crypto/store/store_result.c:151:
Could not read public key from kljuc47.key
40A7CDE91F770000:error:1608010C:STORE routines:ossl_store_handle_load_result:unsupported:../crypto/store/store_result.c:151:
Could not read public key from kljuc48.key
40179F11BB730000:error:1608010C:STORE routines:ossl_store_handle_load_result:unsupported:../crypto/store/store_result.c:151:
Could not read public key from kljuc49.key
4027F6BA63700000:error:1608010C:STORE routines:ossl_store_handle_load_result:unsupported:../crypto/store/store_result.c:151:
Could not read public key from kljuc4.key
40B7C76F517C0000:error:1608010C:STORE routines:ossl_store_handle_load_result:unsupported:../crypto/store/store_result.c:151:
Could not read public key from kljuc50.key
40B7B3A0F97C0000:error:1608010C:STORE routines:ossl_store_handle_load_result:unsupported:../crypto/store/store_result.c:151:
Could not read public key from kljuc5.key
4077464F81750000:error:1608010C:STORE routines:ossl_store_handle_load_result:unsupported:../crypto/store/store_result.c:151:
Could not read public key from kljuc6.key
409769CEC57C0000:error:1608010C:STORE routines:ossl_store_handle_load_result:unsupported:../crypto/store/store_result.c:151:
Could not read public key from kljuc7.key
40B7CF0F5E720000:error:1608010C:STORE routines:ossl_store_handle_load_result:unsupported:../crypto/store/store_result.c:151:
Could not read public key from kljuc8.key
40C7755711710000:error:1608010C:STORE routines:ossl_store_handle_load_result:unsupported:../crypto/store/store_result.c:151:
Could not read public key from kljuc9.key
4087B6DF2E7A0000:error:1608010C:STORE routines:ossl_store_handle_load_result:unsupported:../crypto/store/store_result.c:151:
Could not read public key from kljuc10.key
40F7010E7C760000:error:1608010C:STORE routines:ossl_store_handle_load_result:unsupported:../crypto/store/store_result.c:151:
Could not read public key from kljuc11.key
40B739CA40770000:error:1608010C:STORE routines:ossl_store_handle_load_result:unsupported:../crypto/store/store_result.c:151:
Could not read public key from kljuc12.key
4017A431457F0000:error:1608010C:STORE routines:ossl_store_handle_load_result:unsupported:../crypto/store/store_result.c:151:
Could not read public key from kljuc13.key
40F7C30635790000:error:1608010C:STORE routines:ossl_store_handle_load_result:unsupported:../crypto/store/store_result.c:151:
Could not read public key from kljuc14.key
402727559F7D0000:error:1608010C:STORE routines:ossl_store_handle_load_result:unsupported:../crypto/store/store_result.c:151:
Could not read public key from kljuc15.key
4087C10A3C7D0000:error:1608010C:STORE routines:ossl_store_handle_load_result:unsupported:../crypto/store/store_result.c:151:
Could not read public key from kljuc16.key
40E705FBF1740000:error:1608010C:STORE routines:ossl_store_handle_load_result:unsupported:../crypto/store/store_result.c:151:
Could not read public key from kljuc17.key
40F798C92C780000:error:1608010C:STORE routines:ossl_store_handle_load_result:unsupported:../crypto/store/store_result.c:151:
Could not read public key from kljuc18.key
40D7A2701D780000:error:1608010C:STORE routines:ossl_store_handle_load_result:unsupported:../crypto/store/store_result.c:151:
Could not read public key from kljuc19.key
401752B364700000:error:1608010C:STORE routines:ossl_store_handle_load_result:unsupported:../crypto/store/store_result.c:151:
Could not read public key from kljuc1.key
40D71F17A5780000:error:1608010C:STORE routines:ossl_store_handle_load_result:unsupported:../crypto/store/store_result.c:151:
Could not read public key from kljuc20.key
4027C817AA7C0000:error:1608010C:STORE routines:ossl_store_handle_load_result:unsupported:../crypto/store/store_result.c:151:
Could not read public key from kljuc21.key
40D7DDB64D740000:error:1608010C:STORE routines:ossl_store_handle_load_result:unsupported:../crypto/store/store_result.c:151:
Could not read public key from kljuc22.key
402703DE59710000:error:1608010C:STORE routines:ossl_store_handle_load_result:unsupported:../crypto/store/store_result.c:151:
Could not read public key from kljuc23.key
40E795679C780000:error:1608010C:STORE routines:ossl_store_handle_load_result:unsupported:../crypto/store/store_result.c:151:
Could not read public key from kljuc24.key
40A7112685730000:error:1608010C:STORE routines:ossl_store_handle_load_result:unsupported:../crypto/store/store_result.c:151:
Could not read public key from kljuc25.key
4047C1D2AE790000:error:1608010C:STORE routines:ossl_store_handle_load_result:unsupported:../crypto/store/store_result.c:151:
Could not read public key from kljuc26.key
40B72457AE760000:error:1608010C:STORE routines:ossl_store_handle_load_result:unsupported:../crypto/store/store_result.c:151:
Could not read public key from kljuc27.key
40C7C14AAE760000:error:1608010C:STORE routines:ossl_store_handle_load_result:unsupported:../crypto/store/store_result.c:151:
Could not read public key from kljuc28.key
40C7308414710000:error:1608010C:STORE routines:ossl_store_handle_load_result:unsupported:../crypto/store/store_result.c:151:
Could not read public key from kljuc29.key
40E7CB1D727E0000:error:1608010C:STORE routines:ossl_store_handle_load_result:unsupported:../crypto/store/store_result.c:151:
Could not read public key from kljuc2.key
40474DC5E4780000:error:1608010C:STORE routines:ossl_store_handle_load_result:unsupported:../crypto/store/store_result.c:151:
Could not read public key from kljuc30.key
4027B9E5EB7F0000:error:1608010C:STORE routines:ossl_store_handle_load_result:unsupported:../crypto/store/store_result.c:151:
Could not read public key from kljuc31.key
40A7DA0C03780000:error:1608010C:STORE routines:ossl_store_handle_load_result:unsupported:../crypto/store/store_result.c:151:
Could not read public key from kljuc32.key
40078B9E43740000:error:1608010C:STORE routines:ossl_store_handle_load_result:unsupported:../crypto/store/store_result.c:151:
Could not read public key from kljuc33.key
40170AEC687C0000:error:1608010C:STORE routines:ossl_store_handle_load_result:unsupported:../crypto/store/store_result.c:151:
Could not read public key from kljuc34.key
40073D6048740000:error:1608010C:STORE routines:ossl_store_handle_load_result:unsupported:../crypto/store/store_result.c:151:
Could not read public key from kljuc35.key
40B787143C780000:error:1608010C:STORE routines:ossl_store_handle_load_result:unsupported:../crypto/store/store_result.c:151:
Could not read public key from kljuc36.key
407719E6FA7C0000:error:1608010C:STORE routines:ossl_store_handle_load_result:unsupported:../crypto/store/store_result.c:151:
Could not read public key from kljuc37.key
40E7E5171F730000:error:1608010C:STORE routines:ossl_store_handle_load_result:unsupported:../crypto/store/store_result.c:151:
Could not read public key from kljuc38.key
40479AB7BF7A0000:error:1608010C:STORE routines:ossl_store_handle_load_result:unsupported:../crypto/store/store_result.c:151:
Could not read public key from kljuc39.key
4027C011167A0000:error:1608010C:STORE routines:ossl_store_handle_load_result:unsupported:../crypto/store/store_result.c:151:
Could not read public key from kljuc3.key
40D7DF76D4770000:error:1608010C:STORE routines:ossl_store_handle_load_result:unsupported:../crypto/store/store_result.c:151:
Could not read public key from kljuc40.key
40C7D9CE497B0000:error:1608010C:STORE routines:ossl_store_handle_load_result:unsupported:../crypto/store/store_result.c:151:
Could not read public key from kljuc41.key
403735E92A740000:error:1608010C:STORE routines:ossl_store_handle_load_result:unsupported:../crypto/store/store_result.c:151:
Could not read public key from kljuc42.key
40F70618F67B0000:error:1608010C:STORE routines:ossl_store_handle_load_result:unsupported:../crypto/store/store_result.c:151:
Could not read public key from kljuc43.key
40271645FC7E0000:error:1608010C:STORE routines:ossl_store_handle_load_result:unsupported:../crypto/store/store_result.c:151:
Could not read public key from kljuc44.key
40B7EDC465710000:error:1608010C:STORE routines:ossl_store_handle_load_result:unsupported:../crypto/store/store_result.c:151:
Could not read public key from kljuc45.key
40A7B3F1E47B0000:error:1608010C:STORE routines:ossl_store_handle_load_result:unsupported:../crypto/store/store_result.c:151:
Could not read public key from kljuc46.key
40D76DFC5A7F0000:error:1608010C:STORE routines:ossl_store_handle_load_result:unsupported:../crypto/store/store_result.c:151:
Could not read public key from kljuc47.key
4077E5FB327C0000:error:1608010C:STORE routines:ossl_store_handle_load_result:unsupported:../crypto/store/store_result.c:151:
Could not read public key from kljuc48.key
4007C388857D0000:error:1608010C:STORE routines:ossl_store_handle_load_result:unsupported:../crypto/store/store_result.c:151:
Could not read public key from kljuc49.key
4077BFC07D700000:error:1608010C:STORE routines:ossl_store_handle_load_result:unsupported:../crypto/store/store_result.c:151:
Could not read public key from kljuc4.key
40B744EA457C0000:error:1608010C:STORE routines:ossl_store_handle_load_result:unsupported:../crypto/store/store_result.c:151:
Could not read public key from kljuc50.key
40371BD982730000:error:1608010C:STORE routines:ossl_store_handle_load_result:unsupported:../crypto/store/store_result.c:151:
Could not read public key from kljuc5.key
40A7B659747D0000:error:1608010C:STORE routines:ossl_store_handle_load_result:unsupported:../crypto/store/store_result.c:151:
Could not read public key from kljuc6.key
40773C77277B0000:error:1608010C:STORE routines:ossl_store_handle_load_result:unsupported:../crypto/store/store_result.c:151:
Could not read public key from kljuc7.key
40F76CDC817F0000:error:1608010C:STORE routines:ossl_store_handle_load_result:unsupported:../crypto/store/store_result.c:151:
Could not read public key from kljuc8.key
40677DBD5D730000:error:1608010C:STORE routines:ossl_store_handle_load_result:unsupported:../crypto/store/store_result.c:151:
Could not read public key from kljuc9.key
4067ADEFF87C0000:error:1608010C:STORE routines:ossl_store_handle_load_result:unsupported:../crypto/store/store_result.c:151:
Could not read public key from kljuc10.key
40C7999BD7790000:error:1608010C:STORE routines:ossl_store_handle_load_result:unsupported:../crypto/store/store_result.c:151:
Could not read public key from kljuc11.key
400723F64E770000:error:1608010C:STORE routines:ossl_store_handle_load_result:unsupported:../crypto/store/store_result.c:151:
Could not read public key from kljuc12.key
40E77D7011710000:error:1608010C:STORE routines:ossl_store_handle_load_result:unsupported:../crypto/store/store_result.c:151:
Could not read public key from kljuc13.key
407782C0A1790000:error:1608010C:STORE routines:ossl_store_handle_load_result:unsupported:../crypto/store/store_result.c:151:
Could not read public key from kljuc14.key
40F776BB527A0000:error:1608010C:STORE routines:ossl_store_handle_load_result:unsupported:../crypto/store/store_result.c:151:
Could not read public key from kljuc15.key
408706EE9A7B0000:error:1608010C:STORE routines:ossl_store_handle_load_result:unsupported:../crypto/store/store_result.c:151:
Could not read public key from kljuc16.key
40578116BD740000:error:1608010C:STORE routines:ossl_store_handle_load_result:unsupported:../crypto/store/store_result.c:151:
Could not read public key from kljuc17.key
4037350361730000:error:1608010C:STORE routines:ossl_store_handle_load_result:unsupported:../crypto/store/store_result.c:151:
Could not read public key from kljuc18.key
40F7E82813760000:error:1608010C:STORE routines:ossl_store_handle_load_result:unsupported:../crypto/store/store_result.c:151:
Could not read public key from kljuc19.key
4027367F1C7F0000:error:1608010C:STORE routines:ossl_store_handle_load_result:unsupported:../crypto/store/store_result.c:151:
Could not read public key from kljuc1.key
4007B2DF5D790000:error:1608010C:STORE routines:ossl_store_handle_load_result:unsupported:../crypto/store/store_result.c:151:
Could not read public key from kljuc20.key
40E757E6FE750000:error:1608010C:STORE routines:ossl_store_handle_load_result:unsupported:../crypto/store/store_result.c:151:
Could not read public key from kljuc21.key
40E799279F700000:error:1608010C:STORE routines:ossl_store_handle_load_result:unsupported:../crypto/store/store_result.c:151:
Could not read public key from kljuc22.key
408739087B790000:error:1608010C:STORE routines:ossl_store_handle_load_result:unsupported:../crypto/store/store_result.c:151:
Could not read public key from kljuc23.key
4077CEA2867C0000:error:1608010C:STORE routines:ossl_store_handle_load_result:unsupported:../crypto/store/store_result.c:151:
Could not read public key from kljuc24.key
40272B7536720000:error:1608010C:STORE routines:ossl_store_handle_load_result:unsupported:../crypto/store/store_result.c:151:
Could not read public key from kljuc25.key
4027CDA0CA740000:error:1608010C:STORE routines:ossl_store_handle_load_result:unsupported:../crypto/store/store_result.c:151:
Could not read public key from kljuc26.key
40F7EA4FC9760000:error:1608010C:STORE routines:ossl_store_handle_load_result:unsupported:../crypto/store/store_result.c:151:
Could not read public key from kljuc27.key
4037386DD87A0000:error:1608010C:STORE routines:ossl_store_handle_load_result:unsupported:../crypto/store/store_result.c:151:
Could not read public key from kljuc28.key
409798D742770000:error:1608010C:STORE routines:ossl_store_handle_load_result:unsupported:../crypto/store/store_result.c:151:
Could not read public key from kljuc29.key
4007D8D2B17A0000:error:1608010C:STORE routines:ossl_store_handle_load_result:unsupported:../crypto/store/store_result.c:151:
Could not read public key from kljuc2.key
4027D33DB2770000:error:1608010C:STORE routines:ossl_store_handle_load_result:unsupported:../crypto/store/store_result.c:151:
Could not read public key from kljuc30.key
40D7349062720000:error:1608010C:STORE routines:ossl_store_handle_load_result:unsupported:../crypto/store/store_result.c:151:
Could not read public key from kljuc31.key
40A702FF7B7A0000:error:1608010C:STORE routines:ossl_store_handle_load_result:unsupported:../crypto/store/store_result.c:151:
Could not read public key from kljuc32.key
4027859EF37E0000:error:1608010C:STORE routines:ossl_store_handle_load_result:unsupported:../crypto/store/store_result.c:151:
Could not read public key from kljuc33.key
408757A45F720000:error:1608010C:STORE routines:ossl_store_handle_load_result:unsupported:../crypto/store/store_result.c:151:
Could not read public key from kljuc34.key
4007569A09700000:error:1608010C:STORE routines:ossl_store_handle_load_result:unsupported:../crypto/store/store_result.c:151:
Could not read public key from kljuc35.key
40C7A7E461730000:error:1608010C:STORE routines:ossl_store_handle_load_result:unsupported:../crypto/store/store_result.c:151:
Could not read public key from kljuc36.key
408763D1F97F0000:error:1608010C:STORE routines:ossl_store_handle_load_result:unsupported:../crypto/store/store_result.c:151:
Could not read public key from kljuc37.key
40471D1F0B700000:error:1608010C:STORE routines:ossl_store_handle_load_result:unsupported:../crypto/store/store_result.c:151:
Could not read public key from kljuc38.key
40F72FD80E700000:error:1608010C:STORE routines:ossl_store_handle_load_result:unsupported:../crypto/store/store_result.c:151:
Could not read public key from kljuc39.key
40770F7FA47D0000:error:1608010C:STORE routines:ossl_store_handle_load_result:unsupported:../crypto/store/store_result.c:151:
Could not read public key from kljuc3.key
4087E90F8C780000:error:1608010C:STORE routines:ossl_store_handle_load_result:unsupported:../crypto/store/store_result.c:151:
Could not read public key from kljuc40.key
4027CA828C770000:error:1608010C:STORE routines:ossl_store_handle_load_result:unsupported:../crypto/store/store_result.c:151:
Could not read public key from kljuc41.key
40B73055DA710000:error:1608010C:STORE routines:ossl_store_handle_load_result:unsupported:../crypto/store/store_result.c:151:
Could not read public key from kljuc42.key
40879169857B0000:error:1608010C:STORE routines:ossl_store_handle_load_result:unsupported:../crypto/store/store_result.c:151:
Could not read public key from kljuc43.key
407784EAE7740000:error:1608010C:STORE routines:ossl_store_handle_load_result:unsupported:../crypto/store/store_result.c:151:
Could not read public key from kljuc44.key
40F79FB73E7B0000:error:1608010C:STORE routines:ossl_store_handle_load_result:unsupported:../crypto/store/store_result.c:151:
Could not read public key from kljuc45.key
40973AA6D77F0000:error:1608010C:STORE routines:ossl_store_handle_load_result:unsupported:../crypto/store/store_result.c:151:
Could not read public key from kljuc46.key
4017C6EABF790000:error:1608010C:STORE routines:ossl_store_handle_load_result:unsupported:../crypto/store/store_result.c:151:
Could not read public key from kljuc47.key
40D71F9BDC700000:error:1608010C:STORE routines:ossl_store_handle_load_result:unsupported:../crypto/store/store_result.c:151:
Could not read public key from kljuc48.key
40F7088775700000:error:1608010C:STORE routines:ossl_store_handle_load_result:unsupported:../crypto/store/store_result.c:151:
Could not read public key from kljuc49.key
40676E1F5E7F0000:error:1608010C:STORE routines:ossl_store_handle_load_result:unsupported:../crypto/store/store_result.c:151:
Could not read public key from kljuc4.key
4057036AEE7F0000:error:1608010C:STORE routines:ossl_store_handle_load_result:unsupported:../crypto/store/store_result.c:151:
Could not read public key from kljuc50.key
40E7FB676A7D0000:error:1608010C:STORE routines:ossl_store_handle_load_result:unsupported:../crypto/store/store_result.c:151:
Could not read public key from kljuc5.key
40B7005428750000:error:1608010C:STORE routines:ossl_store_handle_load_result:unsupported:../crypto/store/store_result.c:151:
Could not read public key from kljuc6.key
40B7DDB8E7750000:error:1608010C:STORE routines:ossl_store_handle_load_result:unsupported:../crypto/store/store_result.c:151:
Could not read public key from kljuc7.key
40478F40EB7E0000:error:1608010C:STORE routines:ossl_store_handle_load_result:unsupported:../crypto/store/store_result.c:151:
Could not read public key from kljuc8.key
40978116A0790000:error:1608010C:STORE routines:ossl_store_handle_load_result:unsupported:../crypto/store/store_result.c:151:
Could not read public key from kljuc9.key
40D7BA46A9770000:error:1608010C:STORE routines:ossl_store_handle_load_result:unsupported:../crypto/store/store_result.c:151:
Could not read public key from kljuc10.key
40E734407D7E0000:error:1608010C:STORE routines:ossl_store_handle_load_result:unsupported:../crypto/store/store_result.c:151:
Could not read public key from kljuc11.key
4067B24EA27F0000:error:1608010C:STORE routines:ossl_store_handle_load_result:unsupported:../crypto/store/store_result.c:151:
Could not read public key from kljuc12.key
4017DA8AF4710000:error:1608010C:STORE routines:ossl_store_handle_load_result:unsupported:../crypto/store/store_result.c:151:
Could not read public key from kljuc13.key
40F79A42957A0000:error:1608010C:STORE routines:ossl_store_handle_load_result:unsupported:../crypto/store/store_result.c:151:
Could not read public key from kljuc14.key
4027DC5FAC700000:error:1608010C:STORE routines:ossl_store_handle_load_result:unsupported:../crypto/store/store_result.c:151:
Could not read public key from kljuc15.key
40F78F4DCE740000:error:1608010C:STORE routines:ossl_store_handle_load_result:unsupported:../crypto/store/store_result.c:151:
Could not read public key from kljuc16.key
40D7C445677E0000:error:1608010C:STORE routines:ossl_store_handle_load_result:unsupported:../crypto/store/store_result.c:151:
Could not read public key from kljuc17.key
40E775E4E77D0000:error:1608010C:STORE routines:ossl_store_handle_load_result:unsupported:../crypto/store/store_result.c:151:
Could not read public key from kljuc18.key
40970829B7730000:error:1608010C:STORE routines:ossl_store_handle_load_result:unsupported:../crypto/store/store_result.c:151:
Could not read public key from kljuc19.key
4087C83454740000:error:1608010C:STORE routines:ossl_store_handle_load_result:unsupported:../crypto/store/store_result.c:151:
Could not read public key from kljuc1.key
4077FF21DE730000:error:1608010C:STORE routines:ossl_store_handle_load_result:unsupported:../crypto/store/store_result.c:151:
Could not read public key from kljuc20.key
4017173C3A750000:error:1608010C:STORE routines:ossl_store_handle_load_result:unsupported:../crypto/store/store_result.c:151:
Could not read public key from kljuc21.key
40D79CD6C8730000:error:1608010C:STORE routines:ossl_store_handle_load_result:unsupported:../crypto/store/store_result.c:151:
Could not read public key from kljuc22.key
4027E2D3BC700000:error:1608010C:STORE routines:ossl_store_handle_load_result:unsupported:../crypto/store/store_result.c:151:
Could not read public key from kljuc23.key
40973EBEBA7E0000:error:1608010C:STORE routines:ossl_store_handle_load_result:unsupported:../crypto/store/store_result.c:151:
Could not read public key from kljuc24.key
40277DFA63770000:error:1608010C:STORE routines:ossl_store_handle_load_result:unsupported:../crypto/store/store_result.c:151:
Could not read public key from kljuc25.key
40A7BD43637E0000:error:1608010C:STORE routines:ossl_store_handle_load_result:unsupported:../crypto/store/store_result.c:151:
Could not read public key from kljuc26.key
4057ACF1F87A0000:error:1608010C:STORE routines:ossl_store_handle_load_result:unsupported:../crypto/store/store_result.c:151:
Could not read public key from kljuc27.key
40A7E43F2C710000:error:1608010C:STORE routines:ossl_store_handle_load_result:unsupported:../crypto/store/store_result.c:151:
Could not read public key from kljuc28.key
40F7F3B7797C0000:error:1608010C:STORE routines:ossl_store_handle_load_result:unsupported:../crypto/store/store_result.c:151:
Could not read public key from kljuc29.key
40C761B9807C0000:error:1608010C:STORE routines:ossl_store_handle_load_result:unsupported:../crypto/store/store_result.c:151:
Could not read public key from kljuc2.key
40B7CE25D47B0000:error:1608010C:STORE routines:ossl_store_handle_load_result:unsupported:../crypto/store/store_result.c:151:
Could not read public key from kljuc30.key
40F7CD4182740000:error:1608010C:STORE routines:ossl_store_handle_load_result:unsupported:../crypto/store/store_result.c:151:
Could not read public key from kljuc31.key
40C728BA157E0000:error:1608010C:STORE routines:ossl_store_handle_load_result:unsupported:../crypto/store/store_result.c:151:
Could not read public key from kljuc32.key
40E78B026B7B0000:error:1608010C:STORE routines:ossl_store_handle_load_result:unsupported:../crypto/store/store_result.c:151:
Could not read public key from kljuc33.key
4007CAD2FF730000:error:1608010C:STORE routines:ossl_store_handle_load_result:unsupported:../crypto/store/store_result.c:151:
Could not read public key from kljuc34.key
40278117D9780000:error:1608010C:STORE routines:ossl_store_handle_load_result:unsupported:../crypto/store/store_result.c:151:
Could not read public key from kljuc35.key
40A70D6B06780000:error:1608010C:STORE routines:ossl_store_handle_load_result:unsupported:../crypto/store/store_result.c:151:
Could not read public key from kljuc36.key
4057981AE5780000:error:1608010C:STORE routines:ossl_store_handle_load_result:unsupported:../crypto/store/store_result.c:151:
Could not read public key from kljuc37.key
4057E0A601760000:error:1608010C:STORE routines:ossl_store_handle_load_result:unsupported:../crypto/store/store_result.c:151:
Could not read public key from kljuc38.key
4057D996B2780000:error:1608010C:STORE routines:ossl_store_handle_load_result:unsupported:../crypto/store/store_result.c:151:
Could not read public key from kljuc39.key
4027CA23E7740000:error:1608010C:STORE routines:ossl_store_handle_load_result:unsupported:../crypto/store/store_result.c:151:
Could not read public key from kljuc3.key
4017988F697E0000:error:1608010C:STORE routines:ossl_store_handle_load_result:unsupported:../crypto/store/store_result.c:151:
Could not read public key from kljuc40.key
40F76469FA7C0000:error:1608010C:STORE routines:ossl_store_handle_load_result:unsupported:../crypto/store/store_result.c:151:
Could not read public key from kljuc41.key
4047DBD306730000:error:1608010C:STORE routines:ossl_store_handle_load_result:unsupported:../crypto/store/store_result.c:151:
Could not read public key from kljuc42.key
40F706E23B7C0000:error:1608010C:STORE routines:ossl_store_handle_load_result:unsupported:../crypto/store/store_result.c:151:
Could not read public key from kljuc43.key
40A7DE715E7C0000:error:1608010C:STORE routines:ossl_store_handle_load_result:unsupported:../crypto/store/store_result.c:151:
Could not read public key from kljuc44.key
40F767271C740000:error:1608010C:STORE routines:ossl_store_handle_load_result:unsupported:../crypto/store/store_result.c:151:
Could not read public key from kljuc45.key
40A7ED12117A0000:error:1608010C:STORE routines:ossl_store_handle_load_result:unsupported:../crypto/store/store_result.c:151:
Could not read public key from kljuc46.key
40B7EA87707D0000:error:1608010C:STORE routines:ossl_store_handle_load_result:unsupported:../crypto/store/store_result.c:151:
Could not read public key from kljuc47.key
407774D51F770000:error:1608010C:STORE routines:ossl_store_handle_load_result:unsupported:../crypto/store/store_result.c:151:
Could not read public key from kljuc48.key
40F72A4CE7720000:error:1608010C:STORE routines:ossl_store_handle_load_result:unsupported:../crypto/store/store_result.c:151:
Could not read public key from kljuc49.key
4017164E7F770000:error:1608010C:STORE routines:ossl_store_handle_load_result:unsupported:../crypto/store/store_result.c:151:
Could not read public key from kljuc4.key
40A76E883E7F0000:error:1608010C:STORE routines:ossl_store_handle_load_result:unsupported:../crypto/store/store_result.c:151:
Could not read public key from kljuc50.key
4097BB079A7A0000:error:1608010C:STORE routines:ossl_store_handle_load_result:unsupported:../crypto/store/store_result.c:151:
Could not read public key from kljuc5.key
4047BFDA85720000:error:1608010C:STORE routines:ossl_store_handle_load_result:unsupported:../crypto/store/store_result.c:151:
Could not read public key from kljuc6.key
400720B10E700000:error:1608010C:STORE routines:ossl_store_handle_load_result:unsupported:../crypto/store/store_result.c:151:
Could not read public key from kljuc7.key
40078A5B91780000:error:1608010C:STORE routines:ossl_store_handle_load_result:unsupported:../crypto/store/store_result.c:151:
Could not read public key from kljuc8.key
40673555B27C0000:error:1608010C:STORE routines:ossl_store_handle_load_result:unsupported:../crypto/store/store_result.c:151:
Could not read public key from kljuc9.key
40D7B775C8750000:error:1608010C:STORE routines:ossl_store_handle_load_result:unsupported:../crypto/store/store_result.c:151:
Could not read public key from kljuc10.key
40670C37667E0000:error:1608010C:STORE routines:ossl_store_handle_load_result:unsupported:../crypto/store/store_result.c:151:
Could not read public key from kljuc11.key
40D726F7CE7C0000:error:1608010C:STORE routines:ossl_store_handle_load_result:unsupported:../crypto/store/store_result.c:151:
Could not read public key from kljuc12.key
40F740E817760000:error:1608010C:STORE routines:ossl_store_handle_load_result:unsupported:../crypto/store/store_result.c:151:
Could not read public key from kljuc13.key
4067E2E770730000:error:1608010C:STORE routines:ossl_store_handle_load_result:unsupported:../crypto/store/store_result.c:151:
Could not read public key from kljuc14.key
40A7E71BF1730000:error:1608010C:STORE routines:ossl_store_handle_load_result:unsupported:../crypto/store/store_result.c:151:
Could not read public key from kljuc15.key
40D71480D2740000:error:1608010C:STORE routines:ossl_store_handle_load_result:unsupported:../crypto/store/store_result.c:151:
Could not read public key from kljuc16.key
40D783A4DB770000:error:1608010C:STORE routines:ossl_store_handle_load_result:unsupported:../crypto/store/store_result.c:151:
Could not read public key from kljuc17.key
4077204E7E730000:error:1608010C:STORE routines:ossl_store_handle_load_result:unsupported:../crypto/store/store_result.c:151:
Could not read public key from kljuc18.key
4027D3ACDD710000:error:1608010C:STORE routines:ossl_store_handle_load_result:unsupported:../crypto/store/store_result.c:151:
Could not read public key from kljuc19.key
4077862EA47D0000:error:1608010C:STORE routines:ossl_store_handle_load_result:unsupported:../crypto/store/store_result.c:151:
Could not read public key from kljuc1.key
4057C6CBCD720000:error:1608010C:STORE routines:ossl_store_handle_load_result:unsupported:../crypto/store/store_result.c:151:
Could not read public key from kljuc20.key
40571595BA700000:error:1608010C:STORE routines:ossl_store_handle_load_result:unsupported:../crypto/store/store_result.c:151:
Could not read public key from kljuc21.key
4077B074C07A0000:error:1608010C:STORE routines:ossl_store_handle_load_result:unsupported:../crypto/store/store_result.c:151:
Could not read public key from kljuc22.key
40C70B58B4720000:error:1608010C:STORE routines:ossl_store_handle_load_result:unsupported:../crypto/store/store_result.c:151:
Could not read public key from kljuc23.key
4017174A8C7E0000:error:1608010C:STORE routines:ossl_store_handle_load_result:unsupported:../crypto/store/store_result.c:151:
Could not read public key from kljuc24.key
40D7C9C635760000:error:1608010C:STORE routines:ossl_store_handle_load_result:unsupported:../crypto/store/store_result.c:151:
Could not read public key from kljuc25.key
40C787C9D0790000:error:1608010C:STORE routines:ossl_store_handle_load_result:unsupported:../crypto/store/store_result.c:151:
Could not read public key from kljuc26.key
40E7ACA6C87F0000:error:1608010C:STORE routines:ossl_store_handle_load_result:unsupported:../crypto/store/store_result.c:151:
Could not read public key from kljuc27.key
40C713AC95720000:error:1608010C:STORE routines:ossl_store_handle_load_result:unsupported:../crypto/store/store_result.c:151:
Could not read public key from kljuc28.key
4067A2C165740000:error:1608010C:STORE routines:ossl_store_handle_load_result:unsupported:../crypto/store/store_result.c:151:
Could not read public key from kljuc29.key
40D73A978E770000:error:1608010C:STORE routines:ossl_store_handle_load_result:unsupported:../crypto/store/store_result.c:151:
Could not read public key from kljuc2.key
40C79B4D8A770000:error:1608010C:STORE routines:ossl_store_handle_load_result:unsupported:../crypto/store/store_result.c:151:
Could not read public key from kljuc30.key
4097C09B987B0000:error:1608010C:STORE routines:ossl_store_handle_load_result:unsupported:../crypto/store/store_result.c:151:
Could not read public key from kljuc31.key
4037B998FE750000:error:1608010C:STORE routines:ossl_store_handle_load_result:unsupported:../crypto/store/store_result.c:151:
Could not read public key from kljuc32.key
40E7B9653C7B0000:error:1608010C:STORE routines:ossl_store_handle_load_result:unsupported:../crypto/store/store_result.c:151:
Could not read public key from kljuc33.key
401784AAB4750000:error:1608010C:STORE routines:ossl_store_handle_load_result:unsupported:../crypto/store/store_result.c:151:
Could not read public key from kljuc34.key
40776BFF217C0000:error:1608010C:STORE routines:ossl_store_handle_load_result:unsupported:../crypto/store/store_result.c:151:
Could not read public key from kljuc35.key
40B78745757F0000:error:1608010C:STORE routines:ossl_store_handle_load_result:unsupported:../crypto/store/store_result.c:151:
Could not read public key from kljuc36.key
4087BF5B557E0000:error:1608010C:STORE routines:ossl_store_handle_load_result:unsupported:../crypto/store/store_result.c:151:
Could not read public key from kljuc37.key
40C7466759740000:error:1608010C:STORE routines:ossl_store_handle_load_result:unsupported:../crypto/store/store_result.c:151:
Could not read public key from kljuc38.key
40777B92737E0000:error:1608010C:STORE routines:ossl_store_handle_load_result:unsupported:../crypto/store/store_result.c:151:
Could not read public key from kljuc39.key
4097F0E7F5730000:error:1608010C:STORE routines:ossl_store_handle_load_result:unsupported:../crypto/store/store_result.c:151:
Could not read public key from kljuc3.key
4037BA88527E0000:error:1608010C:STORE routines:ossl_store_handle_load_result:unsupported:../crypto/store/store_result.c:151:
Could not read public key from kljuc40.key
4047A0D3DB750000:error:1608010C:STORE routines:ossl_store_handle_load_result:unsupported:../crypto/store/store_result.c:151:
Could not read public key from kljuc41.key
406780EDDB7F0000:error:1608010C:STORE routines:ossl_store_handle_load_result:unsupported:../crypto/store/store_result.c:151:
Could not read public key from kljuc42.key
4087BE45567A0000:error:1608010C:STORE routines:ossl_store_handle_load_result:unsupported:../crypto/store/store_result.c:151:
Could not read public key from kljuc43.key
4087C0AB197F0000:error:1608010C:STORE routines:ossl_store_handle_load_result:unsupported:../crypto/store/store_result.c:151:
Could not read public key from kljuc44.key
408759278A750000:error:1608010C:STORE routines:ossl_store_handle_load_result:unsupported:../crypto/store/store_result.c:151:
Could not read public key from kljuc45.key
4047F10013790000:error:1608010C:STORE routines:ossl_store_handle_load_result:unsupported:../crypto/store/store_result.c:151:
Could not read public key from kljuc46.key
4007A3CFDC7C0000:error:1608010C:STORE routines:ossl_store_handle_load_result:unsupported:../crypto/store/store_result.c:151:
Could not read public key from kljuc47.key
40775822237A0000:error:1608010C:STORE routines:ossl_store_handle_load_result:unsupported:../crypto/store/store_result.c:151:
Could not read public key from kljuc48.key
40E7B3BE53700000:error:1608010C:STORE routines:ossl_store_handle_load_result:unsupported:../crypto/store/store_result.c:151:
Could not read public key from kljuc49.key
40D72160D07B0000:error:1608010C:STORE routines:ossl_store_handle_load_result:unsupported:../crypto/store/store_result.c:151:
Could not read public key from kljuc4.key
40A778A2FF7B0000:error:1608010C:STORE routines:ossl_store_handle_load_result:unsupported:../crypto/store/store_result.c:151:
Could not read public key from kljuc50.key
40D73A18CF720000:error:1608010C:STORE routines:ossl_store_handle_load_result:unsupported:../crypto/store/store_result.c:151:
Could not read public key from kljuc5.key
40779F69E8770000:error:1608010C:STORE routines:ossl_store_handle_load_result:unsupported:../crypto/store/store_result.c:151:
Could not read public key from kljuc6.key
4067B8FB567C0000:error:1608010C:STORE routines:ossl_store_handle_load_result:unsupported:../crypto/store/store_result.c:151:
Could not read public key from kljuc7.key
4047F4511F7D0000:error:1608010C:STORE routines:ossl_store_handle_load_result:unsupported:../crypto/store/store_result.c:151:
Could not read public key from kljuc8.key
40378AC1F37B0000:error:1608010C:STORE routines:ossl_store_handle_load_result:unsupported:../crypto/store/store_result.c:151:
Could not read public key from kljuc9.key
407731FB5E7A0000:error:1608010C:STORE routines:ossl_store_handle_load_result:unsupported:../crypto/store/store_result.c:151:
Could not read public key from kljuc10.key
40C7304C7C7B0000:error:1608010C:STORE routines:ossl_store_handle_load_result:unsupported:../crypto/store/store_result.c:151:
Could not read public key from kljuc11.key
40D7B7EA1A780000:error:1608010C:STORE routines:ossl_store_handle_load_result:unsupported:../crypto/store/store_result.c:151:
Could not read public key from kljuc12.key
40773230B6720000:error:1608010C:STORE routines:ossl_store_handle_load_result:unsupported:../crypto/store/store_result.c:151:
Could not read public key from kljuc13.key
40A75F5A6E760000:error:1608010C:STORE routines:ossl_store_handle_load_result:unsupported:../crypto/store/store_result.c:151:
Could not read public key from kljuc14.key
40F7A76C8E780000:error:1608010C:STORE routines:ossl_store_handle_load_result:unsupported:../crypto/store/store_result.c:151:
Could not read public key from kljuc15.key
40277D5B6C7F0000:error:1608010C:STORE routines:ossl_store_handle_load_result:unsupported:../crypto/store/store_result.c:151:
Could not read public key from kljuc16.key
40178BE5447B0000:error:1608010C:STORE routines:ossl_store_handle_load_result:unsupported:../crypto/store/store_result.c:151:
Could not read public key from kljuc17.key
4037C585AB720000:error:1608010C:STORE routines:ossl_store_handle_load_result:unsupported:../crypto/store/store_result.c:151:
Could not read public key from kljuc18.key
40F7EADFB0790000:error:1608010C:STORE routines:ossl_store_handle_load_result:unsupported:../crypto/store/store_result.c:151:
Could not read public key from kljuc19.key
40B79EFCC77D0000:error:1608010C:STORE routines:ossl_store_handle_load_result:unsupported:../crypto/store/store_result.c:151:
Could not read public key from kljuc1.key
40C7125A5F730000:error:1608010C:STORE routines:ossl_store_handle_load_result:unsupported:../crypto/store/store_result.c:151:
Could not read public key from kljuc20.key
4057F816A5790000:error:1608010C:STORE routines:ossl_store_handle_load_result:unsupported:../crypto/store/store_result.c:151:
Could not read public key from kljuc21.key
40E79A083E7B0000:error:1608010C:STORE routines:ossl_store_handle_load_result:unsupported:../crypto/store/store_result.c:151:
Could not read public key from kljuc22.key
40D7366F7D750000:error:1608010C:STORE routines:ossl_store_handle_load_result:unsupported:../crypto/store/store_result.c:151:
Could not read public key from kljuc23.key
403700F60D710000:error:1608010C:STORE routines:ossl_store_handle_load_result:unsupported:../crypto/store/store_result.c:151:
Could not read public key from kljuc24.key
40C7241D06760000:error:1608010C:STORE routines:ossl_store_handle_load_result:unsupported:../crypto/store/store_result.c:151:
Could not read public key from kljuc25.key
4007EAD9D1700000:error:1608010C:STORE routines:ossl_store_handle_load_result:unsupported:../crypto/store/store_result.c:151:
Could not read public key from kljuc26.key
40D7178D5A7E0000:error:1608010C:STORE routines:ossl_store_handle_load_result:unsupported:../crypto/store/store_result.c:151:
Could not read public key from kljuc27.key
40C7088924780000:error:1608010C:STORE routines:ossl_store_handle_load_result:unsupported:../crypto/store/store_result.c:151:
Could not read public key from kljuc28.key
4037168559750000:error:1608010C:STORE routines:ossl_store_handle_load_result:unsupported:../crypto/store/store_result.c:151:
Could not read public key from kljuc29.key
4037C7CED0750000:error:1608010C:STORE routines:ossl_store_handle_load_result:unsupported:../crypto/store/store_result.c:151:
Could not read public key from kljuc2.key
40070F9101770000:error:1608010C:STORE routines:ossl_store_handle_load_result:unsupported:../crypto/store/store_result.c:151:
Could not read public key from kljuc30.key
40B713D460750000:error:1608010C:STORE routines:ossl_store_handle_load_result:unsupported:../crypto/store/store_result.c:151:
Could not read public key from kljuc31.key
40A77DA7B17D0000:error:1608010C:STORE routines:ossl_store_handle_load_result:unsupported:../crypto/store/store_result.c:151:
Could not read public key from kljuc32.key
4067833C4A760000:error:1608010C:STORE routines:ossl_store_handle_load_result:unsupported:../crypto/store/store_result.c:151:
Could not read public key from kljuc33.key
4027A72EFA790000:error:1608010C:STORE routines:ossl_store_handle_load_result:unsupported:../crypto/store/store_result.c:151:
Could not read public key from kljuc34.key
40B72DDA7C720000:error:1608010C:STORE routines:ossl_store_handle_load_result:unsupported:../crypto/store/store_result.c:151:
Could not read public key from kljuc35.key
40E7AD089C7F0000:error:1608010C:STORE routines:ossl_store_handle_load_result:unsupported:../crypto/store/store_result.c:151:
Could not read public key from kljuc36.key
4057B78490770000:error:1608010C:STORE routines:ossl_store_handle_load_result:unsupported:../crypto/store/store_result.c:151:
Could not read public key from kljuc37.key
408710336E7B0000:error:1608010C:STORE routines:ossl_store_handle_load_result:unsupported:../crypto/store/store_result.c:151:
Could not read public key from kljuc38.key
4027B807187B0000:error:1608010C:STORE routines:ossl_store_handle_load_result:unsupported:../crypto/store/store_result.c:151:
Could not read public key from kljuc39.key
402717CE797F0000:error:1608010C:STORE routines:ossl_store_handle_load_result:unsupported:../crypto/store/store_result.c:151:
Could not read public key from kljuc3.key
40C7CA2869740000:error:1608010C:STORE routines:ossl_store_handle_load_result:unsupported:../crypto/store/store_result.c:151:
Could not read public key from kljuc40.key
4047BCFC53790000:error:1608010C:STORE routines:ossl_store_handle_load_result:unsupported:../crypto/store/store_result.c:151:
Could not read public key from kljuc41.key
4077099E5D730000:error:1608010C:STORE routines:ossl_store_handle_load_result:unsupported:../crypto/store/store_result.c:151:
Could not read public key from kljuc42.key
40E71121177F0000:error:1608010C:STORE routines:ossl_store_handle_load_result:unsupported:../crypto/store/store_result.c:151:
Could not read public key from kljuc43.key
401713EC297A0000:error:1608010C:STORE routines:ossl_store_handle_load_result:unsupported:../crypto/store/store_result.c:151:
Could not read public key from kljuc44.key
40A7B0DF28740000:error:1608010C:STORE routines:ossl_store_handle_load_result:unsupported:../crypto/store/store_result.c:151:
Could not read public key from kljuc45.key
40D75B4C44750000:error:1608010C:STORE routines:ossl_store_handle_load_result:unsupported:../crypto/store/store_result.c:151:
Could not read public key from kljuc46.key
40C76C549F700000:error:1608010C:STORE routines:ossl_store_handle_load_result:unsupported:../crypto/store/store_result.c:151:
Could not read public key from kljuc47.key
40C722D0ED790000:error:1608010C:STORE routines:ossl_store_handle_load_result:unsupported:../crypto/store/store_result.c:151:
Could not read public key from kljuc48.key
40F7E77A4D770000:error:1608010C:STORE routines:ossl_store_handle_load_result:unsupported:../crypto/store/store_result.c:151:
Could not read public key from kljuc49.key
40F7A24734760000:error:1608010C:STORE routines:ossl_store_handle_load_result:unsupported:../crypto/store/store_result.c:151:
Could not read public key from kljuc4.key
4067AED1BA780000:error:1608010C:STORE routines:ossl_store_handle_load_result:unsupported:../crypto/store/store_result.c:151:
Could not read public key from kljuc50.key
40F74B41C8750000:error:1608010C:STORE routines:ossl_store_handle_load_result:unsupported:../crypto/store/store_result.c:151:
Could not read public key from kljuc5.key
4027965105770000:error:1608010C:STORE routines:ossl_store_handle_load_result:unsupported:../crypto/store/store_result.c:151:
Could not read public key from kljuc6.key
4057010E8F740000:error:1608010C:STORE routines:ossl_store_handle_load_result:unsupported:../crypto/store/store_result.c:151:
Could not read public key from kljuc7.key
406750B557710000:error:1608010C:STORE routines:ossl_store_handle_load_result:unsupported:../crypto/store/store_result.c:151:
Could not read public key from kljuc8.key
4077F55E187D0000:error:1608010C:STORE routines:ossl_store_handle_load_result:unsupported:../crypto/store/store_result.c:151:
Could not read public key from kljuc9.key
40274F1A20700000:error:1608010C:STORE routines:ossl_store_handle_load_result:unsupported:../crypto/store/store_result.c:151:
Could not read public key from kljuc10.key
40D75F6AB57E0000:error:1608010C:STORE routines:ossl_store_handle_load_result:unsupported:../crypto/store/store_result.c:151:
Could not read public key from kljuc11.key
40673094AA7A0000:error:1608010C:STORE routines:ossl_store_handle_load_result:unsupported:../crypto/store/store_result.c:151:
Could not read public key from kljuc12.key
4017B5FD23700000:error:1608010C:STORE routines:ossl_store_handle_load_result:unsupported:../crypto/store/store_result.c:151:
Could not read public key from kljuc13.key
4067D2B417760000:error:1608010C:STORE routines:ossl_store_handle_load_result:unsupported:../crypto/store/store_result.c:151:
Could not read public key from kljuc14.key
40D77FBE36710000:error:1608010C:STORE routines:ossl_store_handle_load_result:unsupported:../crypto/store/store_result.c:151:
Could not read public key from kljuc15.key
40678148DD7A0000:error:1608010C:STORE routines:ossl_store_handle_load_result:unsupported:../crypto/store/store_result.c:151:
Could not read public key from kljuc16.key
40C718468E780000:error:1608010C:STORE routines:ossl_store_handle_load_result:unsupported:../crypto/store/store_result.c:151:
Could not read public key from kljuc17.key
40474EB3D57D0000:error:1608010C:STORE routines:ossl_store_handle_load_result:unsupported:../crypto/store/store_result.c:151:
Could not read public key from kljuc18.key
40A7EF5E21770000:error:1608010C:STORE routines:ossl_store_handle_load_result:unsupported:../crypto/store/store_result.c:151:
Could not read public key from kljuc19.key
408724B95F760000:error:1608010C:STORE routines:ossl_store_handle_load_result:unsupported:../crypto/store/store_result.c:151:
Could not read public key from kljuc1.key
4097EA9AE0730000:error:1608010C:STORE routines:ossl_store_handle_load_result:unsupported:../crypto/store/store_result.c:151:
Could not read public key from kljuc20.key
40972D88127D0000:error:1608010C:STORE routines:ossl_store_handle_load_result:unsupported:../crypto/store/store_result.c:151:
Could not read public key from kljuc21.key
40C7D9585E780000:error:1608010C:STORE routines:ossl_store_handle_load_result:unsupported:../crypto/store/store_result.c:151:
Could not read public key from kljuc22.key
40877C48A0770000:error:1608010C:STORE routines:ossl_store_handle_load_result:unsupported:../crypto/store/store_result.c:151:
Could not read public key from kljuc23.key
4017BAEC797A0000:error:1608010C:STORE routines:ossl_store_handle_load_result:unsupported:../crypto/store/store_result.c:151:
Could not read public key from kljuc24.key
404785CA04700000:error:1608010C:STORE routines:ossl_store_handle_load_result:unsupported:../crypto/store/store_result.c:151:
Could not read public key from kljuc25.key
40D73B8F1E730000:error:1608010C:STORE routines:ossl_store_handle_load_result:unsupported:../crypto/store/store_result.c:151:
Could not read public key from kljuc26.key
40275DCDE2750000:error:1608010C:STORE routines:ossl_store_handle_load_result:unsupported:../crypto/store/store_result.c:151:
Could not read public key from kljuc27.key
40979C045C7E0000:error:1608010C:STORE routines:ossl_store_handle_load_result:unsupported:../crypto/store/store_result.c:151:
Could not read public key from kljuc28.key
407748B05C710000:error:1608010C:STORE routines:ossl_store_handle_load_result:unsupported:../crypto/store/store_result.c:151:
Could not read public key from kljuc29.key
402764AF30760000:error:1608010C:STORE routines:ossl_store_handle_load_result:unsupported:../crypto/store/store_result.c:151:
Could not read public key from kljuc2.key
40D7F76F27720000:error:1608010C:STORE routines:ossl_store_handle_load_result:unsupported:../crypto/store/store_result.c:151:
Could not read public key from kljuc30.key
4077BE2AE0700000:error:1608010C:STORE routines:ossl_store_handle_load_result:unsupported:../crypto/store/store_result.c:151:
Could not read public key from kljuc31.key
40C7E039A47F0000:error:1608010C:STORE routines:ossl_store_handle_load_result:unsupported:../crypto/store/store_result.c:151:
Could not read public key from kljuc32.key
408784B4E2760000:error:1608010C:STORE routines:ossl_store_handle_load_result:unsupported:../crypto/store/store_result.c:151:
Could not read public key from kljuc33.key
402794E2DA730000:error:1608010C:STORE routines:ossl_store_handle_load_result:unsupported:../crypto/store/store_result.c:151:
Could not read public key from kljuc34.key
40272BE8147A0000:error:1608010C:STORE routines:ossl_store_handle_load_result:unsupported:../crypto/store/store_result.c:151:
Could not read public key from kljuc35.key
40E7B56307710000:error:1608010C:STORE routines:ossl_store_handle_load_result:unsupported:../crypto/store/store_result.c:151:
Could not read public key from kljuc36.key
40C764DEA87B0000:error:1608010C:STORE routines:ossl_store_handle_load_result:unsupported:../crypto/store/store_result.c:151:
Could not read public key from kljuc37.key
407729E31D7A0000:error:1608010C:STORE routines:ossl_store_handle_load_result:unsupported:../crypto/store/store_result.c:151:
Could not read public key from kljuc38.key
4077E92BFE790000:error:1608010C:STORE routines:ossl_store_handle_load_result:unsupported:../crypto/store/store_result.c:151:
Could not read public key from kljuc39.key
408746037C740000:error:1608010C:STORE routines:ossl_store_handle_load_result:unsupported:../crypto/store/store_result.c:151:
Could not read public key from kljuc3.key
40D7B15CF3790000:error:1608010C:STORE routines:ossl_store_handle_load_result:unsupported:../crypto/store/store_result.c:151:
Could not read public key from kljuc40.key
40271D232B7C0000:error:1608010C:STORE routines:ossl_store_handle_load_result:unsupported:../crypto/store/store_result.c:151:
Could not read public key from kljuc41.key
40D7DE035D740000:error:1608010C:STORE routines:ossl_store_handle_load_result:unsupported:../crypto/store/store_result.c:151:
Could not read public key from kljuc42.key
40475F2B867A0000:error:1608010C:STORE routines:ossl_store_handle_load_result:unsupported:../crypto/store/store_result.c:151:
Could not read public key from kljuc43.key
4027EFAC44710000:error:1608010C:STORE routines:ossl_store_handle_load_result:unsupported:../crypto/store/store_result.c:151:
Could not read public key from kljuc44.key
4047BF608F720000:error:1608010C:STORE routines:ossl_store_handle_load_result:unsupported:../crypto/store/store_result.c:151:
Could not read public key from kljuc45.key
40F7A3556A780000:error:1608010C:STORE routines:ossl_store_handle_load_result:unsupported:../crypto/store/store_result.c:151:
Could not read public key from kljuc46.key
40F784784E790000:error:1608010C:STORE routines:ossl_store_handle_load_result:unsupported:../crypto/store/store_result.c:151:
Could not read public key from kljuc47.key
4047B036477C0000:error:1608010C:STORE routines:ossl_store_handle_load_result:unsupported:../crypto/store/store_result.c:151:
Could not read public key from kljuc48.key
4057279BAB790000:error:1608010C:STORE routines:ossl_store_handle_load_result:unsupported:../crypto/store/store_result.c:151:
Could not read public key from kljuc49.key
4037911FAA700000:error:1608010C:STORE routines:ossl_store_handle_load_result:unsupported:../crypto/store/store_result.c:151:
Could not read public key from kljuc4.key
4057847308780000:error:1608010C:STORE routines:ossl_store_handle_load_result:unsupported:../crypto/store/store_result.c:151:
Could not read public key from kljuc50.key
4057E6010C750000:error:1608010C:STORE routines:ossl_store_handle_load_result:unsupported:../crypto/store/store_result.c:151:
Could not read public key from kljuc5.key
40F7F4BD74750000:error:1608010C:STORE routines:ossl_store_handle_load_result:unsupported:../crypto/store/store_result.c:151:
Could not read public key from kljuc6.key
40E7E81E6F770000:error:1608010C:STORE routines:ossl_store_handle_load_result:unsupported:../crypto/store/store_result.c:151:
Could not read public key from kljuc7.key
40975E6E8C730000:error:1608010C:STORE routines:ossl_store_handle_load_result:unsupported:../crypto/store/store_result.c:151:
Could not read public key from kljuc8.key
405764E7E77F0000:error:1608010C:STORE routines:ossl_store_handle_load_result:unsupported:../crypto/store/store_result.c:151:
Could not read public key from kljuc9.key
4077420466780000:error:1608010C:STORE routines:ossl_store_handle_load_result:unsupported:../crypto/store/store_result.c:151:
Could not read public key from kljuc10.key
4037FF5948770000:error:1608010C:STORE routines:ossl_store_handle_load_result:unsupported:../crypto/store/store_result.c:151:
Could not read public key from kljuc11.key
40E7A25CBB780000:error:1608010C:STORE routines:ossl_store_handle_load_result:unsupported:../crypto/store/store_result.c:151:
Could not read public key from kljuc12.key
40A785C03D7E0000:error:1608010C:STORE routines:ossl_store_handle_load_result:unsupported:../crypto/store/store_result.c:151:
Could not read public key from kljuc13.key
4007AD45467A0000:error:1608010C:STORE routines:ossl_store_handle_load_result:unsupported:../crypto/store/store_result.c:151:
Could not read public key from kljuc14.key
4077812BEF760000:error:1608010C:STORE routines:ossl_store_handle_load_result:unsupported:../crypto/store/store_result.c:151:
Could not read public key from kljuc15.key
4067EBF1377F0000:error:1608010C:STORE routines:ossl_store_handle_load_result:unsupported:../crypto/store/store_result.c:151:
Could not read public key from kljuc16.key
40B7CF1945750000:error:1608010C:STORE routines:ossl_store_handle_load_result:unsupported:../crypto/store/store_result.c:151:
Could not read public key from kljuc17.key
40770B875D710000:error:1608010C:STORE routines:ossl_store_handle_load_result:unsupported:../crypto/store/store_result.c:151:
Could not read public key from kljuc18.key
40772282307B0000:error:1608010C:STORE routines:ossl_store_handle_load_result:unsupported:../crypto/store/store_result.c:151:
Could not read public key from kljuc19.key
4087EA429A720000:error:1608010C:STORE routines:ossl_store_handle_load_result:unsupported:../crypto/store/store_result.c:151:
Could not read public key from kljuc1.key
4027C78F047F0000:error:1608010C:STORE routines:ossl_store_handle_load_result:unsupported:../crypto/store/store_result.c:151:
Could not read public key from kljuc20.key
406722C7CA740000:error:1608010C:STORE routines:ossl_store_handle_load_result:unsupported:../crypto/store/store_result.c:151:
Could not read public key from kljuc21.key
40275F4D39770000:error:1608010C:STORE routines:ossl_store_handle_load_result:unsupported:../crypto/store/store_result.c:151:
Could not read public key from kljuc22.key
40A75A577C7D0000:error:1608010C:STORE routines:ossl_store_handle_load_result:unsupported:../crypto/store/store_result.c:151:
Could not read public key from kljuc23.key
4087F5299A7C0000:error:1608010C:STORE routines:ossl_store_handle_load_result:unsupported:../crypto/store/store_result.c:151:
Could not read public key from kljuc24.key
405740BFE1770000:error:1608010C:STORE routines:ossl_store_handle_load_result:unsupported:../crypto/store/store_result.c:151:
Could not read public key from kljuc25.key
40E7309EA77F0000:error:1608010C:STORE routines:ossl_store_handle_load_result:unsupported:../crypto/store/store_result.c:151:
Could not read public key from kljuc26.key
40D7743794790000:error:1608010C:STORE routines:ossl_store_handle_load_result:unsupported:../crypto/store/store_result.c:151:
Could not read public key from kljuc27.key
40B7546C77750000:error:1608010C:STORE routines:ossl_store_handle_load_result:unsupported:../crypto/store/store_result.c:151:
Could not read public key from kljuc28.key
40675F295F7C0000:error:1608010C:STORE routines:ossl_store_handle_load_result:unsupported:../crypto/store/store_result.c:151:
Could not read public key from kljuc29.key
4087CAAFB67D0000:error:1608010C:STORE routines:ossl_store_handle_load_result:unsupported:../crypto/store/store_result.c:151:
Could not read public key from kljuc2.key
40A7E2E885760000:error:1608010C:STORE routines:ossl_store_handle_load_result:unsupported:../crypto/store/store_result.c:151:
Could not read public key from kljuc30.key
4077944D937D0000:error:1608010C:STORE routines:ossl_store_handle_load_result:unsupported:../crypto/store/store_result.c:151:
Could not read public key from kljuc31.key
4057A327ED7E0000:error:1608010C:STORE routines:ossl_store_handle_load_result:unsupported:../crypto/store/store_result.c:151:
Could not read public key from kljuc32.key
40E76A11FE7C0000:error:1608010C:STORE routines:ossl_store_handle_load_result:unsupported:../crypto/store/store_result.c:151:
Could not read public key from kljuc33.key
4007F9FFF1730000:error:1608010C:STORE routines:ossl_store_handle_load_result:unsupported:../crypto/store/store_result.c:151:
Could not read public key from kljuc34.key
40A703064F7D0000:error:1608010C:STORE routines:ossl_store_handle_load_result:unsupported:../crypto/store/store_result.c:151:
Could not read public key from kljuc35.key
402788D1D4780000:error:1608010C:STORE routines:ossl_store_handle_load_result:unsupported:../crypto/store/store_result.c:151:
Could not read public key from kljuc36.key
4097CCD59D7D0000:error:1608010C:STORE routines:ossl_store_handle_load_result:unsupported:../crypto/store/store_result.c:151:
Could not read public key from kljuc37.key
4037D11ECA7E0000:error:1608010C:STORE routines:ossl_store_handle_load_result:unsupported:../crypto/store/store_result.c:151:
Could not read public key from kljuc38.key
40F7F2B70E760000:error:1608010C:STORE routines:ossl_store_handle_load_result:unsupported:../crypto/store/store_result.c:151:
Could not read public key from kljuc39.key
40971C6669710000:error:1608010C:STORE routines:ossl_store_handle_load_result:unsupported:../crypto/store/store_result.c:151:
Could not read public key from kljuc3.key
401702A2E27C0000:error:1608010C:STORE routines:ossl_store_handle_load_result:unsupported:../crypto/store/store_result.c:151:
Could not read public key from kljuc40.key
40672730AC710000:error:1608010C:STORE routines:ossl_store_handle_load_result:unsupported:../crypto/store/store_result.c:151:
Could not read public key from kljuc41.key
40B7453A397F0000:error:1608010C:STORE routines:ossl_store_handle_load_result:unsupported:../crypto/store/store_result.c:151:
Could not read public key from kljuc42.key
4017BC8946750000:error:1608010C:STORE routines:ossl_store_handle_load_result:unsupported:../crypto/store/store_result.c:151:
Could not read public key from kljuc43.key
40D769C1057E0000:error:1608010C:STORE routines:ossl_store_handle_load_result:unsupported:../crypto/store/store_result.c:151:
Could not read public key from kljuc44.key
40D78E40A9700000:error:1608010C:STORE routines:ossl_store_handle_load_result:unsupported:../crypto/store/store_result.c:151:
Could not read public key from kljuc45.key
40E7C3A887700000:error:1608010C:STORE routines:ossl_store_handle_load_result:unsupported:../crypto/store/store_result.c:151:
Could not read public key from kljuc46.key
40A70E6F7D7F0000:error:1608010C:STORE routines:ossl_store_handle_load_result:unsupported:../crypto/store/store_result.c:151:
Could not read public key from kljuc47.key
4017EA8704710000:error:1608010C:STORE routines:ossl_store_handle_load_result:unsupported:../crypto/store/store_result.c:151:
Could not read public key from kljuc48.key
4057AF4C957F0000:error:1608010C:STORE routines:ossl_store_handle_load_result:unsupported:../crypto/store/store_result.c:151:
Could not read public key from kljuc49.key
40378B806E790000:error:1608010C:STORE routines:ossl_store_handle_load_result:unsupported:../crypto/store/store_result.c:151:
Could not read public key from kljuc4.key
40B7C59F2C7E0000:error:1608010C:STORE routines:ossl_store_handle_load_result:unsupported:../crypto/store/store_result.c:151:
Could not read public key from kljuc50.key
40F7FB44F8730000:error:1608010C:STORE routines:ossl_store_handle_load_result:unsupported:../crypto/store/store_result.c:151:
Could not read public key from kljuc5.key
401755BF77760000:error:1608010C:STORE routines:ossl_store_handle_load_result:unsupported:../crypto/store/store_result.c:151:
Could not read public key from kljuc6.key
40173AD08D740000:error:1608010C:STORE routines:ossl_store_handle_load_result:unsupported:../crypto/store/store_result.c:151:
Could not read public key from kljuc7.key
40F7A0D970720000:error:1608010C:STORE routines:ossl_store_handle_load_result:unsupported:../crypto/store/store_result.c:151:
Could not read public key from kljuc8.key
4087C4033C710000:error:1608010C:STORE routines:ossl_store_handle_load_result:unsupported:../crypto/store/store_result.c:151:
Could not read public key from kljuc9.key
401790A80C770000:error:1608010C:STORE routines:ossl_store_handle_load_result:unsupported:../crypto/store/store_result.c:151:
Could not read public key from kljuc10.key
40C7AC1CF7760000:error:1608010C:STORE routines:ossl_store_handle_load_result:unsupported:../crypto/store/store_result.c:151:
Could not read public key from kljuc11.key
40678691B8760000:error:1608010C:STORE routines:ossl_store_handle_load_result:unsupported:../crypto/store/store_result.c:151:
Could not read public key from kljuc12.key
40D751D6BB790000:error:1608010C:STORE routines:ossl_store_handle_load_result:unsupported:../crypto/store/store_result.c:151:
Could not read public key from kljuc13.key
4077BEEDF4700000:error:1608010C:STORE routines:ossl_store_handle_load_result:unsupported:../crypto/store/store_result.c:151:
Could not read public key from kljuc14.key
4077A3B6F7770000:error:1608010C:STORE routines:ossl_store_handle_load_result:unsupported:../crypto/store/store_result.c:151:
Could not read public key from kljuc15.key
40277937C97B0000:error:1608010C:STORE routines:ossl_store_handle_load_result:unsupported:../crypto/store/store_result.c:151:
Could not read public key from kljuc16.key
4017E4F3A97F0000:error:1608010C:STORE routines:ossl_store_handle_load_result:unsupported:../crypto/store/store_result.c:151:
Could not read public key from kljuc17.key
40F7869BDD7D0000:error:1608010C:STORE routines:ossl_store_handle_load_result:unsupported:../crypto/store/store_result.c:151:
Could not read public key from kljuc18.key
40B717FD587B0000:error:1608010C:STORE routines:ossl_store_handle_load_result:unsupported:../crypto/store/store_result.c:151:
Could not read public key from kljuc19.key
403730A61D770000:error:1608010C:STORE routines:ossl_store_handle_load_result:unsupported:../crypto/store/store_result.c:151:
Could not read public key from kljuc1.key
402737C227710000:error:1608010C:STORE routines:ossl_store_handle_load_result:unsupported:../crypto/store/store_result.c:151:
Could not read public key from kljuc20.key
40273C0F19790000:error:1608010C:STORE routines:ossl_store_handle_load_result:unsupported:../crypto/store/store_result.c:151:
Could not read public key from kljuc21.key
40B723A140710000:error:1608010C:STORE routines:ossl_store_handle_load_result:unsupported:../crypto/store/store_result.c:151:
Could not read public key from kljuc22.key
40075D566E7A0000:error:1608010C:STORE routines:ossl_store_handle_load_result:unsupported:../crypto/store/store_result.c:151:
Could not read public key from kljuc23.key
4097A10F65780000:error:1608010C:STORE routines:ossl_store_handle_load_result:unsupported:../crypto/store/store_result.c:151:
Could not read public key from kljuc24.key
40C7608E667F0000:error:1608010C:STORE routines:ossl_store_handle_load_result:unsupported:../crypto/store/store_result.c:151:
Could not read public key from kljuc25.key
40B75D21E47D0000:error:1608010C:STORE routines:ossl_store_handle_load_result:unsupported:../crypto/store/store_result.c:151:
Could not read public key from kljuc26.key
40472E4C31750000:error:1608010C:STORE routines:ossl_store_handle_load_result:unsupported:../crypto/store/store_result.c:151:
Could not read public key from kljuc27.key
40F7AA64197C0000:error:1608010C:STORE routines:ossl_store_handle_load_result:unsupported:../crypto/store/store_result.c:151:
Could not read public key from kljuc28.key
40F7305F1B7B0000:error:1608010C:STORE routines:ossl_store_handle_load_result:unsupported:../crypto/store/store_result.c:151:
Could not read public key from kljuc29.key
4037DCC2367E0000:error:1608010C:STORE routines:ossl_store_handle_load_result:unsupported:../crypto/store/store_result.c:151:
Could not read public key from kljuc2.key
40B7494A24710000:error:1608010C:STORE routines:ossl_store_handle_load_result:unsupported:../crypto/store/store_result.c:151:
Could not read public key from kljuc30.key
40379E20AC7E0000:error:1608010C:STORE routines:ossl_store_handle_load_result:unsupported:../crypto/store/store_result.c:151:
Could not read public key from kljuc31.key
400701622B7B0000:error:1608010C:STORE routines:ossl_store_handle_load_result:unsupported:../crypto/store/store_result.c:151:
Could not read public key from kljuc32.key
40C7EFB9F0730000:error:1608010C:STORE routines:ossl_store_handle_load_result:unsupported:../crypto/store/store_result.c:151:
Could not read public key from kljuc33.key
40275CDBDB770000:error:1608010C:STORE routines:ossl_store_handle_load_result:unsupported:../crypto/store/store_result.c:151:
Could not read public key from kljuc34.key
40470C0F097C0000:error:1608010C:STORE routines:ossl_store_handle_load_result:unsupported:../crypto/store/store_result.c:151:
Could not read public key from kljuc35.key
40A729D95C790000:error:1608010C:STORE routines:ossl_store_handle_load_result:unsupported:../crypto/store/store_result.c:151:
Could not read public key from kljuc36.key
404737BE9E7D0000:error:1608010C:STORE routines:ossl_store_handle_load_result:unsupported:../crypto/store/store_result.c:151:
Could not read public key from kljuc37.key
4077DDF398710000:error:1608010C:STORE routines:ossl_store_handle_load_result:unsupported:../crypto/store/store_result.c:151:
Could not read public key from kljuc38.key
40072FE6A6740000:error:1608010C:STORE routines:ossl_store_handle_load_result:unsupported:../crypto/store/store_result.c:151:
Could not read public key from kljuc39.key
40A7855D437D0000:error:1608010C:STORE routines:ossl_store_handle_load_result:unsupported:../crypto/store/store_result.c:151:
Could not read public key from kljuc3.key
4037A1EE6A7B0000:error:1608010C:STORE routines:ossl_store_handle_load_result:unsupported:../crypto/store/store_result.c:151:
Could not read public key from kljuc40.key
40C7B54F1E720000:error:1608010C:STORE routines:ossl_store_handle_load_result:unsupported:../crypto/store/store_result.c:151:
Could not read public key from kljuc41.key
4097CA62DD790000:error:1608010C:STORE routines:ossl_store_handle_load_result:unsupported:../crypto/store/store_result.c:151:
Could not read public key from kljuc42.key
4047BA83BE760000:error:1608010C:STORE routines:ossl_store_handle_load_result:unsupported:../crypto/store/store_result.c:151:
Could not read public key from kljuc43.key
40C74018C4700000:error:1608010C:STORE routines:ossl_store_handle_load_result:unsupported:../crypto/store/store_result.c:151:
Could not read public key from kljuc44.key
40C7A453F3790000:error:1608010C:STORE routines:ossl_store_handle_load_result:unsupported:../crypto/store/store_result.c:151:
Could not read public key from kljuc45.key
40771166827B0000:error:1608010C:STORE routines:ossl_store_handle_load_result:unsupported:../crypto/store/store_result.c:151:
Could not read public key from kljuc46.key
40575D20F0750000:error:1608010C:STORE routines:ossl_store_handle_load_result:unsupported:../crypto/store/store_result.c:151:
Could not read public key from kljuc47.key
40F70C712B7E0000:error:1608010C:STORE routines:ossl_store_handle_load_result:unsupported:../crypto/store/store_result.c:151:
Could not read public key from kljuc48.key
4057837303770000:error:1608010C:STORE routines:ossl_store_handle_load_result:unsupported:../crypto/store/store_result.c:151:
Could not read public key from kljuc49.key
40379DD30D770000:error:1608010C:STORE routines:ossl_store_handle_load_result:unsupported:../crypto/store/store_result.c:151:
Could not read public key from kljuc4.key
4037696FB7770000:error:1608010C:STORE routines:ossl_store_handle_load_result:unsupported:../crypto/store/store_result.c:151:
Could not read public key from kljuc50.key
40379773D8760000:error:1608010C:STORE routines:ossl_store_handle_load_result:unsupported:../crypto/store/store_result.c:151:
Could not read public key from kljuc5.key
40A7A1006D760000:error:1608010C:STORE routines:ossl_store_handle_load_result:unsupported:../crypto/store/store_result.c:151:
Could not read public key from kljuc6.key
4067AFA9DD730000:error:1608010C:STORE routines:ossl_store_handle_load_result:unsupported:../crypto/store/store_result.c:151:
Could not read public key from kljuc7.key
40C766A6A87B0000:error:1608010C:STORE routines:ossl_store_handle_load_result:unsupported:../crypto/store/store_result.c:151:
Could not read public key from kljuc8.key
40D7D8CA2A750000:error:1608010C:STORE routines:ossl_store_handle_load_result:unsupported:../crypto/store/store_result.c:151:
Could not read public key from kljuc9.key
40C7322598790000:error:1608010C:STORE routines:ossl_store_handle_load_result:unsupported:../crypto/store/store_result.c:151:
Could not read public key from kljuc10.key
40277A9752790000:error:1608010C:STORE routines:ossl_store_handle_load_result:unsupported:../crypto/store/store_result.c:151:
Could not read public key from kljuc11.key
40E765CEF2740000:error:1608010C:STORE routines:ossl_store_handle_load_result:unsupported:../crypto/store/store_result.c:151:
Could not read public key from kljuc12.key
40F7FCAEEB730000:error:1608010C:STORE routines:ossl_store_handle_load_result:unsupported:../crypto/store/store_result.c:151:
Could not read public key from kljuc13.key
407751C2DD750000:error:1608010C:STORE routines:ossl_store_handle_load_result:unsupported:../crypto/store/store_result.c:151:
Could not read public key from kljuc14.key
40D75147F67F0000:error:1608010C:STORE routines:ossl_store_handle_load_result:unsupported:../crypto/store/store_result.c:151:
Could not read public key from kljuc15.key
40B7559C34710000:error:1608010C:STORE routines:ossl_store_handle_load_result:unsupported:../crypto/store/store_result.c:151:
Could not read public key from kljuc16.key
40D7284FB4750000:error:1608010C:STORE routines:ossl_store_handle_load_result:unsupported:../crypto/store/store_result.c:151:
Could not read public key from kljuc17.key
4077949D70740000:error:1608010C:STORE routines:ossl_store_handle_load_result:unsupported:../crypto/store/store_result.c:151:
Could not read public key from kljuc18.key
4027F23E6C790000:error:1608010C:STORE routines:ossl_store_handle_load_result:unsupported:../crypto/store/store_result.c:151:
Could not read public key from kljuc19.key
40773986BD730000:error:1608010C:STORE routines:ossl_store_handle_load_result:unsupported:../crypto/store/store_result.c:151:
Could not read public key from kljuc1.key
40B7252A08760000:error:1608010C:STORE routines:ossl_store_handle_load_result:unsupported:../crypto/store/store_result.c:151:
Could not read public key from kljuc20.key
40170D73F8740000:error:1608010C:STORE routines:ossl_store_handle_load_result:unsupported:../crypto/store/store_result.c:151:
Could not read public key from kljuc21.key
4047782DD47A0000:error:1608010C:STORE routines:ossl_store_handle_load_result:unsupported:../crypto/store/store_result.c:151:
Could not read public key from kljuc22.key
40B7866E82730000:error:1608010C:STORE routines:ossl_store_handle_load_result:unsupported:../crypto/store/store_result.c:151:
Could not read public key from kljuc23.key
40D718C01F740000:error:1608010C:STORE routines:ossl_store_handle_load_result:unsupported:../crypto/store/store_result.c:151:
Could not read public key from kljuc24.key
40B70A35037B0000:error:1608010C:STORE routines:ossl_store_handle_load_result:unsupported:../crypto/store/store_result.c:151:
Could not read public key from kljuc25.key
407719B898720000:error:1608010C:STORE routines:ossl_store_handle_load_result:unsupported:../crypto/store/store_result.c:151:
Could not read public key from kljuc26.key
40E76B4213700000:error:1608010C:STORE routines:ossl_store_handle_load_result:unsupported:../crypto/store/store_result.c:151:
Could not read public key from kljuc27.key
40073FB43F740000:error:1608010C:STORE routines:ossl_store_handle_load_result:unsupported:../crypto/store/store_result.c:151:
Could not read public key from kljuc28.key
4067192F7B730000:error:1608010C:STORE routines:ossl_store_handle_load_result:unsupported:../crypto/store/store_result.c:151:
Could not read public key from kljuc29.key
40C718A0447A0000:error:1608010C:STORE routines:ossl_store_handle_load_result:unsupported:../crypto/store/store_result.c:151:
Could not read public key from kljuc2.key
4087092548710000:error:1608010C:STORE routines:ossl_store_handle_load_result:unsupported:../crypto/store/store_result.c:151:
Could not read public key from kljuc30.key
405756364B740000:error:1608010C:STORE routines:ossl_store_handle_load_result:unsupported:../crypto/store/store_result.c:151:
Could not read public key from kljuc31.key
40A720D973720000:error:1608010C:STORE routines:ossl_store_handle_load_result:unsupported:../crypto/store/store_result.c:151:
Could not read public key from kljuc32.key
40C7DAB6B7700000:error:1608010C:STORE routines:ossl_store_handle_load_result:unsupported:../crypto/store/store_result.c:151:
Could not read public key from kljuc33.key
40B7A94B647B0000:error:1608010C:STORE routines:ossl_store_handle_load_result:unsupported:../crypto/store/store_result.c:151:
Could not read public key from kljuc34.key
40E7B45FC3780000:error:1608010C:STORE routines:ossl_store_handle_load_result:unsupported:../crypto/store/store_result.c:151:
Could not read public key from kljuc35.key
4057A8CE257E0000:error:1608010C:STORE routines:ossl_store_handle_load_result:unsupported:../crypto/store/store_result.c:151:
Could not read public key from kljuc36.key
40773DFB96730000:error:1608010C:STORE routines:ossl_store_handle_load_result:unsupported:../crypto/store/store_result.c:151:
Could not read public key from kljuc37.key
4027783444740000:error:1608010C:STORE routines:ossl_store_handle_load_result:unsupported:../crypto/store/store_result.c:151:
Could not read public key from kljuc38.key
40B7447DE7790000:error:1608010C:STORE routines:ossl_store_handle_load_result:unsupported:../crypto/store/store_result.c:151:
Could not read public key from kljuc39.key
40B7A8E1DF700000:error:1608010C:STORE routines:ossl_store_handle_load_result:unsupported:../crypto/store/store_result.c:151:
Could not read public key from kljuc3.key
4057DE0A137B0000:error:1608010C:STORE routines:ossl_store_handle_load_result:unsupported:../crypto/store/store_result.c:151:
Could not read public key from kljuc40.key
400777BDA57D0000:error:1608010C:STORE routines:ossl_store_handle_load_result:unsupported:../crypto/store/store_result.c:151:
Could not read public key from kljuc41.key
40C742760C7B0000:error:1608010C:STORE routines:ossl_store_handle_load_result:unsupported:../crypto/store/store_result.c:151:
Could not read public key from kljuc42.key
40872B015B790000:error:1608010C:STORE routines:ossl_store_handle_load_result:unsupported:../crypto/store/store_result.c:151:
Could not read public key from kljuc43.key
401754525F710000:error:1608010C:STORE routines:ossl_store_handle_load_result:unsupported:../crypto/store/store_result.c:151:
Could not read public key from kljuc44.key
40E74D69DF720000:error:1608010C:STORE routines:ossl_store_handle_load_result:unsupported:../crypto/store/store_result.c:151:
Could not read public key from kljuc45.key
401720382F700000:error:1608010C:STORE routines:ossl_store_handle_load_result:unsupported:../crypto/store/store_result.c:151:
Could not read public key from kljuc46.key
4037A81791700000:error:1608010C:STORE routines:ossl_store_handle_load_result:unsupported:../crypto/store/store_result.c:151:
Could not read public key from kljuc47.key
40D73B0699710000:error:1608010C:STORE routines:ossl_store_handle_load_result:unsupported:../crypto/store/store_result.c:151:
Could not read public key from kljuc48.key
40A7B03F65710000:error:1608010C:STORE routines:ossl_store_handle_load_result:unsupported:../crypto/store/store_result.c:151:
Could not read public key from kljuc49.key
405757D726740000:error:1608010C:STORE routines:ossl_store_handle_load_result:unsupported:../crypto/store/store_result.c:151:
Could not read public key from kljuc4.key
4027C37CD1720000:error:1608010C:STORE routines:ossl_store_handle_load_result:unsupported:../crypto/store/store_result.c:151:
Could not read public key from kljuc50.key
40D76C2A26790000:error:1608010C:STORE routines:ossl_store_handle_load_result:unsupported:../crypto/store/store_result.c:151:
Could not read public key from kljuc5.key
40C70E3EFA7A0000:error:1608010C:STORE routines:ossl_store_handle_load_result:unsupported:../crypto/store/store_result.c:151:
Could not read public key from kljuc6.key
40971B9602770000:error:1608010C:STORE routines:ossl_store_handle_load_result:unsupported:../crypto/store/store_result.c:151:
Could not read public key from kljuc7.key
4077693552710000:error:1608010C:STORE routines:ossl_store_handle_load_result:unsupported:../crypto/store/store_result.c:151:
Could not read public key from kljuc8.key
40F7F5FA017B0000:error:1608010C:STORE routines:ossl_store_handle_load_result:unsupported:../crypto/store/store_result.c:151:
Could not read public key from kljuc9.key
403791F1CB730000:error:1608010C:STORE routines:ossl_store_handle_load_result:unsupported:../crypto/store/store_result.c:151:
Could not read public key from kljuc10.key
4057E6FF54770000:error:1608010C:STORE routines:ossl_store_handle_load_result:unsupported:../crypto/store/store_result.c:151:
Could not read public key from kljuc11.key
40B7785C5B700000:error:1608010C:STORE routines:ossl_store_handle_load_result:unsupported:../crypto/store/store_result.c:151:
Could not read public key from kljuc12.key
40270988C9730000:error:1608010C:STORE routines:ossl_store_handle_load_result:unsupported:../crypto/store/store_result.c:151:
Could not read public key from kljuc13.key
4097DA8BE5790000:error:1608010C:STORE routines:ossl_store_handle_load_result:unsupported:../crypto/store/store_result.c:151:
Could not read public key from kljuc14.key
40179BAB30720000:error:1608010C:STORE routines:ossl_store_handle_load_result:unsupported:../crypto/store/store_result.c:151:
Could not read public key from kljuc15.key
40C777684D700000:error:1608010C:STORE routines:ossl_store_handle_load_result:unsupported:../crypto/store/store_result.c:151:
Could not read public key from kljuc16.key
407749DCF07E0000:error:1608010C:STORE routines:ossl_store_handle_load_result:unsupported:../crypto/store/store_result.c:151:
Could not read public key from kljuc17.key
406790DAA1780000:error:1608010C:STORE routines:ossl_store_handle_load_result:unsupported:../crypto/store/store_result.c:151:
Could not read public key from kljuc18.key
40678674A0790000:error:1608010C:STORE routines:ossl_store_handle_load_result:unsupported:../crypto/store/store_result.c:151:
Could not read public key from kljuc19.key
4007D46D71780000:error:1608010C:STORE routines:ossl_store_handle_load_result:unsupported:../crypto/store/store_result.c:151:
Could not read public key from kljuc1.key
40276BAD91720000:error:1608010C:STORE routines:ossl_store_handle_load_result:unsupported:../crypto/store/store_result.c:151:
Could not read public key from kljuc20.key
40E76028837C0000:error:1608010C:STORE routines:ossl_store_handle_load_result:unsupported:../crypto/store/store_result.c:151:
Could not read public key from kljuc21.key
40E72A59C67A0000:error:1608010C:STORE routines:ossl_store_handle_load_result:unsupported:../crypto/store/store_result.c:151:
Could not read public key from kljuc22.key
40D778D1A4720000:error:1608010C:STORE routines:ossl_store_handle_load_result:unsupported:../crypto/store/store_result.c:151:
Could not read public key from kljuc23.key
40A79859927E0000:error:1608010C:STORE routines:ossl_store_handle_load_result:unsupported:../crypto/store/store_result.c:151:
Could not read public key from kljuc24.key
40570520DD790000:error:1608010C:STORE routines:ossl_store_handle_load_result:unsupported:../crypto/store/store_result.c:151:
Could not read public key from kljuc25.key
4077D157757E0000:error:1608010C:STORE routines:ossl_store_handle_load_result:unsupported:../crypto/store/store_result.c:151:
Could not read public key from kljuc26.key
40C71346D0750000:error:1608010C:STORE routines:ossl_store_handle_load_result:unsupported:../crypto/store/store_result.c:151:
Could not read public key from kljuc27.key
40574B0CFB790000:error:1608010C:STORE routines:ossl_store_handle_load_result:unsupported:../crypto/store/store_result.c:151:
Could not read public key from kljuc28.key
40A7683E53750000:error:1608010C:STORE routines:ossl_store_handle_load_result:unsupported:../crypto/store/store_result.c:151:
Could not read public key from kljuc29.key
40175745577F0000:error:1608010C:STORE routines:ossl_store_handle_load_result:unsupported:../crypto/store/store_result.c:151:
Could not read public key from kljuc2.key
4047469DDD7D0000:error:1608010C:STORE routines:ossl_store_handle_load_result:unsupported:../crypto/store/store_result.c:151:
Could not read public key from kljuc30.key
4037688579720000:error:1608010C:STORE routines:ossl_store_handle_load_result:unsupported:../crypto/store/store_result.c:151:
Could not read public key from kljuc31.key
40371C0577780000:error:1608010C:STORE routines:ossl_store_handle_load_result:unsupported:../crypto/store/store_result.c:151:
Could not read public key from kljuc32.key
40D7C483FB7D0000:error:1608010C:STORE routines:ossl_store_handle_load_result:unsupported:../crypto/store/store_result.c:151:
Could not read public key from kljuc33.key
40B7E3ABC27F0000:error:1608010C:STORE routines:ossl_store_handle_load_result:unsupported:../crypto/store/store_result.c:151:
Could not read public key from kljuc34.key
409743FEB4750000:error:1608010C:STORE routines:ossl_store_handle_load_result:unsupported:../crypto/store/store_result.c:151:
Could not read public key from kljuc35.key
4057519180700000:error:1608010C:STORE routines:ossl_store_handle_load_result:unsupported:../crypto/store/store_result.c:151:
Could not read public key from kljuc36.key
4067064A70760000:error:1608010C:STORE routines:ossl_store_handle_load_result:unsupported:../crypto/store/store_result.c:151:
Could not read public key from kljuc37.key
4077BB47BA730000:error:1608010C:STORE routines:ossl_store_handle_load_result:unsupported:../crypto/store/store_result.c:151:
Could not read public key from kljuc38.key
40A78FA35B760000:error:1608010C:STORE routines:ossl_store_handle_load_result:unsupported:../crypto/store/store_result.c:151:
Could not read public key from kljuc39.key
4037846274740000:error:1608010C:STORE routines:ossl_store_handle_load_result:unsupported:../crypto/store/store_result.c:151:
Could not read public key from kljuc3.key
4067BB299E7B0000:error:1608010C:STORE routines:ossl_store_handle_load_result:unsupported:../crypto/store/store_result.c:151:
Could not read public key from kljuc40.key
408746CE52720000:error:1608010C:STORE routines:ossl_store_handle_load_result:unsupported:../crypto/store/store_result.c:151:
Could not read public key from kljuc41.key
40F7FBDB23780000:error:1608010C:STORE routines:ossl_store_handle_load_result:unsupported:../crypto/store/store_result.c:151:
Could not read public key from kljuc42.key
4087B7F90F770000:error:1608010C:STORE routines:ossl_store_handle_load_result:unsupported:../crypto/store/store_result.c:151:
Could not read public key from kljuc43.key
4007D33B3D750000:error:1608010C:STORE routines:ossl_store_handle_load_result:unsupported:../crypto/store/store_result.c:151:
Could not read public key from kljuc44.key
40B7A6EBC6780000:error:1608010C:STORE routines:ossl_store_handle_load_result:unsupported:../crypto/store/store_result.c:151:
Could not read public key from kljuc45.key
4077D64215760000:error:1608010C:STORE routines:ossl_store_handle_load_result:unsupported:../crypto/store/store_result.c:151:
Could not read public key from kljuc46.key
40F7E424007B0000:error:1608010C:STORE routines:ossl_store_handle_load_result:unsupported:../crypto/store/store_result.c:151:
Could not read public key from kljuc47.key
40A72EF31E780000:error:1608010C:STORE routines:ossl_store_handle_load_result:unsupported:../crypto/store/store_result.c:151:
Could not read public key from kljuc48.key
4087834E67700000:error:1608010C:STORE routines:ossl_store_handle_load_result:unsupported:../crypto/store/store_result.c:151:
Could not read public key from kljuc49.key
4077BEE9E7790000:error:1608010C:STORE routines:ossl_store_handle_load_result:unsupported:../crypto/store/store_result.c:151:
Could not read public key from kljuc4.key
40576B28DD7F0000:error:1608010C:STORE routines:ossl_store_handle_load_result:unsupported:../crypto/store/store_result.c:151:
Could not read public key from kljuc50.key
40B75C20E07F0000:error:1608010C:STORE routines:ossl_store_handle_load_result:unsupported:../crypto/store/store_result.c:151:
Could not read public key from kljuc5.key
40E7BA5FA6740000:error:1608010C:STORE routines:ossl_store_handle_load_result:unsupported:../crypto/store/store_result.c:151:
Could not read public key from kljuc6.key
401796B66A7F0000:error:1608010C:STORE routines:ossl_store_handle_load_result:unsupported:../crypto/store/store_result.c:151:
Could not read public key from kljuc7.key
40C74F0AC6790000:error:1608010C:STORE routines:ossl_store_handle_load_result:unsupported:../crypto/store/store_result.c:151:
Could not read public key from kljuc8.key
40877FF49F7E0000:error:1608010C:STORE routines:ossl_store_handle_load_result:unsupported:../crypto/store/store_result.c:151:
Could not read public key from kljuc9.key
40D7A94B94750000:error:1608010C:STORE routines:ossl_store_handle_load_result:unsupported:../crypto/store/store_result.c:151:
Could not read public key from kljuc10.key
408764AB5B700000:error:1608010C:STORE routines:ossl_store_handle_load_result:unsupported:../crypto/store/store_result.c:151:
Could not read public key from kljuc11.key
4017A8033F7B0000:error:1608010C:STORE routines:ossl_store_handle_load_result:unsupported:../crypto/store/store_result.c:151:
Could not read public key from kljuc12.key
4057F1BDB7790000:error:1608010C:STORE routines:ossl_store_handle_load_result:unsupported:../crypto/store/store_result.c:151:
Could not read public key from kljuc13.key
405723F8E4740000:error:1608010C:STORE routines:ossl_store_handle_load_result:unsupported:../crypto/store/store_result.c:151:
Could not read public key from kljuc14.key
4067D63273710000:error:1608010C:STORE routines:ossl_store_handle_load_result:unsupported:../crypto/store/store_result.c:151:
Could not read public key from kljuc15.key
40474A159A7D0000:error:1608010C:STORE routines:ossl_store_handle_load_result:unsupported:../crypto/store/store_result.c:151:
Could not read public key from kljuc16.key
40D7D7386E710000:error:1608010C:STORE routines:ossl_store_handle_load_result:unsupported:../crypto/store/store_result.c:151:
Could not read public key from kljuc17.key
40674775EC740000:error:1608010C:STORE routines:ossl_store_handle_load_result:unsupported:../crypto/store/store_result.c:151:
Could not read public key from kljuc18.key
4037758A75750000:error:1608010C:STORE routines:ossl_store_handle_load_result:unsupported:../crypto/store/store_result.c:151:
Could not read public key from kljuc19.key
40575FAE5A770000:error:1608010C:STORE routines:ossl_store_handle_load_result:unsupported:../crypto/store/store_result.c:151:
Could not read public key from kljuc1.key
4037391F72750000:error:1608010C:STORE routines:ossl_store_handle_load_result:unsupported:../crypto/store/store_result.c:151:
Could not read public key from kljuc20.key
40E7B0983E720000:error:1608010C:STORE routines:ossl_store_handle_load_result:unsupported:../crypto/store/store_result.c:151:
Could not read public key from kljuc21.key
4007C4ED84770000:error:1608010C:STORE routines:ossl_store_handle_load_result:unsupported:../crypto/store/store_result.c:151:
Could not read public key from kljuc22.key
405743D6E4780000:error:1608010C:STORE routines:ossl_store_handle_load_result:unsupported:../crypto/store/store_result.c:151:
Could not read public key from kljuc23.key
40279CB56A7E0000:error:1608010C:STORE routines:ossl_store_handle_load_result:unsupported:../crypto/store/store_result.c:151:
Could not read public key from kljuc24.key
4007C5841A740000:error:1608010C:STORE routines:ossl_store_handle_load_result:unsupported:../crypto/store/store_result.c:151:
Could not read public key from kljuc25.key
4007765BAD740000:error:1608010C:STORE routines:ossl_store_handle_load_result:unsupported:../crypto/store/store_result.c:151:
Could not read public key from kljuc26.key
4027E776D17A0000:error:1608010C:STORE routines:ossl_store_handle_load_result:unsupported:../crypto/store/store_result.c:151:
Could not read public key from kljuc27.key
40D772AD0F7B0000:error:1608010C:STORE routines:ossl_store_handle_load_result:unsupported:../crypto/store/store_result.c:151:
Could not read public key from kljuc28.key
40C7F2BFE27F0000:error:1608010C:STORE routines:ossl_store_handle_load_result:unsupported:../crypto/store/store_result.c:151:
Could not read public key from kljuc29.key
406712F5F97B0000:error:1608010C:STORE routines:ossl_store_handle_load_result:unsupported:../crypto/store/store_result.c:151:
Could not read public key from kljuc2.key
403780CE99730000:error:1608010C:STORE routines:ossl_store_handle_load_result:unsupported:../crypto/store/store_result.c:151:
Could not read public key from kljuc30.key
4037F1A0DC750000:error:1608010C:STORE routines:ossl_store_handle_load_result:unsupported:../crypto/store/store_result.c:151:
Could not read public key from kljuc31.key
40B7583BE67D0000:error:1608010C:STORE routines:ossl_store_handle_load_result:unsupported:../crypto/store/store_result.c:151:
Could not read public key from kljuc32.key
404772A616750000:error:1608010C:STORE routines:ossl_store_handle_load_result:unsupported:../crypto/store/store_result.c:151:
Could not read public key from kljuc33.key
40A748EAD6750000:error:1608010C:STORE routines:ossl_store_handle_load_result:unsupported:../crypto/store/store_result.c:151:
Could not read public key from kljuc34.key
40174BB82B790000:error:1608010C:STORE routines:ossl_store_handle_load_result:unsupported:../crypto/store/store_result.c:151:
Could not read public key from kljuc35.key
4077AFFC70750000:error:1608010C:STORE routines:ossl_store_handle_load_result:unsupported:../crypto/store/store_result.c:151:
Could not read public key from kljuc36.key
40475D63547A0000:error:1608010C:STORE routines:ossl_store_handle_load_result:unsupported:../crypto/store/store_result.c:151:
Could not read public key from kljuc37.key
408767FA4F700000:error:1608010C:STORE routines:ossl_store_handle_load_result:unsupported:../crypto/store/store_result.c:151:
Could not read public key from kljuc38.key
4097F12178750000:error:1608010C:STORE routines:ossl_store_handle_load_result:unsupported:../crypto/store/store_result.c:151:
Could not read public key from kljuc39.key
402761A292770000:error:1608010C:STORE routines:ossl_store_handle_load_result:unsupported:../crypto/store/store_result.c:151:
Could not read public key from kljuc3.key
40F7E5063A750000:error:1608010C:STORE routines:ossl_store_handle_load_result:unsupported:../crypto/store/store_result.c:151:
Could not read public key from kljuc40.key
40E777FD2C710000:error:1608010C:STORE routines:ossl_store_handle_load_result:unsupported:../crypto/store/store_result.c:151:
Could not read public key from kljuc41.key
400700141B760000:error:1608010C:STORE routines:ossl_store_handle_load_result:unsupported:../crypto/store/store_result.c:151:
Could not read public key from kljuc42.key
4007125A6D730000:error:1608010C:STORE routines:ossl_store_handle_load_result:unsupported:../crypto/store/store_result.c:151:
Could not read public key from kljuc43.key
40275AA6847D0000:error:1608010C:STORE routines:ossl_store_handle_load_result:unsupported:../crypto/store/store_result.c:151:
Could not read public key from kljuc44.key
40B7DFF7987F0000:error:1608010C:STORE routines:ossl_store_handle_load_result:unsupported:../crypto/store/store_result.c:151:
Could not read public key from kljuc45.key
4007D83629790000:error:1608010C:STORE routines:ossl_store_handle_load_result:unsupported:../crypto/store/store_result.c:151:
Could not read public key from kljuc46.key
40378A986D770000:error:1608010C:STORE routines:ossl_store_handle_load_result:unsupported:../crypto/store/store_result.c:151:
Could not read public key from kljuc47.key
4017B68776720000:error:1608010C:STORE routines:ossl_store_handle_load_result:unsupported:../crypto/store/store_result.c:151:
Could not read public key from kljuc48.key
4077778B3C710000:error:1608010C:STORE routines:ossl_store_handle_load_result:unsupported:../crypto/store/store_result.c:151:
Could not read public key from kljuc49.key
40E792A86D750000:error:1608010C:STORE routines:ossl_store_handle_load_result:unsupported:../crypto/store/store_result.c:151:
Could not read public key from kljuc4.key
4087D985967E0000:error:1608010C:STORE routines:ossl_store_handle_load_result:unsupported:../crypto/store/store_result.c:151:
Could not read public key from kljuc50.key
4097008A44700000:error:1608010C:STORE routines:ossl_store_handle_load_result:unsupported:../crypto/store/store_result.c:151:
Could not read public key from kljuc5.key
406702FF1A760000:error:1608010C:STORE routines:ossl_store_handle_load_result:unsupported:../crypto/store/store_result.c:151:
Could not read public key from kljuc6.key
40C730EB1B7F0000:error:1608010C:STORE routines:ossl_store_handle_load_result:unsupported:../crypto/store/store_result.c:151:
Could not read public key from kljuc7.key
40E7BBF3DB750000:error:1608010C:STORE routines:ossl_store_handle_load_result:unsupported:../crypto/store/store_result.c:151:
Could not read public key from kljuc8.key
4007DE524A7B0000:error:1608010C:STORE routines:ossl_store_handle_load_result:unsupported:../crypto/store/store_result.c:151:
Could not read public key from kljuc9.key
40275BCECE760000:error:1608010C:STORE routines:ossl_store_handle_load_result:unsupported:../crypto/store/store_result.c:151:
Could not read public key from kljuc10.key
4027B81FE67B0000:error:1608010C:STORE routines:ossl_store_handle_load_result:unsupported:../crypto/store/store_result.c:151:
Could not read public key from kljuc11.key
40C702D863720000:error:1608010C:STORE routines:ossl_store_handle_load_result:unsupported:../crypto/store/store_result.c:151:
Could not read public key from kljuc12.key
4027DD70A47C0000:error:1608010C:STORE routines:ossl_store_handle_load_result:unsupported:../crypto/store/store_result.c:151:
Could not read public key from kljuc13.key
4017B24D17740000:error:1608010C:STORE routines:ossl_store_handle_load_result:unsupported:../crypto/store/store_result.c:151:
Could not read public key from kljuc14.key
4067ABE7527D0000:error:1608010C:STORE routines:ossl_store_handle_load_result:unsupported:../crypto/store/store_result.c:151:
Could not read public key from kljuc15.key
40E7ECFFAF760000:error:1608010C:STORE routines:ossl_store_handle_load_result:unsupported:../crypto/store/store_result.c:151:
Could not read public key from kljuc16.key
406766A83D7A0000:error:1608010C:STORE routines:ossl_store_handle_load_result:unsupported:../crypto/store/store_result.c:151:
Could not read public key from kljuc17.key
4007BCFC94740000:error:1608010C:STORE routines:ossl_store_handle_load_result:unsupported:../crypto/store/store_result.c:151:
Could not read public key from kljuc18.key
40970A947E720000:error:1608010C:STORE routines:ossl_store_handle_load_result:unsupported:../crypto/store/store_result.c:151:
Could not read public key from kljuc19.key
4087D51F91780000:error:1608010C:STORE routines:ossl_store_handle_load_result:unsupported:../crypto/store/store_result.c:151:
Could not read public key from kljuc1.key
40076AB966710000:error:1608010C:STORE routines:ossl_store_handle_load_result:unsupported:../crypto/store/store_result.c:151:
Could not read public key from kljuc20.key
40175C90B87F0000:error:1608010C:STORE routines:ossl_store_handle_load_result:unsupported:../crypto/store/store_result.c:151:
Could not read public key from kljuc21.key
4007A3A46E7C0000:error:1608010C:STORE routines:ossl_store_handle_load_result:unsupported:../crypto/store/store_result.c:151:
Could not read public key from kljuc22.key
40B7EB5CD27C0000:error:1608010C:STORE routines:ossl_store_handle_load_result:unsupported:../crypto/store/store_result.c:151:
Could not read public key from kljuc23.key
40C7B8E177700000:error:1608010C:STORE routines:ossl_store_handle_load_result:unsupported:../crypto/store/store_result.c:151:
Could not read public key from kljuc24.key
40776C271B770000:error:1608010C:STORE routines:ossl_store_handle_load_result:unsupported:../crypto/store/store_result.c:151:
Could not read public key from kljuc25.key
4077923C7B7A0000:error:1608010C:STORE routines:ossl_store_handle_load_result:unsupported:../crypto/store/store_result.c:151:
Could not read public key from kljuc26.key
40774D669B770000:error:1608010C:STORE routines:ossl_store_handle_load_result:unsupported:../crypto/store/store_result.c:151:
Could not read public key from kljuc27.key
4087DADA22750000:error:1608010C:STORE routines:ossl_store_handle_load_result:unsupported:../crypto/store/store_result.c:151:
Could not read public key from kljuc28.key
40F7D9EB71790000:error:1608010C:STORE routines:ossl_store_handle_load_result:unsupported:../crypto/store/store_result.c:151:
Could not read public key from kljuc29.key
40270AF32B7F0000:error:1608010C:STORE routines:ossl_store_handle_load_result:unsupported:../crypto/store/store_result.c:151:
Could not read public key from kljuc2.key
40679B7F5B7F0000:error:1608010C:STORE routines:ossl_store_handle_load_result:unsupported:../crypto/store/store_result.c:151:
Could not read public key from kljuc30.key
40B7636CF3780000:error:1608010C:STORE routines:ossl_store_handle_load_result:unsupported:../crypto/store/store_result.c:151:
Could not read public key from kljuc31.key
40E795FFF4750000:error:1608010C:STORE routines:ossl_store_handle_load_result:unsupported:../crypto/store/store_result.c:151:
Could not read public key from kljuc32.key
4047A88B067E0000:error:1608010C:STORE routines:ossl_store_handle_load_result:unsupported:../crypto/store/store_result.c:151:
Could not read public key from kljuc33.key
40F7F069B67D0000:error:1608010C:STORE routines:ossl_store_handle_load_result:unsupported:../crypto/store/store_result.c:151:
Could not read public key from kljuc34.key
4027980F83720000:error:1608010C:STORE routines:ossl_store_handle_load_result:unsupported:../crypto/store/store_result.c:151:
Could not read public key from kljuc35.key
40C7769C25710000:error:1608010C:STORE routines:ossl_store_handle_load_result:unsupported:../crypto/store/store_result.c:151:
Could not read public key from kljuc36.key
40576F3982710000:error:1608010C:STORE routines:ossl_store_handle_load_result:unsupported:../crypto/store/store_result.c:151:
Could not read public key from kljuc37.key
4097FF10F9790000:error:1608010C:STORE routines:ossl_store_handle_load_result:unsupported:../crypto/store/store_result.c:151:
Could not read public key from kljuc38.key
4007FC659D7F0000:error:1608010C:STORE routines:ossl_store_handle_load_result:unsupported:../crypto/store/store_result.c:151:
Could not read public key from kljuc39.key
40679E87ED7F0000:error:1608010C:STORE routines:ossl_store_handle_load_result:unsupported:../crypto/store/store_result.c:151:
Could not read public key from kljuc3.key
40572395F97A0000:error:1608010C:STORE routines:ossl_store_handle_load_result:unsupported:../crypto/store/store_result.c:151:
Could not read public key from kljuc40.key
40B76754967D0000:error:1608010C:STORE routines:ossl_store_handle_load_result:unsupported:../crypto/store/store_result.c:151:
Could not read public key from kljuc41.key
4067855D507B0000:error:1608010C:STORE routines:ossl_store_handle_load_result:unsupported:../crypto/store/store_result.c:151:
Could not read public key from kljuc42.key
40E7A465B0730000:error:1608010C:STORE routines:ossl_store_handle_load_result:unsupported:../crypto/store/store_result.c:151:
Could not read public key from kljuc43.key
40D7ADFF167D0000:error:1608010C:STORE routines:ossl_store_handle_load_result:unsupported:../crypto/store/store_result.c:151:
Could not read public key from kljuc44.key
40B72F2CF8730000:error:1608010C:STORE routines:ossl_store_handle_load_result:unsupported:../crypto/store/store_result.c:151:
Could not read public key from kljuc45.key
4017A68EF7700000:error:1608010C:STORE routines:ossl_store_handle_load_result:unsupported:../crypto/store/store_result.c:151:
Could not read public key from kljuc46.key
4047BFB6A57D0000:error:1608010C:STORE routines:ossl_store_handle_load_result:unsupported:../crypto/store/store_result.c:151:
Could not read public key from kljuc47.key
40A718A91B750000:error:1608010C:STORE routines:ossl_store_handle_load_result:unsupported:../crypto/store/store_result.c:151:
Could not read public key from kljuc48.key
407766DEDD740000:error:1608010C:STORE routines:ossl_store_handle_load_result:unsupported:../crypto/store/store_result.c:151:
Could not read public key from kljuc49.key
40274D7130780000:error:1608010C:STORE routines:ossl_store_handle_load_result:unsupported:../crypto/store/store_result.c:151:
Could not read public key from kljuc4.key
4067845B1D7B0000:error:1608010C:STORE routines:ossl_store_handle_load_result:unsupported:../crypto/store/store_result.c:151:
Could not read public key from kljuc50.key
40777543F9770000:error:1608010C:STORE routines:ossl_store_handle_load_result:unsupported:../crypto/store/store_result.c:151:
Could not read public key from kljuc5.key
4077F38DEA7B0000:error:1608010C:STORE routines:ossl_store_handle_load_result:unsupported:../crypto/store/store_result.c:151:
Could not read public key from kljuc6.key
4017642D10790000:error:1608010C:STORE routines:ossl_store_handle_load_result:unsupported:../crypto/store/store_result.c:151:
Could not read public key from kljuc7.key
4057D58131710000:error:1608010C:STORE routines:ossl_store_handle_load_result:unsupported:../crypto/store/store_result.c:151:
Could not read public key from kljuc8.key
4057339D9B7D0000:error:1608010C:STORE routines:ossl_store_handle_load_result:unsupported:../crypto/store/store_result.c:151:
Could not read public key from kljuc9.key
40A74309BA700000:error:1608010C:STORE routines:ossl_store_handle_load_result:unsupported:../crypto/store/store_result.c:151:
Could not read public key from kljuc10.key
40C73CBCB67E0000:error:1608010C:STORE routines:ossl_store_handle_load_result:unsupported:../crypto/store/store_result.c:151:
Could not read public key from kljuc11.key
4047144A2B730000:error:1608010C:STORE routines:ossl_store_handle_load_result:unsupported:../crypto/store/store_result.c:151:
Could not read public key from kljuc12.key
409789DEC9720000:error:1608010C:STORE routines:ossl_store_handle_load_result:unsupported:../crypto/store/store_result.c:151:
Could not read public key from kljuc13.key
4007627F81710000:error:1608010C:STORE routines:ossl_store_handle_load_result:unsupported:../crypto/store/store_result.c:151:
Could not read public key from kljuc14.key
40F7F42B2C730000:error:1608010C:STORE routines:ossl_store_handle_load_result:unsupported:../crypto/store/store_result.c:151:
Could not read public key from kljuc15.key
40777CB23A7A0000:error:1608010C:STORE routines:ossl_store_handle_load_result:unsupported:../crypto/store/store_result.c:151:
Could not read public key from kljuc16.key
40C73403DD730000:error:1608010C:STORE routines:ossl_store_handle_load_result:unsupported:../crypto/store/store_result.c:151:
Could not read public key from kljuc17.key
40B78862C6790000:error:1608010C:STORE routines:ossl_store_handle_load_result:unsupported:../crypto/store/store_result.c:151:
Could not read public key from kljuc18.key
40D74B7AD27F0000:error:1608010C:STORE routines:ossl_store_handle_load_result:unsupported:../crypto/store/store_result.c:151:
Could not read public key from kljuc19.key
40977A0E7B740000:error:1608010C:STORE routines:ossl_store_handle_load_result:unsupported:../crypto/store/store_result.c:151:
Could not read public key from kljuc1.key
40872C0114730000:error:1608010C:STORE routines:ossl_store_handle_load_result:unsupported:../crypto/store/store_result.c:151:
Could not read public key from kljuc20.key
40D775EE237D0000:error:1608010C:STORE routines:ossl_store_handle_load_result:unsupported:../crypto/store/store_result.c:151:
Could not read public key from kljuc21.key
403733C2F87B0000:error:1608010C:STORE routines:ossl_store_handle_load_result:unsupported:../crypto/store/store_result.c:151:
Could not read public key from kljuc22.key
4087AA0F1C720000:error:1608010C:STORE routines:ossl_store_handle_load_result:unsupported:../crypto/store/store_result.c:151:
Could not read public key from kljuc23.key
40E7D9E8877E0000:error:1608010C:STORE routines:ossl_store_handle_load_result:unsupported:../crypto/store/store_result.c:151:
Could not read public key from kljuc24.key
40A74C8975710000:error:1608010C:STORE routines:ossl_store_handle_load_result:unsupported:../crypto/store/store_result.c:151:
Could not read public key from kljuc25.key
40C7643C99790000:error:1608010C:STORE routines:ossl_store_handle_load_result:unsupported:../crypto/store/store_result.c:151:
Could not read public key from kljuc26.key
40F7705018700000:error:1608010C:STORE routines:ossl_store_handle_load_result:unsupported:../crypto/store/store_result.c:151:
Could not read public key from kljuc27.key
4087D5A2DF7C0000:error:1608010C:STORE routines:ossl_store_handle_load_result:unsupported:../crypto/store/store_result.c:151:
Could not read public key from kljuc28.key
4017573166730000:error:1608010C:STORE routines:ossl_store_handle_load_result:unsupported:../crypto/store/store_result.c:151:
Could not read public key from kljuc29.key
403727D2ED730000:error:1608010C:STORE routines:ossl_store_handle_load_result:unsupported:../crypto/store/store_result.c:151:
Could not read public key from kljuc2.key
4067A2059F730000:error:1608010C:STORE routines:ossl_store_handle_load_result:unsupported:../crypto/store/store_result.c:151:
Could not read public key from kljuc30.key
40C7C458CF700000:error:1608010C:STORE routines:ossl_store_handle_load_result:unsupported:../crypto/store/store_result.c:151:
Could not read public key from kljuc31.key
404720DC037A0000:error:1608010C:STORE routines:ossl_store_handle_load_result:unsupported:../crypto/store/store_result.c:151:
Could not read public key from kljuc32.key
4057A0403A740000:error:1608010C:STORE routines:ossl_store_handle_load_result:unsupported:../crypto/store/store_result.c:151:
Could not read public key from kljuc33.key
4027D57E04770000:error:1608010C:STORE routines:ossl_store_handle_load_result:unsupported:../crypto/store/store_result.c:151:
Could not read public key from kljuc34.key
4067526717750000:error:1608010C:STORE routines:ossl_store_handle_load_result:unsupported:../crypto/store/store_result.c:151:
Could not read public key from kljuc35.key
40A755E7877F0000:error:1608010C:STORE routines:ossl_store_handle_load_result:unsupported:../crypto/store/store_result.c:151:
Could not read public key from kljuc36.key
40E7299411720000:error:1608010C:STORE routines:ossl_store_handle_load_result:unsupported:../crypto/store/store_result.c:151:
Could not read public key from kljuc37.key
4037353520720000:error:1608010C:STORE routines:ossl_store_handle_load_result:unsupported:../crypto/store/store_result.c:151:
Could not read public key from kljuc38.key
40D764B83F790000:error:1608010C:STORE routines:ossl_store_handle_load_result:unsupported:../crypto/store/store_result.c:151:
Could not read public key from kljuc39.key
405746CD00780000:error:1608010C:STORE routines:ossl_store_handle_load_result:unsupported:../crypto/store/store_result.c:151:
Could not read public key from kljuc3.key
40B75AB64A7B0000:error:1608010C:STORE routines:ossl_store_handle_load_result:unsupported:../crypto/store/store_result.c:151:
Could not read public key from kljuc40.key
40C704C9B27C0000:error:1608010C:STORE routines:ossl_store_handle_load_result:unsupported:../crypto/store/store_result.c:151:
Could not read public key from kljuc41.key
40172CC654780000:error:1608010C:STORE routines:ossl_store_handle_load_result:unsupported:../crypto/store/store_result.c:151:
Could not read public key from kljuc42.key
40572D62227B0000:error:1608010C:STORE routines:ossl_store_handle_load_result:unsupported:../crypto/store/store_result.c:151:
Could not read public key from kljuc43.key
40E71328DE750000:error:1608010C:STORE routines:ossl_store_handle_load_result:unsupported:../crypto/store/store_result.c:151:
Could not read public key from kljuc44.key
40979D2FF87A0000:error:1608010C:STORE routines:ossl_store_handle_load_result:unsupported:../crypto/store/store_result.c:151:
Could not read public key from kljuc45.key
40A7682736700000:error:1608010C:STORE routines:ossl_store_handle_load_result:unsupported:../crypto/store/store_result.c:151:
Could not read public key from kljuc46.key
40778477B4760000:error:1608010C:STORE routines:ossl_store_handle_load_result:unsupported:../crypto/store/store_result.c:151:
Could not read public key from kljuc47.key
40C7C4FF287D0000:error:1608010C:STORE routines:ossl_store_handle_load_result:unsupported:../crypto/store/store_result.c:151:
Could not read public key from kljuc48.key
4097E68B0E7F0000:error:1608010C:STORE routines:ossl_store_handle_load_result:unsupported:../crypto/store/store_result.c:151:
Could not read public key from kljuc49.key
40F7B6446D700000:error:1608010C:STORE routines:ossl_store_handle_load_result:unsupported:../crypto/store/store_result.c:151:
Could not read public key from kljuc4.key
40E7E89777790000:error:1608010C:STORE routines:ossl_store_handle_load_result:unsupported:../crypto/store/store_result.c:151:
Could not read public key from kljuc50.key
40E7268D3A7C0000:error:1608010C:STORE routines:ossl_store_handle_load_result:unsupported:../crypto/store/store_result.c:151:
Could not read public key from kljuc5.key
40E7EB69567A0000:error:1608010C:STORE routines:ossl_store_handle_load_result:unsupported:../crypto/store/store_result.c:151:
Could not read public key from kljuc6.key
406732D4537F0000:error:1608010C:STORE routines:ossl_store_handle_load_result:unsupported:../crypto/store/store_result.c:151:
Could not read public key from kljuc7.key
40F7A83502750000:error:1608010C:STORE routines:ossl_store_handle_load_result:unsupported:../crypto/store/store_result.c:151:
Could not read public key from kljuc8.key
4077F67E23710000:error:1608010C:STORE routines:ossl_store_handle_load_result:unsupported:../crypto/store/store_result.c:151:
Could not read public key from kljuc9.key
40E7AD1B037C0000:error:1608010C:STORE routines:ossl_store_handle_load_result:unsupported:../crypto/store/store_result.c:151:
Could not read public key from kljuc10.key
4067CD570A700000:error:1608010C:STORE routines:ossl_store_handle_load_result:unsupported:../crypto/store/store_result.c:151:
Could not read public key from kljuc11.key
40272004457A0000:error:1608010C:STORE routines:ossl_store_handle_load_result:unsupported:../crypto/store/store_result.c:151:
Could not read public key from kljuc12.key
4097930B1A7F0000:error:1608010C:STORE routines:ossl_store_handle_load_result:unsupported:../crypto/store/store_result.c:151:
Could not read public key from kljuc13.key
405774B2CD790000:error:1608010C:STORE routines:ossl_store_handle_load_result:unsupported:../crypto/store/store_result.c:151:
Could not read public key from kljuc14.key
4017BCD3657E0000:error:1608010C:STORE routines:ossl_store_handle_load_result:unsupported:../crypto/store/store_result.c:151:
Could not read public key from kljuc15.key
40D75A558F7A0000:error:1608010C:STORE routines:ossl_store_handle_load_result:unsupported:../crypto/store/store_result.c:151:
Could not read public key from kljuc16.key
4067C773D27E0000:error:1608010C:STORE routines:ossl_store_handle_load_result:unsupported:../crypto/store/store_result.c:151:
Could not read public key from kljuc17.key
40E7D27D01790000:error:1608010C:STORE routines:ossl_store_handle_load_result:unsupported:../crypto/store/store_result.c:151:
Could not read public key from kljuc18.key
4007B42071760000:error:1608010C:STORE routines:ossl_store_handle_load_result:unsupported:../crypto/store/store_result.c:151:
Could not read public key from kljuc19.key
40074075F17A0000:error:1608010C:STORE routines:ossl_store_handle_load_result:unsupported:../crypto/store/store_result.c:151:
Could not read public key from kljuc1.key
40A7F668A1730000:error:1608010C:STORE routines:ossl_store_handle_load_result:unsupported:../crypto/store/store_result.c:151:
Could not read public key from kljuc20.key
40573DD39C7A0000:error:1608010C:STORE routines:ossl_store_handle_load_result:unsupported:../crypto/store/store_result.c:151:
Could not read public key from kljuc21.key
404742CCFF790000:error:1608010C:STORE routines:ossl_store_handle_load_result:unsupported:../crypto/store/store_result.c:151:
Could not read public key from kljuc22.key
40771E4D787D0000:error:1608010C:STORE routines:ossl_store_handle_load_result:unsupported:../crypto/store/store_result.c:151:
Could not read public key from kljuc23.key
40470239D9750000:error:1608010C:STORE routines:ossl_store_handle_load_result:unsupported:../crypto/store/store_result.c:151:
Could not read public key from kljuc24.key
405779853A740000:error:1608010C:STORE routines:ossl_store_handle_load_result:unsupported:../crypto/store/store_result.c:151:
Could not read public key from kljuc25.key
406702E15D7E0000:error:1608010C:STORE routines:ossl_store_handle_load_result:unsupported:../crypto/store/store_result.c:151:
Could not read public key from kljuc26.key
4097EABE3D7E0000:error:1608010C:STORE routines:ossl_store_handle_load_result:unsupported:../crypto/store/store_result.c:151:
Could not read public key from kljuc27.key
4027676E15700000:error:1608010C:STORE routines:ossl_store_handle_load_result:unsupported:../crypto/store/store_result.c:151:
Could not read public key from kljuc28.key
4077E67DAF740000:error:1608010C:STORE routines:ossl_store_handle_load_result:unsupported:../crypto/store/store_result.c:151:
Could not read public key from kljuc29.key
40478A5A44750000:error:1608010C:STORE routines:ossl_store_handle_load_result:unsupported:../crypto/store/store_result.c:151:
Could not read public key from kljuc2.key
40E76CE7E4730000:error:1608010C:STORE routines:ossl_store_handle_load_result:unsupported:../crypto/store/store_result.c:151:
Could not read public key from kljuc30.key
40278A8512720000:error:1608010C:STORE routines:ossl_store_handle_load_result:unsupported:../crypto/store/store_result.c:151:
Could not read public key from kljuc31.key
40B71027527C0000:error:1608010C:STORE routines:ossl_store_handle_load_result:unsupported:../crypto/store/store_result.c:151:
Could not read public key from kljuc32.key
4047B83020740000:error:1608010C:STORE routines:ossl_store_handle_load_result:unsupported:../crypto/store/store_result.c:151:
Could not read public key from kljuc33.key
40C7334927750000:error:1608010C:STORE routines:ossl_store_handle_load_result:unsupported:../crypto/store/store_result.c:151:
Could not read public key from kljuc34.key
40D751C2347B0000:error:1608010C:STORE routines:ossl_store_handle_load_result:unsupported:../crypto/store/store_result.c:151:
Could not read public key from kljuc35.key
40C7AC183C7F0000:error:1608010C:STORE routines:ossl_store_handle_load_result:unsupported:../crypto/store/store_result.c:151:
Could not read public key from kljuc36.key
40B7E71A4A770000:error:1608010C:STORE routines:ossl_store_handle_load_result:unsupported:../crypto/store/store_result.c:151:
Could not read public key from kljuc37.key
4087903055750000:error:1608010C:STORE routines:ossl_store_handle_load_result:unsupported:../crypto/store/store_result.c:151:
Could not read public key from kljuc38.key
40178232F6770000:error:1608010C:STORE routines:ossl_store_handle_load_result:unsupported:../crypto/store/store_result.c:151:
Could not read public key from kljuc39.key
40C7CD52D4780000:error:1608010C:STORE routines:ossl_store_handle_load_result:unsupported:../crypto/store/store_result.c:151:
Could not read public key from kljuc3.key
409785EA51750000:error:1608010C:STORE routines:ossl_store_handle_load_result:unsupported:../crypto/store/store_result.c:151:
Could not read public key from kljuc40.key
40A7D5D567740000:error:1608010C:STORE routines:ossl_store_handle_load_result:unsupported:../crypto/store/store_result.c:151:
Could not read public key from kljuc41.key
40C79760DF740000:error:1608010C:STORE routines:ossl_store_handle_load_result:unsupported:../crypto/store/store_result.c:151:
Could not read public key from kljuc42.key
401764AB0F7B0000:error:1608010C:STORE routines:ossl_store_handle_load_result:unsupported:../crypto/store/store_result.c:151:
Could not read public key from kljuc43.key
40378769A6710000:error:1608010C:STORE routines:ossl_store_handle_load_result:unsupported:../crypto/store/store_result.c:151:
Could not read public key from kljuc44.key
40F7A8A9C57F0000:error:1608010C:STORE routines:ossl_store_handle_load_result:unsupported:../crypto/store/store_result.c:151:
Could not read public key from kljuc45.key
4097836246710000:error:1608010C:STORE routines:ossl_store_handle_load_result:unsupported:../crypto/store/store_result.c:151:
Could not read public key from kljuc46.key
40577009BB7C0000:error:1608010C:STORE routines:ossl_store_handle_load_result:unsupported:../crypto/store/store_result.c:151:
Could not read public key from kljuc47.key
40E7F33EAB720000:error:1608010C:STORE routines:ossl_store_handle_load_result:unsupported:../crypto/store/store_result.c:151:
Could not read public key from kljuc48.key
40B7952BDA7F0000:error:1608010C:STORE routines:ossl_store_handle_load_result:unsupported:../crypto/store/store_result.c:151:
Could not read public key from kljuc49.key
40A7700EAF7B0000:error:1608010C:STORE routines:ossl_store_handle_load_result:unsupported:../crypto/store/store_result.c:151:
Could not read public key from kljuc4.key
40372A48E6700000:error:1608010C:STORE routines:ossl_store_handle_load_result:unsupported:../crypto/store/store_result.c:151:
Could not read public key from kljuc50.key
40179AE3557D0000:error:1608010C:STORE routines:ossl_store_handle_load_result:unsupported:../crypto/store/store_result.c:151:
Could not read public key from kljuc5.key
400794BFD5770000:error:1608010C:STORE routines:ossl_store_handle_load_result:unsupported:../crypto/store/store_result.c:151:
Could not read public key from kljuc6.key
40F75328FA700000:error:1608010C:STORE routines:ossl_store_handle_load_result:unsupported:../crypto/store/store_result.c:151:
Could not read public key from kljuc7.key
4007B9184F7D0000:error:1608010C:STORE routines:ossl_store_handle_load_result:unsupported:../crypto/store/store_result.c:151:
Could not read public key from kljuc8.key
4067611203710000:error:1608010C:STORE routines:ossl_store_handle_load_result:unsupported:../crypto/store/store_result.c:151:
Could not read public key from kljuc9.key
40B7CC04B0790000:error:1608010C:STORE routines:ossl_store_handle_load_result:unsupported:../crypto/store/store_result.c:151:
Could not read public key from kljuc10.key
40C7D0406E7D0000:error:1608010C:STORE routines:ossl_store_handle_load_result:unsupported:../crypto/store/store_result.c:151:
Could not read public key from kljuc11.key
4077E09A597E0000:error:1608010C:STORE routines:ossl_store_handle_load_result:unsupported:../crypto/store/store_result.c:151:
Could not read public key from kljuc12.key
40C702F87B7D0000:error:1608010C:STORE routines:ossl_store_handle_load_result:unsupported:../crypto/store/store_result.c:151:
Could not read public key from kljuc13.key
40E72538B97A0000:error:1608010C:STORE routines:ossl_store_handle_load_result:unsupported:../crypto/store/store_result.c:151:
Could not read public key from kljuc14.key
40873EB62A750000:error:1608010C:STORE routines:ossl_store_handle_load_result:unsupported:../crypto/store/store_result.c:151:
Could not read public key from kljuc15.key
40E7821B62790000:error:1608010C:STORE routines:ossl_store_handle_load_result:unsupported:../crypto/store/store_result.c:151:
Could not read public key from kljuc16.key
40F7C1EA18760000:error:1608010C:STORE routines:ossl_store_handle_load_result:unsupported:../crypto/store/store_result.c:151:
Could not read public key from kljuc17.key
401782023D7A0000:error:1608010C:STORE routines:ossl_store_handle_load_result:unsupported:../crypto/store/store_result.c:151:
Could not read public key from kljuc18.key
4007D8FA627C0000:error:1608010C:STORE routines:ossl_store_handle_load_result:unsupported:../crypto/store/store_result.c:151:
Could not read public key from kljuc19.key
4067B4E289720000:error:1608010C:STORE routines:ossl_store_handle_load_result:unsupported:../crypto/store/store_result.c:151:
Could not read public key from kljuc1.key
40F79E22BA770000:error:1608010C:STORE routines:ossl_store_handle_load_result:unsupported:../crypto/store/store_result.c:151:
Could not read public key from kljuc20.key
40A79799E17F0000:error:1608010C:STORE routines:ossl_store_handle_load_result:unsupported:../crypto/store/store_result.c:151:
Could not read public key from kljuc21.key
4097A36E91700000:error:1608010C:STORE routines:ossl_store_handle_load_result:unsupported:../crypto/store/store_result.c:151:
Could not read public key from kljuc22.key
40F73A23007D0000:error:1608010C:STORE routines:ossl_store_handle_load_result:unsupported:../crypto/store/store_result.c:151:
Could not read public key from kljuc23.key
40A7E67E4E7C0000:error:1608010C:STORE routines:ossl_store_handle_load_result:unsupported:../crypto/store/store_result.c:151:
Could not read public key from kljuc24.key
40D7844953720000:error:1608010C:STORE routines:ossl_store_handle_load_result:unsupported:../crypto/store/store_result.c:151:
Could not read public key from kljuc25.key
4017A22B54750000:error:1608010C:STORE routines:ossl_store_handle_load_result:unsupported:../crypto/store/store_result.c:151:
Could not read public key from kljuc26.key
4027ABEC43730000:error:1608010C:STORE routines:ossl_store_handle_load_result:unsupported:../crypto/store/store_result.c:151:
Could not read public key from kljuc27.key
40373A19D7770000:error:1608010C:STORE routines:ossl_store_handle_load_result:unsupported:../crypto/store/store_result.c:151:
Could not read public key from kljuc28.key
40B7B544AF730000:error:1608010C:STORE routines:ossl_store_handle_load_result:unsupported:../crypto/store/store_result.c:151:
Could not read public key from kljuc29.key
4087B0C37E730000:error:1608010C:STORE routines:ossl_store_handle_load_result:unsupported:../crypto/store/store_result.c:151:
Could not read public key from kljuc2.key
40277F96E4750000:error:1608010C:STORE routines:ossl_store_handle_load_result:unsupported:../crypto/store/store_result.c:151:
Could not read public key from kljuc30.key
40478EB73D770000:error:1608010C:STORE routines:ossl_store_handle_load_result:unsupported:../crypto/store/store_result.c:151:
Could not read public key from kljuc31.key
40D7733A57730000:error:1608010C:STORE routines:ossl_store_handle_load_result:unsupported:../crypto/store/store_result.c:151:
Could not read public key from kljuc32.key
400786B13F780000:error:1608010C:STORE routines:ossl_store_handle_load_result:unsupported:../crypto/store/store_result.c:151:
Could not read public key from kljuc33.key
40E7BB65F0740000:error:1608010C:STORE routines:ossl_store_handle_load_result:unsupported:../crypto/store/store_result.c:151:
Could not read public key from kljuc34.key
40472E27D47F0000:error:1608010C:STORE routines:ossl_store_handle_load_result:unsupported:../crypto/store/store_result.c:151:
Could not read public key from kljuc35.key
40E76A8C297B0000:error:1608010C:STORE routines:ossl_store_handle_load_result:unsupported:../crypto/store/store_result.c:151:
Could not read public key from kljuc36.key
40A700DF01750000:error:1608010C:STORE routines:ossl_store_handle_load_result:unsupported:../crypto/store/store_result.c:151:
Could not read public key from kljuc37.key
40B7D96F5C730000:error:1608010C:STORE routines:ossl_store_handle_load_result:unsupported:../crypto/store/store_result.c:151:
Could not read public key from kljuc38.key
40B7F770EA760000:error:1608010C:STORE routines:ossl_store_handle_load_result:unsupported:../crypto/store/store_result.c:151:
Could not read public key from kljuc39.key
4067E3400F790000:error:1608010C:STORE routines:ossl_store_handle_load_result:unsupported:../crypto/store/store_result.c:151:
Could not read public key from kljuc3.key
4087B6C2B37F0000:error:1608010C:STORE routines:ossl_store_handle_load_result:unsupported:../crypto/store/store_result.c:151:
Could not read public key from kljuc40.key
408715C79C7D0000:error:1608010C:STORE routines:ossl_store_handle_load_result:unsupported:../crypto/store/store_result.c:151:
Could not read public key from kljuc41.key
4007F2D053740000:error:1608010C:STORE routines:ossl_store_handle_load_result:unsupported:../crypto/store/store_result.c:151:
Could not read public key from kljuc42.key
4097E297D3720000:error:1608010C:STORE routines:ossl_store_handle_load_result:unsupported:../crypto/store/store_result.c:151:
Could not read public key from kljuc43.key
40678D62127C0000:error:1608010C:STORE routines:ossl_store_handle_load_result:unsupported:../crypto/store/store_result.c:151:
Could not read public key from kljuc44.key
402779500D760000:error:1608010C:STORE routines:ossl_store_handle_load_result:unsupported:../crypto/store/store_result.c:151:
Could not read public key from kljuc45.key
40077706D37A0000:error:1608010C:STORE routines:ossl_store_handle_load_result:unsupported:../crypto/store/store_result.c:151:
Could not read public key from kljuc46.key
40F74E9588750000:error:1608010C:STORE routines:ossl_store_handle_load_result:unsupported:../crypto/store/store_result.c:151:
Could not read public key from kljuc47.key
408738FB6A700000:error:1608010C:STORE routines:ossl_store_handle_load_result:unsupported:../crypto/store/store_result.c:151:
Could not read public key from kljuc48.key
40C7C4271E7A0000:error:1608010C:STORE routines:ossl_store_handle_load_result:unsupported:../crypto/store/store_result.c:151:
Could not read public key from kljuc49.key
402756142A750000:error:1608010C:STORE routines:ossl_store_handle_load_result:unsupported:../crypto/store/store_result.c:151:
Could not read public key from kljuc4.key
40C7600B3D7E0000:error:1608010C:STORE routines:ossl_store_handle_load_result:unsupported:../crypto/store/store_result.c:151:
Could not read public key from kljuc50.key
40973EBAB2760000:error:1608010C:STORE routines:ossl_store_handle_load_result:unsupported:../crypto/store/store_result.c:151:
Could not read public key from kljuc5.key
40B752F352720000:error:1608010C:STORE routines:ossl_store_handle_load_result:unsupported:../crypto/store/store_result.c:151:
Could not read public key from kljuc6.key
4097D1E88E700000:error:1608010C:STORE routines:ossl_store_handle_load_result:unsupported:../crypto/store/store_result.c:151:
Could not read public key from kljuc7.key
40D77C6D427B0000:error:1608010C:STORE routines:ossl_store_handle_load_result:unsupported:../crypto/store/store_result.c:151:
Could not read public key from kljuc8.key
40D74BAE897B0000:error:1608010C:STORE routines:ossl_store_handle_load_result:unsupported:../crypto/store/store_result.c:151:
Could not read public key from kljuc9.key
4087AEB817750000:error:1608010C:STORE routines:ossl_store_handle_load_result:unsupported:../crypto/store/store_result.c:151:
Could not read public key from kljuc10.key
40978B9AF3780000:error:1608010C:STORE routines:ossl_store_handle_load_result:unsupported:../crypto/store/store_result.c:151:
Could not read public key from kljuc11.key
40879737FE7C0000:error:1608010C:STORE routines:ossl_store_handle_load_result:unsupported:../crypto/store/store_result.c:151:
Could not read public key from kljuc12.key
40A7106738780000:error:1608010C:STORE routines:ossl_store_handle_load_result:unsupported:../crypto/store/store_result.c:151:
Could not read public key from kljuc13.key
4037019796730000:error:1608010C:STORE routines:ossl_store_handle_load_result:unsupported:../crypto/store/store_result.c:151:
Could not read public key from kljuc14.key
403771A6BF760000:error:1608010C:STORE routines:ossl_store_handle_load_result:unsupported:../crypto/store/store_result.c:151:
Could not read public key from kljuc15.key
40175AC382710000:error:1608010C:STORE routines:ossl_store_handle_load_result:unsupported:../crypto/store/store_result.c:151:
Could not read public key from kljuc16.key
4037F7AE5F7F0000:error:1608010C:STORE routines:ossl_store_handle_load_result:unsupported:../crypto/store/store_result.c:151:
Could not read public key from kljuc17.key
4067F62AD2780000:error:1608010C:STORE routines:ossl_store_handle_load_result:unsupported:../crypto/store/store_result.c:151:
Could not read public key from kljuc18.key
40373827D07D0000:error:1608010C:STORE routines:ossl_store_handle_load_result:unsupported:../crypto/store/store_result.c:151:
Could not read public key from kljuc19.key
40571B70BD710000:error:1608010C:STORE routines:ossl_store_handle_load_result:unsupported:../crypto/store/store_result.c:151:
Could not read public key from kljuc1.key
40F731D689780000:error:1608010C:STORE routines:ossl_store_handle_load_result:unsupported:../crypto/store/store_result.c:151:
Could not read public key from kljuc20.key
402718D11E7A0000:error:1608010C:STORE routines:ossl_store_handle_load_result:unsupported:../crypto/store/store_result.c:151:
Could not read public key from kljuc21.key
40E77DBD34710000:error:1608010C:STORE routines:ossl_store_handle_load_result:unsupported:../crypto/store/store_result.c:151:
Could not read public key from kljuc22.key
40C736081F710000:error:1608010C:STORE routines:ossl_store_handle_load_result:unsupported:../crypto/store/store_result.c:151:
Could not read public key from kljuc23.key
4007FE4669760000:error:1608010C:STORE routines:ossl_store_handle_load_result:unsupported:../crypto/store/store_result.c:151:
Could not read public key from kljuc24.key
40670DC117750000:error:1608010C:STORE routines:ossl_store_handle_load_result:unsupported:../crypto/store/store_result.c:151:
Could not read public key from kljuc25.key
40C72220587C0000:error:1608010C:STORE routines:ossl_store_handle_load_result:unsupported:../crypto/store/store_result.c:151:
Could not read public key from kljuc26.key
40475F8ECD7C0000:error:1608010C:STORE routines:ossl_store_handle_load_result:unsupported:../crypto/store/store_result.c:151:
Could not read public key from kljuc27.key
4087DC9570710000:error:1608010C:STORE routines:ossl_store_handle_load_result:unsupported:../crypto/store/store_result.c:151:
Could not read public key from kljuc28.key
40575D4A68720000:error:1608010C:STORE routines:ossl_store_handle_load_result:unsupported:../crypto/store/store_result.c:151:
Could not read public key from kljuc29.key
40E73144777A0000:error:1608010C:STORE routines:ossl_store_handle_load_result:unsupported:../crypto/store/store_result.c:151:
Could not read public key from kljuc2.key
4047E72481750000:error:1608010C:STORE routines:ossl_store_handle_load_result:unsupported:../crypto/store/store_result.c:151:
Could not read public key from kljuc30.key
40A77281757F0000:error:1608010C:STORE routines:ossl_store_handle_load_result:unsupported:../crypto/store/store_result.c:151:
Could not read public key from kljuc31.key
4057C6D04C720000:error:1608010C:STORE routines:ossl_store_handle_load_result:unsupported:../crypto/store/store_result.c:151:
Could not read public key from kljuc32.key
4047A73F74760000:error:1608010C:STORE routines:ossl_store_handle_load_result:unsupported:../crypto/store/store_result.c:151:
Could not read public key from kljuc33.key
40D790B9F6700000:error:1608010C:STORE routines:ossl_store_handle_load_result:unsupported:../crypto/store/store_result.c:151:
Could not read public key from kljuc34.key
40F7A7B395760000:error:1608010C:STORE routines:ossl_store_handle_load_result:unsupported:../crypto/store/store_result.c:151:
Could not read public key from kljuc35.key
4077AEA09C7E0000:error:1608010C:STORE routines:ossl_store_handle_load_result:unsupported:../crypto/store/store_result.c:151:
Could not read public key from kljuc36.key
4027E9708C740000:error:1608010C:STORE routines:ossl_store_handle_load_result:unsupported:../crypto/store/store_result.c:151:
Could not read public key from kljuc37.key
4067049851720000:error:1608010C:STORE routines:ossl_store_handle_load_result:unsupported:../crypto/store/store_result.c:151:
Could not read public key from kljuc38.key
40F7DE37C0700000:error:1608010C:STORE routines:ossl_store_handle_load_result:unsupported:../crypto/store/store_result.c:151:
Could not read public key from kljuc39.key
40B75D7DB67B0000:error:1608010C:STORE routines:ossl_store_handle_load_result:unsupported:../crypto/store/store_result.c:151:
Could not read public key from kljuc3.key
40877F9FD5780000:error:1608010C:STORE routines:ossl_store_handle_load_result:unsupported:../crypto/store/store_result.c:151:
Could not read public key from kljuc40.key
4067735F08710000:error:1608010C:STORE routines:ossl_store_handle_load_result:unsupported:../crypto/store/store_result.c:151:
Could not read public key from kljuc41.key
40776901BF740000:error:1608010C:STORE routines:ossl_store_handle_load_result:unsupported:../crypto/store/store_result.c:151:
Could not read public key from kljuc42.key
40E7D6F022720000:error:1608010C:STORE routines:ossl_store_handle_load_result:unsupported:../crypto/store/store_result.c:151:
Could not read public key from kljuc43.key
40C7B8F202790000:error:1608010C:STORE routines:ossl_store_handle_load_result:unsupported:../crypto/store/store_result.c:151:
Could not read public key from kljuc44.key
40B79EC66B780000:error:1608010C:STORE routines:ossl_store_handle_load_result:unsupported:../crypto/store/store_result.c:151:
Could not read public key from kljuc45.key
40A78BD6F77C0000:error:1608010C:STORE routines:ossl_store_handle_load_result:unsupported:../crypto/store/store_result.c:151:
Could not read public key from kljuc46.key
40D774F4547F0000:error:1608010C:STORE routines:ossl_store_handle_load_result:unsupported:../crypto/store/store_result.c:151:
Could not read public key from kljuc47.key
4017FD1125710000:error:1608010C:STORE routines:ossl_store_handle_load_result:unsupported:../crypto/store/store_result.c:151:
Could not read public key from kljuc48.key
40477C0654750000:error:1608010C:STORE routines:ossl_store_handle_load_result:unsupported:../crypto/store/store_result.c:151:
Could not read public key from kljuc49.key
40F7A214FB7B0000:error:1608010C:STORE routines:ossl_store_handle_load_result:unsupported:../crypto/store/store_result.c:151:
Could not read public key from kljuc4.key
40779B1ACA730000:error:1608010C:STORE routines:ossl_store_handle_load_result:unsupported:../crypto/store/store_result.c:151:
Could not read public key from kljuc50.key
40B708883E780000:error:1608010C:STORE routines:ossl_store_handle_load_result:unsupported:../crypto/store/store_result.c:151:
Could not read public key from kljuc5.key
40A7D658D07A0000:error:1608010C:STORE routines:ossl_store_handle_load_result:unsupported:../crypto/store/store_result.c:151:
Could not read public key from kljuc6.key
40679D9DC47D0000:error:1608010C:STORE routines:ossl_store_handle_load_result:unsupported:../crypto/store/store_result.c:151:
Could not read public key from kljuc7.key
40F739D95C7F0000:error:1608010C:STORE routines:ossl_store_handle_load_result:unsupported:../crypto/store/store_result.c:151:
Could not read public key from kljuc8.key
40C75082E97F0000:error:1608010C:STORE routines:ossl_store_handle_load_result:unsupported:../crypto/store/store_result.c:151:
Could not read public key from kljuc9.key
40A7048AFB770000:error:1608010C:STORE routines:ossl_store_handle_load_result:unsupported:../crypto/store/store_result.c:151:
Could not read public key from kljuc10.key
40B7AEDA66740000:error:1608010C:STORE routines:ossl_store_handle_load_result:unsupported:../crypto/store/store_result.c:151:
Could not read public key from kljuc11.key
404731F7817E0000:error:1608010C:STORE routines:ossl_store_handle_load_result:unsupported:../crypto/store/store_result.c:151:
Could not read public key from kljuc12.key
4057ABBBFC770000:error:1608010C:STORE routines:ossl_store_handle_load_result:unsupported:../crypto/store/store_result.c:151:
Could not read public key from kljuc13.key
4007D61DA07E0000:error:1608010C:STORE routines:ossl_store_handle_load_result:unsupported:../crypto/store/store_result.c:151:
Could not read public key from kljuc14.key
4087F6DAAE790000:error:1608010C:STORE routines:ossl_store_handle_load_result:unsupported:../crypto/store/store_result.c:151:
Could not read public key from kljuc15.key
4077B434F0760000:error:1608010C:STORE routines:ossl_store_handle_load_result:unsupported:../crypto/store/store_result.c:151:
Could not read public key from kljuc16.key
4017EC76F17A0000:error:1608010C:STORE routines:ossl_store_handle_load_result:unsupported:../crypto/store/store_result.c:151:
Could not read public key from kljuc17.key
40A7855027710000:error:1608010C:STORE routines:ossl_store_handle_load_result:unsupported:../crypto/store/store_result.c:151:
Could not read public key from kljuc18.key
400714BAB6700000:error:1608010C:STORE routines:ossl_store_handle_load_result:unsupported:../crypto/store/store_result.c:151:
Could not read public key from kljuc19.key
40170860377A0000:error:1608010C:STORE routines:ossl_store_handle_load_result:unsupported:../crypto/store/store_result.c:151:
Could not read public key from kljuc1.key
40479DC348700000:error:1608010C:STORE routines:ossl_store_handle_load_result:unsupported:../crypto/store/store_result.c:151:
Could not read public key from kljuc20.key
4097E98D067E0000:error:1608010C:STORE routines:ossl_store_handle_load_result:unsupported:../crypto/store/store_result.c:151:
Could not read public key from kljuc21.key
4037525B2D7F0000:error:1608010C:STORE routines:ossl_store_handle_load_result:unsupported:../crypto/store/store_result.c:151:
Could not read public key from kljuc22.key
4007E7C33B770000:error:1608010C:STORE routines:ossl_store_handle_load_result:unsupported:../crypto/store/store_result.c:151:
Could not read public key from kljuc23.key
406763A7857F0000:error:1608010C:STORE routines:ossl_store_handle_load_result:unsupported:../crypto/store/store_result.c:151:
Could not read public key from kljuc24.key
407735F3947C0000:error:1608010C:STORE routines:ossl_store_handle_load_result:unsupported:../crypto/store/store_result.c:151:
Could not read public key from kljuc25.key
4007F6E8EE750000:error:1608010C:STORE routines:ossl_store_handle_load_result:unsupported:../crypto/store/store_result.c:151:
Could not read public key from kljuc26.key
40D76669A8740000:error:1608010C:STORE routines:ossl_store_handle_load_result:unsupported:../crypto/store/store_result.c:151:
Could not read public key from kljuc27.key
40072139867D0000:error:1608010C:STORE routines:ossl_store_handle_load_result:unsupported:../crypto/store/store_result.c:151:
Could not read public key from kljuc28.key
40A774EAA9700000:error:1608010C:STORE routines:ossl_store_handle_load_result:unsupported:../crypto/store/store_result.c:151:
Could not read public key from kljuc29.key
40772E033E770000:error:1608010C:STORE routines:ossl_store_handle_load_result:unsupported:../crypto/store/store_result.c:151:
Could not read public key from kljuc2.key
4047F5E1E1760000:error:1608010C:STORE routines:ossl_store_handle_load_result:unsupported:../crypto/store/store_result.c:151:
Could not read public key from kljuc30.key
40F7A9B325720000:error:1608010C:STORE routines:ossl_store_handle_load_result:unsupported:../crypto/store/store_result.c:151:
Could not read public key from kljuc31.key
40D790DDB97C0000:error:1608010C:STORE routines:ossl_store_handle_load_result:unsupported:../crypto/store/store_result.c:151:
Could not read public key from kljuc32.key
40E73C28967A0000:error:1608010C:STORE routines:ossl_store_handle_load_result:unsupported:../crypto/store/store_result.c:151:
Could not read public key from kljuc33.key
40E7A7B66D710000:error:1608010C:STORE routines:ossl_store_handle_load_result:unsupported:../crypto/store/store_result.c:151:
Could not read public key from kljuc34.key
40F74AB113770000:error:1608010C:STORE routines:ossl_store_handle_load_result:unsupported:../crypto/store/store_result.c:151:
Could not read public key from kljuc35.key
4067019308760000:error:1608010C:STORE routines:ossl_store_handle_load_result:unsupported:../crypto/store/store_result.c:151:
Could not read public key from kljuc36.key
40E707EDCE7B0000:error:1608010C:STORE routines:ossl_store_handle_load_result:unsupported:../crypto/store/store_result.c:151:
Could not read public key from kljuc37.key
4097CA2327720000:error:1608010C:STORE routines:ossl_store_handle_load_result:unsupported:../crypto/store/store_result.c:151:
Could not read public key from kljuc38.key
40D79DBA437B0000:error:1608010C:STORE routines:ossl_store_handle_load_result:unsupported:../crypto/store/store_result.c:151:
Could not read public key from kljuc39.key
40576CA8417D0000:error:1608010C:STORE routines:ossl_store_handle_load_result:unsupported:../crypto/store/store_result.c:151:
Could not read public key from kljuc3.key
40F71B19567E0000:error:1608010C:STORE routines:ossl_store_handle_load_result:unsupported:../crypto/store/store_result.c:151:
Could not read public key from kljuc40.key
4037B8AF4F750000:error:1608010C:STORE routines:ossl_store_handle_load_result:unsupported:../crypto/store/store_result.c:151:
Could not read public key from kljuc41.key
40D7E29940750000:error:1608010C:STORE routines:ossl_store_handle_load_result:unsupported:../crypto/store/store_result.c:151:
Could not read public key from kljuc42.key
40D7180F687E0000:error:1608010C:STORE routines:ossl_store_handle_load_result:unsupported:../crypto/store/store_result.c:151:
Could not read public key from kljuc43.key
4027F0AC4F7C0000:error:1608010C:STORE routines:ossl_store_handle_load_result:unsupported:../crypto/store/store_result.c:151:
Could not read public key from kljuc44.key
40F7B1DE15760000:error:1608010C:STORE routines:ossl_store_handle_load_result:unsupported:../crypto/store/store_result.c:151:
Could not read public key from kljuc45.key
4007149683720000:error:1608010C:STORE routines:ossl_store_handle_load_result:unsupported:../crypto/store/store_result.c:151:
Could not read public key from kljuc46.key
4077997F797C0000:error:1608010C:STORE routines:ossl_store_handle_load_result:unsupported:../crypto/store/store_result.c:151:
Could not read public key from kljuc47.key
40E7C9693F7D0000:error:1608010C:STORE routines:ossl_store_handle_load_result:unsupported:../crypto/store/store_result.c:151:
Could not read public key from kljuc48.key
40975DC3C77F0000:error:1608010C:STORE routines:ossl_store_handle_load_result:unsupported:../crypto/store/store_result.c:151:
Could not read public key from kljuc49.key
409710E698740000:error:1608010C:STORE routines:ossl_store_handle_load_result:unsupported:../crypto/store/store_result.c:151:
Could not read public key from kljuc4.key
40678E689B7A0000:error:1608010C:STORE routines:ossl_store_handle_load_result:unsupported:../crypto/store/store_result.c:151:
Could not read public key from kljuc50.key
40479CD6027F0000:error:1608010C:STORE routines:ossl_store_handle_load_result:unsupported:../crypto/store/store_result.c:151:
Could not read public key from kljuc5.key
40B78D5DBA740000:error:1608010C:STORE routines:ossl_store_handle_load_result:unsupported:../crypto/store/store_result.c:151:
Could not read public key from kljuc6.key
409723D98C7E0000:error:1608010C:STORE routines:ossl_store_handle_load_result:unsupported:../crypto/store/store_result.c:151:
Could not read public key from kljuc7.key
40C7BDA844720000:error:1608010C:STORE routines:ossl_store_handle_load_result:unsupported:../crypto/store/store_result.c:151:
Could not read public key from kljuc8.key
40C7ACDE3F770000:error:1608010C:STORE routines:ossl_store_handle_load_result:unsupported:../crypto/store/store_result.c:151:
Could not read public key from kljuc9.key
400715EBFA7B0000:error:1608010C:STORE routines:ossl_store_handle_load_result:unsupported:../crypto/store/store_result.c:151:
Could not read public key from kljuc10.key
4007610B73710000:error:1608010C:STORE routines:ossl_store_handle_load_result:unsupported:../crypto/store/store_result.c:151:
Could not read public key from kljuc11.key
40B71D9021780000:error:1608010C:STORE routines:ossl_store_handle_load_result:unsupported:../crypto/store/store_result.c:151:
Could not read public key from kljuc12.key
4077A3FEFE7E0000:error:1608010C:STORE routines:ossl_store_handle_load_result:unsupported:../crypto/store/store_result.c:151:
Could not read public key from kljuc13.key
40B713CACE7D0000:error:1608010C:STORE routines:ossl_store_handle_load_result:unsupported:../crypto/store/store_result.c:151:
Could not read public key from kljuc14.key
40F77FBCA6790000:error:1608010C:STORE routines:ossl_store_handle_load_result:unsupported:../crypto/store/store_result.c:151:
Could not read public key from kljuc15.key
40775D72EA720000:error:1608010C:STORE routines:ossl_store_handle_load_result:unsupported:../crypto/store/store_result.c:151:
Could not read public key from kljuc16.key
40D7A1BDC0700000:error:1608010C:STORE routines:ossl_store_handle_load_result:unsupported:../crypto/store/store_result.c:151:
Could not read public key from kljuc17.key
40E771025B730000:error:1608010C:STORE routines:ossl_store_handle_load_result:unsupported:../crypto/store/store_result.c:151:
Could not read public key from kljuc18.key
40A778D50A7B0000:error:1608010C:STORE routines:ossl_store_handle_load_result:unsupported:../crypto/store/store_result.c:151:
Could not read public key from kljuc19.key
40279507B6780000:error:1608010C:STORE routines:ossl_store_handle_load_result:unsupported:../crypto/store/store_result.c:151:
Could not read public key from kljuc1.key
40F78416787D0000:error:1608010C:STORE routines:ossl_store_handle_load_result:unsupported:../crypto/store/store_result.c:151:
Could not read public key from kljuc20.key
406764FD03780000:error:1608010C:STORE routines:ossl_store_handle_load_result:unsupported:../crypto/store/store_result.c:151:
Could not read public key from kljuc21.key
4027E896F2770000:error:1608010C:STORE routines:ossl_store_handle_load_result:unsupported:../crypto/store/store_result.c:151:
Could not read public key from kljuc22.key
40F726E698770000:error:1608010C:STORE routines:ossl_store_handle_load_result:unsupported:../crypto/store/store_result.c:151:
Could not read public key from kljuc23.key
40D7D27B0C790000:error:1608010C:STORE routines:ossl_store_handle_load_result:unsupported:../crypto/store/store_result.c:151:
Could not read public key from kljuc24.key
40B76FA4E6770000:error:1608010C:STORE routines:ossl_store_handle_load_result:unsupported:../crypto/store/store_result.c:151:
Could not read public key from kljuc25.key
40F7DD904C720000:error:1608010C:STORE routines:ossl_store_handle_load_result:unsupported:../crypto/store/store_result.c:151:
Could not read public key from kljuc26.key
4077BC06087A0000:error:1608010C:STORE routines:ossl_store_handle_load_result:unsupported:../crypto/store/store_result.c:151:
Could not read public key from kljuc27.key
408779CFA0740000:error:1608010C:STORE routines:ossl_store_handle_load_result:unsupported:../crypto/store/store_result.c:151:
Could not read public key from kljuc28.key
40B7ACC2BC7D0000:error:1608010C:STORE routines:ossl_store_handle_load_result:unsupported:../crypto/store/store_result.c:151:
Could not read public key from kljuc29.key
40E7B4DBE67C0000:error:1608010C:STORE routines:ossl_store_handle_load_result:unsupported:../crypto/store/store_result.c:151:
Could not read public key from kljuc2.key
400763F4567B0000:error:1608010C:STORE routines:ossl_store_handle_load_result:unsupported:../crypto/store/store_result.c:151:
Could not read public key from kljuc30.key
40F7D47EFA780000:error:1608010C:STORE routines:ossl_store_handle_load_result:unsupported:../crypto/store/store_result.c:151:
Could not read public key from kljuc31.key
40C73919CF7F0000:error:1608010C:STORE routines:ossl_store_handle_load_result:unsupported:../crypto/store/store_result.c:151:
Could not read public key from kljuc32.key
4057D1FC527D0000:error:1608010C:STORE routines:ossl_store_handle_load_result:unsupported:../crypto/store/store_result.c:151:
Could not read public key from kljuc33.key
40A7FDCD397B0000:error:1608010C:STORE routines:ossl_store_handle_load_result:unsupported:../crypto/store/store_result.c:151:
Could not read public key from kljuc34.key
40D71952A77E0000:error:1608010C:STORE routines:ossl_store_handle_load_result:unsupported:../crypto/store/store_result.c:151:
Could not read public key from kljuc35.key
40773409CD730000:error:1608010C:STORE routines:ossl_store_handle_load_result:unsupported:../crypto/store/store_result.c:151:
Could not read public key from kljuc36.key
40A7EF492B7B0000:error:1608010C:STORE routines:ossl_store_handle_load_result:unsupported:../crypto/store/store_result.c:151:
Could not read public key from kljuc37.key
4087C2DF247F0000:error:1608010C:STORE routines:ossl_store_handle_load_result:unsupported:../crypto/store/store_result.c:151:
Could not read public key from kljuc38.key
40079D1C32730000:error:1608010C:STORE routines:ossl_store_handle_load_result:unsupported:../crypto/store/store_result.c:151:
Could not read public key from kljuc39.key
4087356B26710000:error:1608010C:STORE routines:ossl_store_handle_load_result:unsupported:../crypto/store/store_result.c:151:
Could not read public key from kljuc3.key
40D73FE1237D0000:error:1608010C:STORE routines:ossl_store_handle_load_result:unsupported:../crypto/store/store_result.c:151:
Could not read public key from kljuc40.key
4067A17604750000:error:1608010C:STORE routines:ossl_store_handle_load_result:unsupported:../crypto/store/store_result.c:151:
Could not read public key from kljuc41.key
40B769013B710000:error:1608010C:STORE routines:ossl_store_handle_load_result:unsupported:../crypto/store/store_result.c:151:
Could not read public key from kljuc42.key
40F707FECD720000:error:1608010C:STORE routines:ossl_store_handle_load_result:unsupported:../crypto/store/store_result.c:151:
Could not read public key from kljuc43.key
40F731BECE740000:error:1608010C:STORE routines:ossl_store_handle_load_result:unsupported:../crypto/store/store_result.c:151:
Could not read public key from kljuc44.key
40B785A0557E0000:error:1608010C:STORE routines:ossl_store_handle_load_result:unsupported:../crypto/store/store_result.c:151:
Could not read public key from kljuc45.key
40A7D77C347E0000:error:1608010C:STORE routines:ossl_store_handle_load_result:unsupported:../crypto/store/store_result.c:151:
Could not read public key from kljuc46.key
40E79210E8720000:error:1608010C:STORE routines:ossl_store_handle_load_result:unsupported:../crypto/store/store_result.c:151:
Could not read public key from kljuc47.key
40C79E4FDC750000:error:1608010C:STORE routines:ossl_store_handle_load_result:unsupported:../crypto/store/store_result.c:151:
Could not read public key from kljuc48.key
4017092E41780000:error:1608010C:STORE routines:ossl_store_handle_load_result:unsupported:../crypto/store/store_result.c:151:
Could not read public key from kljuc49.key
40E7367D51760000:error:1608010C:STORE routines:ossl_store_handle_load_result:unsupported:../crypto/store/store_result.c:151:
Could not read public key from kljuc4.key
40E7787D8A760000:error:1608010C:STORE routines:ossl_store_handle_load_result:unsupported:../crypto/store/store_result.c:151:
Could not read public key from kljuc50.key
4087B71ADB710000:error:1608010C:STORE routines:ossl_store_handle_load_result:unsupported:../crypto/store/store_result.c:151:
Could not read public key from kljuc5.key
4077C970AA770000:error:1608010C:STORE routines:ossl_store_handle_load_result:unsupported:../crypto/store/store_result.c:151:
Could not read public key from kljuc6.key
40A77C1209750000:error:1608010C:STORE routines:ossl_store_handle_load_result:unsupported:../crypto/store/store_result.c:151:
Could not read public key from kljuc7.key
4087E543ED720000:error:1608010C:STORE routines:ossl_store_handle_load_result:unsupported:../crypto/store/store_result.c:151:
Could not read public key from kljuc8.key
4037B60519720000:error:1608010C:STORE routines:ossl_store_handle_load_result:unsupported:../crypto/store/store_result.c:151:
Could not read public key from kljuc9.key
40D7CBEF2E750000:error:1608010C:STORE routines:ossl_store_handle_load_result:unsupported:../crypto/store/store_result.c:151:
Could not read public key from kljuc10.key
406799F13E720000:error:1608010C:STORE routines:ossl_store_handle_load_result:unsupported:../crypto/store/store_result.c:151:
Could not read public key from kljuc11.key
403729AA35730000:error:1608010C:STORE routines:ossl_store_handle_load_result:unsupported:../crypto/store/store_result.c:151:
Could not read public key from kljuc12.key
40C77131AC7C0000:error:1608010C:STORE routines:ossl_store_handle_load_result:unsupported:../crypto/store/store_result.c:151:
Could not read public key from kljuc13.key
40571F8095700000:error:1608010C:STORE routines:ossl_store_handle_load_result:unsupported:../crypto/store/store_result.c:151:
Could not read public key from kljuc14.key
4077181CCA710000:error:1608010C:STORE routines:ossl_store_handle_load_result:unsupported:../crypto/store/store_result.c:151:
Could not read public key from kljuc15.key
40A7873448720000:error:1608010C:STORE routines:ossl_store_handle_load_result:unsupported:../crypto/store/store_result.c:151:
Could not read public key from kljuc16.key
4057A92C307F0000:error:1608010C:STORE routines:ossl_store_handle_load_result:unsupported:../crypto/store/store_result.c:151:
Could not read public key from kljuc17.key
40977760FB7B0000:error:1608010C:STORE routines:ossl_store_handle_load_result:unsupported:../crypto/store/store_result.c:151:
Could not read public key from kljuc18.key
40372AB3A6790000:error:1608010C:STORE routines:ossl_store_handle_load_result:unsupported:../crypto/store/store_result.c:151:
Could not read public key from kljuc19.key
4097D41BE2780000:error:1608010C:STORE routines:ossl_store_handle_load_result:unsupported:../crypto/store/store_result.c:151:
Could not read public key from kljuc1.key
40978C95537E0000:error:1608010C:STORE routines:ossl_store_handle_load_result:unsupported:../crypto/store/store_result.c:151:
Could not read public key from kljuc20.key
4077C6422E770000:error:1608010C:STORE routines:ossl_store_handle_load_result:unsupported:../crypto/store/store_result.c:151:
Could not read public key from kljuc21.key
4067491618750000:error:1608010C:STORE routines:ossl_store_handle_load_result:unsupported:../crypto/store/store_result.c:151:
Could not read public key from kljuc22.key
405701CE3F7E0000:error:1608010C:STORE routines:ossl_store_handle_load_result:unsupported:../crypto/store/store_result.c:151:
Could not read public key from kljuc23.key
4067322C6F720000:error:1608010C:STORE routines:ossl_store_handle_load_result:unsupported:../crypto/store/store_result.c:151:
Could not read public key from kljuc24.key
4037C011707C0000:error:1608010C:STORE routines:ossl_store_handle_load_result:unsupported:../crypto/store/store_result.c:151:
Could not read public key from kljuc25.key
40D778FF92750000:error:1608010C:STORE routines:ossl_store_handle_load_result:unsupported:../crypto/store/store_result.c:151:
Could not read public key from kljuc26.key
40D74C8371780000:error:1608010C:STORE routines:ossl_store_handle_load_result:unsupported:../crypto/store/store_result.c:151:
Could not read public key from kljuc27.key
40C7B79CBE740000:error:1608010C:STORE routines:ossl_store_handle_load_result:unsupported:../crypto/store/store_result.c:151:
Could not read public key from kljuc28.key
40578E320B7B0000:error:1608010C:STORE routines:ossl_store_handle_load_result:unsupported:../crypto/store/store_result.c:151:
Could not read public key from kljuc29.key
40875D70C2770000:error:1608010C:STORE routines:ossl_store_handle_load_result:unsupported:../crypto/store/store_result.c:151:
Could not read public key from kljuc2.key
4047B85B17780000:error:1608010C:STORE routines:ossl_store_handle_load_result:unsupported:../crypto/store/store_result.c:151:
Could not read public key from kljuc30.key
40A7B076AE780000:error:1608010C:STORE routines:ossl_store_handle_load_result:unsupported:../crypto/store/store_result.c:151:
Could not read public key from kljuc31.key
40F79C5000770000:error:1608010C:STORE routines:ossl_store_handle_load_result:unsupported:../crypto/store/store_result.c:151:
Could not read public key from kljuc32.key
4037B6F6177D0000:error:1608010C:STORE routines:ossl_store_handle_load_result:unsupported:../crypto/store/store_result.c:151:
Could not read public key from kljuc33.key
40F711E3CF770000:error:1608010C:STORE routines:ossl_store_handle_load_result:unsupported:../crypto/store/store_result.c:151:
Could not read public key from kljuc34.key
4057CDA2337A0000:error:1608010C:STORE routines:ossl_store_handle_load_result:unsupported:../crypto/store/store_result.c:151:
Could not read public key from kljuc35.key
40372736B07F0000:error:1608010C:STORE routines:ossl_store_handle_load_result:unsupported:../crypto/store/store_result.c:151:
Could not read public key from kljuc36.key
40F7F7BCC37A0000:error:1608010C:STORE routines:ossl_store_handle_load_result:unsupported:../crypto/store/store_result.c:151:
Could not read public key from kljuc37.key
40274BF499790000:error:1608010C:STORE routines:ossl_store_handle_load_result:unsupported:../crypto/store/store_result.c:151:
Could not read public key from kljuc38.key
4087295EB7780000:error:1608010C:STORE routines:ossl_store_handle_load_result:unsupported:../crypto/store/store_result.c:151:
Could not read public key from kljuc39.key
40C74AAA7C7A0000:error:1608010C:STORE routines:ossl_store_handle_load_result:unsupported:../crypto/store/store_result.c:151:
Could not read public key from kljuc3.key
40E7CC17A0780000:error:1608010C:STORE routines:ossl_store_handle_load_result:unsupported:../crypto/store/store_result.c:151:
Could not read public key from kljuc40.key
40E7CD4711740000:error:1608010C:STORE routines:ossl_store_handle_load_result:unsupported:../crypto/store/store_result.c:151:
Could not read public key from kljuc41.key
4067584A46740000:error:1608010C:STORE routines:ossl_store_handle_load_result:unsupported:../crypto/store/store_result.c:151:
Could not read public key from kljuc42.key
4087161F9B7E0000:error:1608010C:STORE routines:ossl_store_handle_load_result:unsupported:../crypto/store/store_result.c:151:
Could not read public key from kljuc43.key
401779F254710000:error:1608010C:STORE routines:ossl_store_handle_load_result:unsupported:../crypto/store/store_result.c:151:
Could not read public key from kljuc44.key
40C79D9160760000:error:1608010C:STORE routines:ossl_store_handle_load_result:unsupported:../crypto/store/store_result.c:151:
Could not read public key from kljuc45.key
40E75B5A1F750000:error:1608010C:STORE routines:ossl_store_handle_load_result:unsupported:../crypto/store/store_result.c:151:
Could not read public key from kljuc46.key
4077FFBACB780000:error:1608010C:STORE routines:ossl_store_handle_load_result:unsupported:../crypto/store/store_result.c:151:
Could not read public key from kljuc47.key
40673A0692710000:error:1608010C:STORE routines:ossl_store_handle_load_result:unsupported:../crypto/store/store_result.c:151:
Could not read public key from kljuc48.key
40172A1AE17F0000:error:1608010C:STORE routines:ossl_store_handle_load_result:unsupported:../crypto/store/store_result.c:151:
Could not read public key from kljuc49.key
4067D051BA720000:error:1608010C:STORE routines:ossl_store_handle_load_result:unsupported:../crypto/store/store_result.c:151:
Could not read public key from kljuc4.key
40D7C471127A0000:error:1608010C:STORE routines:ossl_store_handle_load_result:unsupported:../crypto/store/store_result.c:151:
Could not read public key from kljuc50.key
4077374E01770000:error:1608010C:STORE routines:ossl_store_handle_load_result:unsupported:../crypto/store/store_result.c:151:
Could not read public key from kljuc5.key
4047AC26BF760000:error:1608010C:STORE routines:ossl_store_handle_load_result:unsupported:../crypto/store/store_result.c:151:
Could not read public key from kljuc6.key
40F76AEF0B760000:error:1608010C:STORE routines:ossl_store_handle_load_result:unsupported:../crypto/store/store_result.c:151:
Could not read public key from kljuc7.key
402765068A7E0000:error:1608010C:STORE routines:ossl_store_handle_load_result:unsupported:../crypto/store/store_result.c:151:
Could not read public key from kljuc8.key
40B7FCFE5A750000:error:1608010C:STORE routines:ossl_store_handle_load_result:unsupported:../crypto/store/store_result.c:151:
Could not read public key from kljuc9.key
40C7BA1E0D790000:error:1608010C:STORE routines:ossl_store_handle_load_result:unsupported:../crypto/store/store_result.c:151:
Could not read public key from kljuc10.key
40B7A87F2A7C0000:error:1608010C:STORE routines:ossl_store_handle_load_result:unsupported:../crypto/store/store_result.c:151:
Could not read public key from kljuc11.key
40E7C253BA700000:error:1608010C:STORE routines:ossl_store_handle_load_result:unsupported:../crypto/store/store_result.c:151:
Could not read public key from kljuc12.key
4017B896D57F0000:error:1608010C:STORE routines:ossl_store_handle_load_result:unsupported:../crypto/store/store_result.c:151:
Could not read public key from kljuc13.key
40C765C72C7F0000:error:1608010C:STORE routines:ossl_store_handle_load_result:unsupported:../crypto/store/store_result.c:151:
Could not read public key from kljuc14.key
408784E284780000:error:1608010C:STORE routines:ossl_store_handle_load_result:unsupported:../crypto/store/store_result.c:151:
Could not read public key from kljuc15.key
4067D081217A0000:error:1608010C:STORE routines:ossl_store_handle_load_result:unsupported:../crypto/store/store_result.c:151:
Could not read public key from kljuc16.key
40F7A362997C0000:error:1608010C:STORE routines:ossl_store_handle_load_result:unsupported:../crypto/store/store_result.c:151:
Could not read public key from kljuc17.key
40E7E96444710000:error:1608010C:STORE routines:ossl_store_handle_load_result:unsupported:../crypto/store/store_result.c:151:
Could not read public key from kljuc18.key
40379CB1BB7E0000:error:1608010C:STORE routines:ossl_store_handle_load_result:unsupported:../crypto/store/store_result.c:151:
Could not read public key from kljuc19.key
40B77E5DE4720000:error:1608010C:STORE routines:ossl_store_handle_load_result:unsupported:../crypto/store/store_result.c:151:
Could not read public key from kljuc1.key
4017360A22750000:error:1608010C:STORE routines:ossl_store_handle_load_result:unsupported:../crypto/store/store_result.c:151:
Could not read public key from kljuc20.key
4067AC7CEE720000:error:1608010C:STORE routines:ossl_store_handle_load_result:unsupported:../crypto/store/store_result.c:151:
Could not read public key from kljuc21.key
40F7428DF1700000:error:1608010C:STORE routines:ossl_store_handle_load_result:unsupported:../crypto/store/store_result.c:151:
Could not read public key from kljuc22.key
405783EE557E0000:error:1608010C:STORE routines:ossl_store_handle_load_result:unsupported:../crypto/store/store_result.c:151:
Could not read public key from kljuc23.key
40E7A02157790000:error:1608010C:STORE routines:ossl_store_handle_load_result:unsupported:../crypto/store/store_result.c:151:
Could not read public key from kljuc24.key
40F71C0937750000:error:1608010C:STORE routines:ossl_store_handle_load_result:unsupported:../crypto/store/store_result.c:151:
Could not read public key from kljuc25.key
40A73BD75E700000:error:1608010C:STORE routines:ossl_store_handle_load_result:unsupported:../crypto/store/store_result.c:151:
Could not read public key from kljuc26.key
40B7197BE7750000:error:1608010C:STORE routines:ossl_store_handle_load_result:unsupported:../crypto/store/store_result.c:151:
Could not read public key from kljuc27.key
403728B3B2760000:error:1608010C:STORE routines:ossl_store_handle_load_result:unsupported:../crypto/store/store_result.c:151:
Could not read public key from kljuc28.key
40C79C509C7F0000:error:1608010C:STORE routines:ossl_store_handle_load_result:unsupported:../crypto/store/store_result.c:151:
Could not read public key from kljuc29.key
4007A953417A0000:error:1608010C:STORE routines:ossl_store_handle_load_result:unsupported:../crypto/store/store_result.c:151:
Could not read public key from kljuc2.key
40374137A7760000:error:1608010C:STORE routines:ossl_store_handle_load_result:unsupported:../crypto/store/store_result.c:151:
Could not read public key from kljuc30.key
4007C5425B730000:error:1608010C:STORE routines:ossl_store_handle_load_result:unsupported:../crypto/store/store_result.c:151:
Could not read public key from kljuc31.key
400781ED4F760000:error:1608010C:STORE routines:ossl_store_handle_load_result:unsupported:../crypto/store/store_result.c:151:
Could not read public key from kljuc32.key
4087BC657F730000:error:1608010C:STORE routines:ossl_store_handle_load_result:unsupported:../crypto/store/store_result.c:151:
Could not read public key from kljuc33.key
40F7924C79710000:error:1608010C:STORE routines:ossl_store_handle_load_result:unsupported:../crypto/store/store_result.c:151:
Could not read public key from kljuc34.key
4097D652A8790000:error:1608010C:STORE routines:ossl_store_handle_load_result:unsupported:../crypto/store/store_result.c:151:
Could not read public key from kljuc35.key
4077F6E34F7F0000:error:1608010C:STORE routines:ossl_store_handle_load_result:unsupported:../crypto/store/store_result.c:151:
Could not read public key from kljuc36.key
40373F6BAE760000:error:1608010C:STORE routines:ossl_store_handle_load_result:unsupported:../crypto/store/store_result.c:151:
Could not read public key from kljuc37.key
4067AA06BE710000:error:1608010C:STORE routines:ossl_store_handle_load_result:unsupported:../crypto/store/store_result.c:151:
Could not read public key from kljuc38.key
404727DDDC750000:error:1608010C:STORE routines:ossl_store_handle_load_result:unsupported:../crypto/store/store_result.c:151:
Could not read public key from kljuc39.key
4087AFC16F7C0000:error:1608010C:STORE routines:ossl_store_handle_load_result:unsupported:../crypto/store/store_result.c:151:
Could not read public key from kljuc3.key
40D78528C9710000:error:1608010C:STORE routines:ossl_store_handle_load_result:unsupported:../crypto/store/store_result.c:151:
Could not read public key from kljuc40.key
40E75010827C0000:error:1608010C:STORE routines:ossl_store_handle_load_result:unsupported:../crypto/store/store_result.c:151:
Could not read public key from kljuc41.key
4037C307E4700000:error:1608010C:STORE routines:ossl_store_handle_load_result:unsupported:../crypto/store/store_result.c:151:
Could not read public key from kljuc42.key
4007B2C5A4770000:error:1608010C:STORE routines:ossl_store_handle_load_result:unsupported:../crypto/store/store_result.c:151:
Could not read public key from kljuc43.key
40A79942267A0000:error:1608010C:STORE routines:ossl_store_handle_load_result:unsupported:../crypto/store/store_result.c:151:
Could not read public key from kljuc44.key
4037A3ADFE750000:error:1608010C:STORE routines:ossl_store_handle_load_result:unsupported:../crypto/store/store_result.c:151:
Could not read public key from kljuc45.key
4047563C157F0000:error:1608010C:STORE routines:ossl_store_handle_load_result:unsupported:../crypto/store/store_result.c:151:
Could not read public key from kljuc46.key
40A7B88F687D0000:error:1608010C:STORE routines:ossl_store_handle_load_result:unsupported:../crypto/store/store_result.c:151:
Could not read public key from kljuc47.key
40E7CF5BF3760000:error:1608010C:STORE routines:ossl_store_handle_load_result:unsupported:../crypto/store/store_result.c:151:
Could not read public key from kljuc48.key
40D7BF1ED7730000:error:1608010C:STORE routines:ossl_store_handle_load_result:unsupported:../crypto/store/store_result.c:151:
Could not read public key from kljuc49.key
4047A5E7E4790000:error:1608010C:STORE routines:ossl_store_handle_load_result:unsupported:../crypto/store/store_result.c:151:
Could not read public key from kljuc4.key
40170E56537A0000:error:1608010C:STORE routines:ossl_store_handle_load_result:unsupported:../crypto/store/store_result.c:151:
Could not read public key from kljuc50.key
40878E08F8740000:error:1608010C:STORE routines:ossl_store_handle_load_result:unsupported:../crypto/store/store_result.c:151:
Could not read public key from kljuc5.key
40175A187D730000:error:1608010C:STORE routines:ossl_store_handle_load_result:unsupported:../crypto/store/store_result.c:151:
Could not read public key from kljuc6.key
4037614689710000:error:1608010C:STORE routines:ossl_store_handle_load_result:unsupported:../crypto/store/store_result.c:151:
Could not read public key from kljuc7.key
4007CD44927B0000:error:1608010C:STORE routines:ossl_store_handle_load_result:unsupported:../crypto/store/store_result.c:151:
Could not read public key from kljuc8.key
4007E8BDD17F0000:error:1608010C:STORE routines:ossl_store_handle_load_result:unsupported:../crypto/store/store_result.c:151:
Could not read public key from kljuc9.key
40C71E03EC790000:error:1608010C:STORE routines:ossl_store_handle_load_result:unsupported:../crypto/store/store_result.c:151:
Could not read public key from kljuc10.key
40D78B0AC9740000:error:1608010C:STORE routines:ossl_store_handle_load_result:unsupported:../crypto/store/store_result.c:151:
Could not read public key from kljuc11.key
40D7448261790000:error:1608010C:STORE routines:ossl_store_handle_load_result:unsupported:../crypto/store/store_result.c:151:
Could not read public key from kljuc12.key
4037A36D1B720000:error:1608010C:STORE routines:ossl_store_handle_load_result:unsupported:../crypto/store/store_result.c:151:
Could not read public key from kljuc13.key
4027EFDAF97E0000:error:1608010C:STORE routines:ossl_store_handle_load_result:unsupported:../crypto/store/store_result.c:151:
Could not read public key from kljuc14.key
4087180A6C7F0000:error:1608010C:STORE routines:ossl_store_handle_load_result:unsupported:../crypto/store/store_result.c:151:
Could not read public key from kljuc15.key
4017C84745710000:error:1608010C:STORE routines:ossl_store_handle_load_result:unsupported:../crypto/store/store_result.c:151:
Could not read public key from kljuc16.key
40F7BACC22700000:error:1608010C:STORE routines:ossl_store_handle_load_result:unsupported:../crypto/store/store_result.c:151:
Could not read public key from kljuc17.key
40876A0B9A7E0000:error:1608010C:STORE routines:ossl_store_handle_load_result:unsupported:../crypto/store/store_result.c:151:
Could not read public key from kljuc18.key
4097E11A99760000:error:1608010C:STORE routines:ossl_store_handle_load_result:unsupported:../crypto/store/store_result.c:151:
Could not read public key from kljuc19.key
40F76777F5780000:error:1608010C:STORE routines:ossl_store_handle_load_result:unsupported:../crypto/store/store_result.c:151:
Could not read public key from kljuc1.key
405760D8FF7D0000:error:1608010C:STORE routines:ossl_store_handle_load_result:unsupported:../crypto/store/store_result.c:151:
Could not read public key from kljuc20.key
402703789B7C0000:error:1608010C:STORE routines:ossl_store_handle_load_result:unsupported:../crypto/store/store_result.c:151:
Could not read public key from kljuc21.key
40D7BA22D57A0000:error:1608010C:STORE routines:ossl_store_handle_load_result:unsupported:../crypto/store/store_result.c:151:
Could not read public key from kljuc22.key
40875600467B0000:error:1608010C:STORE routines:ossl_store_handle_load_result:unsupported:../crypto/store/store_result.c:151:
Could not read public key from kljuc23.key
40A74F131B780000:error:1608010C:STORE routines:ossl_store_handle_load_result:unsupported:../crypto/store/store_result.c:151:
Could not read public key from kljuc24.key
402708750E7E0000:error:1608010C:STORE routines:ossl_store_handle_load_result:unsupported:../crypto/store/store_result.c:151:
Could not read public key from kljuc25.key
408773324A7F0000:error:1608010C:STORE routines:ossl_store_handle_load_result:unsupported:../crypto/store/store_result.c:151:
Could not read public key from kljuc26.key
40E7EFDCFB740000:error:1608010C:STORE routines:ossl_store_handle_load_result:unsupported:../crypto/store/store_result.c:151:
Could not read public key from kljuc27.key
403785A7DE7D0000:error:1608010C:STORE routines:ossl_store_handle_load_result:unsupported:../crypto/store/store_result.c:151:
Could not read public key from kljuc28.key
40C74101567D0000:error:1608010C:STORE routines:ossl_store_handle_load_result:unsupported:../crypto/store/store_result.c:151:
Could not read public key from kljuc29.key
40D70DA1077F0000:error:1608010C:STORE routines:ossl_store_handle_load_result:unsupported:../crypto/store/store_result.c:151:
Could not read public key from kljuc2.key
40E767C5D47A0000:error:1608010C:STORE routines:ossl_store_handle_load_result:unsupported:../crypto/store/store_result.c:151:
Could not read public key from kljuc30.key
40876806E8720000:error:1608010C:STORE routines:ossl_store_handle_load_result:unsupported:../crypto/store/store_result.c:151:
Could not read public key from kljuc31.key
4077763BE6770000:error:1608010C:STORE routines:ossl_store_handle_load_result:unsupported:../crypto/store/store_result.c:151:
Could not read public key from kljuc32.key
4097DC52DC790000:error:1608010C:STORE routines:ossl_store_handle_load_result:unsupported:../crypto/store/store_result.c:151:
Could not read public key from kljuc33.key
40275C4238730000:error:1608010C:STORE routines:ossl_store_handle_load_result:unsupported:../crypto/store/store_result.c:151:
Could not read public key from kljuc34.key
40F755A4097F0000:error:1608010C:STORE routines:ossl_store_handle_load_result:unsupported:../crypto/store/store_result.c:151:
Could not read public key from kljuc35.key
40F70A314D730000:error:1608010C:STORE routines:ossl_store_handle_load_result:unsupported:../crypto/store/store_result.c:151:
Could not read public key from kljuc36.key
40B73FAAB87A0000:error:1608010C:STORE routines:ossl_store_handle_load_result:unsupported:../crypto/store/store_result.c:151:
Could not read public key from kljuc37.key
40073979C3700000:error:1608010C:STORE routines:ossl_store_handle_load_result:unsupported:../crypto/store/store_result.c:151:
Could not read public key from kljuc38.key
4077838F8B7C0000:error:1608010C:STORE routines:ossl_store_handle_load_result:unsupported:../crypto/store/store_result.c:151:
Could not read public key from kljuc39.key
4047E4857F750000:error:1608010C:STORE routines:ossl_store_handle_load_result:unsupported:../crypto/store/store_result.c:151:
Could not read public key from kljuc3.key
4097D3A820730000:error:1608010C:STORE routines:ossl_store_handle_load_result:unsupported:../crypto/store/store_result.c:151:
Could not read public key from kljuc40.key
40E745EAFA7F0000:error:1608010C:STORE routines:ossl_store_handle_load_result:unsupported:../crypto/store/store_result.c:151:
Could not read public key from kljuc41.key
4027FD7E207E0000:error:1608010C:STORE routines:ossl_store_handle_load_result:unsupported:../crypto/store/store_result.c:151:
Could not read public key from kljuc42.key
4087233250710000:error:1608010C:STORE routines:ossl_store_handle_load_result:unsupported:../crypto/store/store_result.c:151:
Could not read public key from kljuc43.key
4047478D64740000:error:1608010C:STORE routines:ossl_store_handle_load_result:unsupported:../crypto/store/store_result.c:151:
Could not read public key from kljuc44.key
40F7FC2BB37D0000:error:1608010C:STORE routines:ossl_store_handle_load_result:unsupported:../crypto/store/store_result.c:151:
Could not read public key from kljuc45.key
40E79094D6770000:error:1608010C:STORE routines:ossl_store_handle_load_result:unsupported:../crypto/store/store_result.c:151:
Could not read public key from kljuc46.key
4007D50E05780000:error:1608010C:STORE routines:ossl_store_handle_load_result:unsupported:../crypto/store/store_result.c:151:
Could not read public key from kljuc47.key
4017EBD7D5710000:error:1608010C:STORE routines:ossl_store_handle_load_result:unsupported:../crypto/store/store_result.c:151:
Could not read public key from kljuc48.key
4047407A107B0000:error:1608010C:STORE routines:ossl_store_handle_load_result:unsupported:../crypto/store/store_result.c:151:
Could not read public key from kljuc49.key
400732096E7D0000:error:1608010C:STORE routines:ossl_store_handle_load_result:unsupported:../crypto/store/store_result.c:151:
Could not read public key from kljuc4.key
4057586B6E700000:error:1608010C:STORE routines:ossl_store_handle_load_result:unsupported:../crypto/store/store_result.c:151:
Could not read public key from kljuc50.key
401743CA56770000:error:1608010C:STORE routines:ossl_store_handle_load_result:unsupported:../crypto/store/store_result.c:151:
Could not read public key from kljuc5.key
409711C4617A0000:error:1608010C:STORE routines:ossl_store_handle_load_result:unsupported:../crypto/store/store_result.c:151:
Could not read public key from kljuc6.key
4077B51F8F7B0000:error:1608010C:STORE routines:ossl_store_handle_load_result:unsupported:../crypto/store/store_result.c:151:
Could not read public key from kljuc7.key
40274DAC60740000:error:1608010C:STORE routines:ossl_store_handle_load_result:unsupported:../crypto/store/store_result.c:151:
Could not read public key from kljuc8.key
40D73F7C5D720000:error:1608010C:STORE routines:ossl_store_handle_load_result:unsupported:../crypto/store/store_result.c:151:
Could not read public key from kljuc9.key
4017EFEA97740000:error:1608010C:STORE routines:ossl_store_handle_load_result:unsupported:../crypto/store/store_result.c:151:
Could not read public key from kljuc10.key
40676810C6720000:error:1608010C:STORE routines:ossl_store_handle_load_result:unsupported:../crypto/store/store_result.c:151:
Could not read public key from kljuc11.key
409761752A7D0000:error:1608010C:STORE routines:ossl_store_handle_load_result:unsupported:../crypto/store/store_result.c:151:
Could not read public key from kljuc12.key
4027F7BC87750000:error:1608010C:STORE routines:ossl_store_handle_load_result:unsupported:../crypto/store/store_result.c:151:
Could not read public key from kljuc13.key
40C7D121C6760000:error:1608010C:STORE routines:ossl_store_handle_load_result:unsupported:../crypto/store/store_result.c:151:
Could not read public key from kljuc14.key
4017F6AB177A0000:error:1608010C:STORE routines:ossl_store_handle_load_result:unsupported:../crypto/store/store_result.c:151:
Could not read public key from kljuc15.key
40C78502467D0000:error:1608010C:STORE routines:ossl_store_handle_load_result:unsupported:../crypto/store/store_result.c:151:
Could not read public key from kljuc16.key
40273D6F7B780000:error:1608010C:STORE routines:ossl_store_handle_load_result:unsupported:../crypto/store/store_result.c:151:
Could not read public key from kljuc17.key
40F75B5AFC6F0000:error:1608010C:STORE routines:ossl_store_handle_load_result:unsupported:../crypto/store/store_result.c:151:
Could not read public key from kljuc18.key
40B7F8F64A720000:error:1608010C:STORE routines:ossl_store_handle_load_result:unsupported:../crypto/store/store_result.c:151:
Could not read public key from kljuc19.key
40E7FC3E17740000:error:1608010C:STORE routines:ossl_store_handle_load_result:unsupported:../crypto/store/store_result.c:151:
Could not read public key from kljuc1.key
4087DF059D720000:error:1608010C:STORE routines:ossl_store_handle_load_result:unsupported:../crypto/store/store_result.c:151:
Could not read public key from kljuc20.key
40D774F7167A0000:error:1608010C:STORE routines:ossl_store_handle_load_result:unsupported:../crypto/store/store_result.c:151:
Could not read public key from kljuc21.key
40D7DF6D38760000:error:1608010C:STORE routines:ossl_store_handle_load_result:unsupported:../crypto/store/store_result.c:151:
Could not read public key from kljuc22.key
40F7D808097D0000:error:1608010C:STORE routines:ossl_store_handle_load_result:unsupported:../crypto/store/store_result.c:151:
Could not read public key from kljuc23.key
4037B5167B780000:error:1608010C:STORE routines:ossl_store_handle_load_result:unsupported:../crypto/store/store_result.c:151:
Could not read public key from kljuc24.key
40F741BD1E7F0000:error:1608010C:STORE routines:ossl_store_handle_load_result:unsupported:../crypto/store/store_result.c:151:
Could not read public key from kljuc25.key
4027DF8FDB7F0000:error:1608010C:STORE routines:ossl_store_handle_load_result:unsupported:../crypto/store/store_result.c:151:
Could not read public key from kljuc26.key
4087D6189C770000:error:1608010C:STORE routines:ossl_store_handle_load_result:unsupported:../crypto/store/store_result.c:151:
Could not read public key from kljuc27.key
40E7884D5C7D0000:error:1608010C:STORE routines:ossl_store_handle_load_result:unsupported:../crypto/store/store_result.c:151:
Could not read public key from kljuc28.key
40D70B5B23710000:error:1608010C:STORE routines:ossl_store_handle_load_result:unsupported:../crypto/store/store_result.c:151:
Could not read public key from kljuc29.key
4087777C3E710000:error:1608010C:STORE routines:ossl_store_handle_load_result:unsupported:../crypto/store/store_result.c:151:
Could not read public key from kljuc2.key
40C70A0F59700000:error:1608010C:STORE routines:ossl_store_handle_load_result:unsupported:../crypto/store/store_result.c:151:
Could not read public key from kljuc30.key
40173427CD790000:error:1608010C:STORE routines:ossl_store_handle_load_result:unsupported:../crypto/store/store_result.c:151:
Could not read public key from kljuc31.key
4097DF4AF77E0000:error:1608010C:STORE routines:ossl_store_handle_load_result:unsupported:../crypto/store/store_result.c:151:
Could not read public key from kljuc32.key
40F72F3D30720000:error:1608010C:STORE routines:ossl_store_handle_load_result:unsupported:../crypto/store/store_result.c:151:
Could not read public key from kljuc33.key
406789F9537F0000:error:1608010C:STORE routines:ossl_store_handle_load_result:unsupported:../crypto/store/store_result.c:151:
Could not read public key from kljuc34.key
40D7A38CA17F0000:error:1608010C:STORE routines:ossl_store_handle_load_result:unsupported:../crypto/store/store_result.c:151:
Could not read public key from kljuc35.key
4037D9DF38710000:error:1608010C:STORE routines:ossl_store_handle_load_result:unsupported:../crypto/store/store_result.c:151:
Could not read public key from kljuc36.key
407771CFBA770000:error:1608010C:STORE routines:ossl_store_handle_load_result:unsupported:../crypto/store/store_result.c:151:
Could not read public key from kljuc37.key
4077D0F1F17F0000:error:1608010C:STORE routines:ossl_store_handle_load_result:unsupported:../crypto/store/store_result.c:151:
Could not read public key from kljuc38.key
40E7C5AC0E7F0000:error:1608010C:STORE routines:ossl_store_handle_load_result:unsupported:../crypto/store/store_result.c:151:
Could not read public key from kljuc39.key
40A77B32F0710000:error:1608010C:STORE routines:ossl_store_handle_load_result:unsupported:../crypto/store/store_result.c:151:
Could not read public key from kljuc3.key
40D79A897F7D0000:error:1608010C:STORE routines:ossl_store_handle_load_result:unsupported:../crypto/store/store_result.c:151:
Could not read public key from kljuc40.key
40577D8C1B760000:error:1608010C:STORE routines:ossl_store_handle_load_result:unsupported:../crypto/store/store_result.c:151:
Could not read public key from kljuc41.key
40C7A40E3E7D0000:error:1608010C:STORE routines:ossl_store_handle_load_result:unsupported:../crypto/store/store_result.c:151:
Could not read public key from kljuc42.key
40475FCD537A0000:error:1608010C:STORE routines:ossl_store_handle_load_result:unsupported:../crypto/store/store_result.c:151:
Could not read public key from kljuc43.key
40371D77B5720000:error:1608010C:STORE routines:ossl_store_handle_load_result:unsupported:../crypto/store/store_result.c:151:
Could not read public key from kljuc44.key
40E73E64FF720000:error:1608010C:STORE routines:ossl_store_handle_load_result:unsupported:../crypto/store/store_result.c:151:
Could not read public key from kljuc45.key
40F785ADA2760000:error:1608010C:STORE routines:ossl_store_handle_load_result:unsupported:../crypto/store/store_result.c:151:
Could not read public key from kljuc46.key
40B77FE019740000:error:1608010C:STORE routines:ossl_store_handle_load_result:unsupported:../crypto/store/store_result.c:151:
Could not read public key from kljuc47.key
40777CCC1B720000:error:1608010C:STORE routines:ossl_store_handle_load_result:unsupported:../crypto/store/store_result.c:151:
Could not read public key from kljuc48.key
40877334AD770000:error:1608010C:STORE routines:ossl_store_handle_load_result:unsupported:../crypto/store/store_result.c:151:
Could not read public key from kljuc49.key
40571A917B7C0000:error:1608010C:STORE routines:ossl_store_handle_load_result:unsupported:../crypto/store/store_result.c:151:
Could not read public key from kljuc4.key
40B77969FE750000:error:1608010C:STORE routines:ossl_store_handle_load_result:unsupported:../crypto/store/store_result.c:151:
Could not read public key from kljuc50.key
400741D1AD7C0000:error:1608010C:STORE routines:ossl_store_handle_load_result:unsupported:../crypto/store/store_result.c:151:
Could not read public key from kljuc5.key
40177744F27C0000:error:1608010C:STORE routines:ossl_store_handle_load_result:unsupported:../crypto/store/store_result.c:151:
Could not read public key from kljuc6.key
4097F7F486790000:error:1608010C:STORE routines:ossl_store_handle_load_result:unsupported:../crypto/store/store_result.c:151:
Could not read public key from kljuc7.key
40273EDAF6710000:error:1608010C:STORE routines:ossl_store_handle_load_result:unsupported:../crypto/store/store_result.c:151:
Could not read public key from kljuc8.key
40C77C0FCF7F0000:error:1608010C:STORE routines:ossl_store_handle_load_result:unsupported:../crypto/store/store_result.c:151:
Could not read public key from kljuc9.key
40C7847FE17E0000:error:1608010C:STORE routines:ossl_store_handle_load_result:unsupported:../crypto/store/store_result.c:151:
Could not read public key from kljuc10.key
40A796326A730000:error:1608010C:STORE routines:ossl_store_handle_load_result:unsupported:../crypto/store/store_result.c:151:
Could not read public key from kljuc11.key
40A73B04AA750000:error:1608010C:STORE routines:ossl_store_handle_load_result:unsupported:../crypto/store/store_result.c:151:
Could not read public key from kljuc12.key
4057249490730000:error:1608010C:STORE routines:ossl_store_handle_load_result:unsupported:../crypto/store/store_result.c:151:
Could not read public key from kljuc13.key
40876E9BFA720000:error:1608010C:STORE routines:ossl_store_handle_load_result:unsupported:../crypto/store/store_result.c:151:
Could not read public key from kljuc14.key
402779F1E57F0000:error:1608010C:STORE routines:ossl_store_handle_load_result:unsupported:../crypto/store/store_result.c:151:
Could not read public key from kljuc15.key
40E7037E23710000:error:1608010C:STORE routines:ossl_store_handle_load_result:unsupported:../crypto/store/store_result.c:151:
Could not read public key from kljuc16.key
40376FD5A7730000:error:1608010C:STORE routines:ossl_store_handle_load_result:unsupported:../crypto/store/store_result.c:151:
Could not read public key from kljuc17.key
40A7EAB5D7740000:error:1608010C:STORE routines:ossl_store_handle_load_result:unsupported:../crypto/store/store_result.c:151:
Could not read public key from kljuc18.key
40E759745C710000:error:1608010C:STORE routines:ossl_store_handle_load_result:unsupported:../crypto/store/store_result.c:151:
Could not read public key from kljuc19.key
407756F351720000:error:1608010C:STORE routines:ossl_store_handle_load_result:unsupported:../crypto/store/store_result.c:151:
Could not read public key from kljuc1.key
40D797C456720000:error:1608010C:STORE routines:ossl_store_handle_load_result:unsupported:../crypto/store/store_result.c:151:
Could not read public key from kljuc20.key
4077E9826B750000:error:1608010C:STORE routines:ossl_store_handle_load_result:unsupported:../crypto/store/store_result.c:151:
Could not read public key from kljuc21.key
4027534D0F7A0000:error:1608010C:STORE routines:ossl_store_handle_load_result:unsupported:../crypto/store/store_result.c:151:
Could not read public key from kljuc22.key
4097FF43E37D0000:error:1608010C:STORE routines:ossl_store_handle_load_result:unsupported:../crypto/store/store_result.c:151:
Could not read public key from kljuc23.key
4047EFEF06710000:error:1608010C:STORE routines:ossl_store_handle_load_result:unsupported:../crypto/store/store_result.c:151:
Could not read public key from kljuc24.key
40D70483D1740000:error:1608010C:STORE routines:ossl_store_handle_load_result:unsupported:../crypto/store/store_result.c:151:
Could not read public key from kljuc25.key
4027BDC8AA700000:error:1608010C:STORE routines:ossl_store_handle_load_result:unsupported:../crypto/store/store_result.c:151:
Could not read public key from kljuc26.key
40F7839D9D780000:error:1608010C:STORE routines:ossl_store_handle_load_result:unsupported:../crypto/store/store_result.c:151:
Could not read public key from kljuc27.key
40F7267861780000:error:1608010C:STORE routines:ossl_store_handle_load_result:unsupported:../crypto/store/store_result.c:151:
Could not read public key from kljuc28.key
40F754D7CF740000:error:1608010C:STORE routines:ossl_store_handle_load_result:unsupported:../crypto/store/store_result.c:151:
Could not read public key from kljuc29.key
4017AE0838750000:error:1608010C:STORE routines:ossl_store_handle_load_result:unsupported:../crypto/store/store_result.c:151:
Could not read public key from kljuc2.key
40D73923D37C0000:error:1608010C:STORE routines:ossl_store_handle_load_result:unsupported:../crypto/store/store_result.c:151:
Could not read public key from kljuc30.key
40C74C49E6760000:error:1608010C:STORE routines:ossl_store_handle_load_result:unsupported:../crypto/store/store_result.c:151:
Could not read public key from kljuc31.key
40A7497882700000:error:1608010C:STORE routines:ossl_store_handle_load_result:unsupported:../crypto/store/store_result.c:151:
Could not read public key from kljuc32.key
40972CF324700000:error:1608010C:STORE routines:ossl_store_handle_load_result:unsupported:../crypto/store/store_result.c:151:
Could not read public key from kljuc33.key
40472F89D4730000:error:1608010C:STORE routines:ossl_store_handle_load_result:unsupported:../crypto/store/store_result.c:151:
Could not read public key from kljuc34.key
40E74E9465710000:error:1608010C:STORE routines:ossl_store_handle_load_result:unsupported:../crypto/store/store_result.c:151:
Could not read public key from kljuc35.key
4087EA4F33790000:error:1608010C:STORE routines:ossl_store_handle_load_result:unsupported:../crypto/store/store_result.c:151:
Could not read public key from kljuc36.key
40575E960A780000:error:1608010C:STORE routines:ossl_store_handle_load_result:unsupported:../crypto/store/store_result.c:151:
Could not read public key from kljuc37.key
40F7E7AE5F740000:error:1608010C:STORE routines:ossl_store_handle_load_result:unsupported:../crypto/store/store_result.c:151:
Could not read public key from kljuc38.key
40878AFE587B0000:error:1608010C:STORE routines:ossl_store_handle_load_result:unsupported:../crypto/store/store_result.c:151:
Could not read public key from kljuc39.key
4007465873710000:error:1608010C:STORE routines:ossl_store_handle_load_result:unsupported:../crypto/store/store_result.c:151:
Could not read public key from kljuc3.key
40A7421058720000:error:1608010C:STORE routines:ossl_store_handle_load_result:unsupported:../crypto/store/store_result.c:151:
Could not read public key from kljuc40.key
4027C5FAFF710000:error:1608010C:STORE routines:ossl_store_handle_load_result:unsupported:../crypto/store/store_result.c:151:
Could not read public key from kljuc41.key
4057740297760000:error:1608010C:STORE routines:ossl_store_handle_load_result:unsupported:../crypto/store/store_result.c:151:
Could not read public key from kljuc42.key
40E7268813780000:error:1608010C:STORE routines:ossl_store_handle_load_result:unsupported:../crypto/store/store_result.c:151:
Could not read public key from kljuc43.key
40E7A859BF7F0000:error:1608010C:STORE routines:ossl_store_handle_load_result:unsupported:../crypto/store/store_result.c:151:
Could not read public key from kljuc44.key
403751D1E8760000:error:1608010C:STORE routines:ossl_store_handle_load_result:unsupported:../crypto/store/store_result.c:151:
Could not read public key from kljuc45.key
40673B2C017C0000:error:1608010C:STORE routines:ossl_store_handle_load_result:unsupported:../crypto/store/store_result.c:151:
Could not read public key from kljuc46.key
406770DE60790000:error:1608010C:STORE routines:ossl_store_handle_load_result:unsupported:../crypto/store/store_result.c:151:
Could not read public key from kljuc47.key
40872ECE67700000:error:1608010C:STORE routines:ossl_store_handle_load_result:unsupported:../crypto/store/store_result.c:151:
Could not read public key from kljuc48.key
40C7624F287A0000:error:1608010C:STORE routines:ossl_store_handle_load_result:unsupported:../crypto/store/store_result.c:151:
Could not read public key from kljuc49.key
40B7631A767B0000:error:1608010C:STORE routines:ossl_store_handle_load_result:unsupported:../crypto/store/store_result.c:151:
Could not read public key from kljuc4.key
40472A82E0720000:error:1608010C:STORE routines:ossl_store_handle_load_result:unsupported:../crypto/store/store_result.c:151:
Could not read public key from kljuc50.key
403719D3A07D0000:error:1608010C:STORE routines:ossl_store_handle_load_result:unsupported:../crypto/store/store_result.c:151:
Could not read public key from kljuc5.key
4007E34E13720000:error:1608010C:STORE routines:ossl_store_handle_load_result:unsupported:../crypto/store/store_result.c:151:
Could not read public key from kljuc6.key
40E72731F5730000:error:1608010C:STORE routines:ossl_store_handle_load_result:unsupported:../crypto/store/store_result.c:151:
Could not read public key from kljuc7.key
4077D5034C700000:error:1608010C:STORE routines:ossl_store_handle_load_result:unsupported:../crypto/store/store_result.c:151:
Could not read public key from kljuc8.key
40E772A87C770000:error:1608010C:STORE routines:ossl_store_handle_load_result:unsupported:../crypto/store/store_result.c:151:
Could not read public key from kljuc9.key
409771C52D740000:error:1608010C:STORE routines:ossl_store_handle_load_result:unsupported:../crypto/store/store_result.c:151:
Could not read public key from kljuc10.key
40679BA280760000:error:1608010C:STORE routines:ossl_store_handle_load_result:unsupported:../crypto/store/store_result.c:151:
Could not read public key from kljuc11.key
4007875683730000:error:1608010C:STORE routines:ossl_store_handle_load_result:unsupported:../crypto/store/store_result.c:151:
Could not read public key from kljuc12.key
4027432AF6710000:error:1608010C:STORE routines:ossl_store_handle_load_result:unsupported:../crypto/store/store_result.c:151:
Could not read public key from kljuc13.key
402755A2897B0000:error:1608010C:STORE routines:ossl_store_handle_load_result:unsupported:../crypto/store/store_result.c:151:
Could not read public key from kljuc14.key
4077E849D4740000:error:1608010C:STORE routines:ossl_store_handle_load_result:unsupported:../crypto/store/store_result.c:151:
Could not read public key from kljuc15.key
4087B5A0AD700000:error:1608010C:STORE routines:ossl_store_handle_load_result:unsupported:../crypto/store/store_result.c:151:
Could not read public key from kljuc16.key
40D7FF5000780000:error:1608010C:STORE routines:ossl_store_handle_load_result:unsupported:../crypto/store/store_result.c:151:
Could not read public key from kljuc17.key
40B7A56008780000:error:1608010C:STORE routines:ossl_store_handle_load_result:unsupported:../crypto/store/store_result.c:151:
Could not read public key from kljuc18.key
405756064A700000:error:1608010C:STORE routines:ossl_store_handle_load_result:unsupported:../crypto/store/store_result.c:151:
Could not read public key from kljuc19.key
4047574FDD780000:error:1608010C:STORE routines:ossl_store_handle_load_result:unsupported:../crypto/store/store_result.c:151:
Could not read public key from kljuc1.key
40779CEEB2730000:error:1608010C:STORE routines:ossl_store_handle_load_result:unsupported:../crypto/store/store_result.c:151:
Could not read public key from kljuc20.key
40470807BD710000:error:1608010C:STORE routines:ossl_store_handle_load_result:unsupported:../crypto/store/store_result.c:151:
Could not read public key from kljuc21.key
4037E4B1697D0000:error:1608010C:STORE routines:ossl_store_handle_load_result:unsupported:../crypto/store/store_result.c:151:
Could not read public key from kljuc22.key
40171EA8A47B0000:error:1608010C:STORE routines:ossl_store_handle_load_result:unsupported:../crypto/store/store_result.c:151:
Could not read public key from kljuc23.key
40678029B97D0000:error:1608010C:STORE routines:ossl_store_handle_load_result:unsupported:../crypto/store/store_result.c:151:
Could not read public key from kljuc24.key
4027DCB663760000:error:1608010C:STORE routines:ossl_store_handle_load_result:unsupported:../crypto/store/store_result.c:151:
Could not read public key from kljuc25.key
40F797AE717C0000:error:1608010C:STORE routines:ossl_store_handle_load_result:unsupported:../crypto/store/store_result.c:151:
Could not read public key from kljuc26.key
40771DE72F7B0000:error:1608010C:STORE routines:ossl_store_handle_load_result:unsupported:../crypto/store/store_result.c:151:
Could not read public key from kljuc27.key
4037407C847A0000:error:1608010C:STORE routines:ossl_store_handle_load_result:unsupported:../crypto/store/store_result.c:151:
Could not read public key from kljuc28.key
404754E05D710000:error:1608010C:STORE routines:ossl_store_handle_load_result:unsupported:../crypto/store/store_result.c:151:
Could not read public key from kljuc29.key
4057199A6D780000:error:1608010C:STORE routines:ossl_store_handle_load_result:unsupported:../crypto/store/store_result.c:151:
Could not read public key from kljuc2.key
4037D48A16760000:error:1608010C:STORE routines:ossl_store_handle_load_result:unsupported:../crypto/store/store_result.c:151:
Could not read public key from kljuc30.key
4057E8D1C07B0000:error:1608010C:STORE routines:ossl_store_handle_load_result:unsupported:../crypto/store/store_result.c:151:
Could not read public key from kljuc31.key
4077B52AAB7E0000:error:1608010C:STORE routines:ossl_store_handle_load_result:unsupported:../crypto/store/store_result.c:151:
Could not read public key from kljuc32.key
40A71E3C65740000:error:1608010C:STORE routines:ossl_store_handle_load_result:unsupported:../crypto/store/store_result.c:151:
Could not read public key from kljuc33.key
40C73E73897C0000:error:1608010C:STORE routines:ossl_store_handle_load_result:unsupported:../crypto/store/store_result.c:151:
Could not read public key from kljuc34.key
4007FC54237C0000:error:1608010C:STORE routines:ossl_store_handle_load_result:unsupported:../crypto/store/store_result.c:151:
Could not read public key from kljuc35.key
40974351A1750000:error:1608010C:STORE routines:ossl_store_handle_load_result:unsupported:../crypto/store/store_result.c:151:
Could not read public key from kljuc36.key
40073E7753730000:error:1608010C:STORE routines:ossl_store_handle_load_result:unsupported:../crypto/store/store_result.c:151:
Could not read public key from kljuc37.key
40E7782FDA750000:error:1608010C:STORE routines:ossl_store_handle_load_result:unsupported:../crypto/store/store_result.c:151:
Could not read public key from kljuc38.key
40D76F400C7F0000:error:1608010C:STORE routines:ossl_store_handle_load_result:unsupported:../crypto/store/store_result.c:151:
Could not read public key from kljuc39.key
40C70FBBBD740000:error:1608010C:STORE routines:ossl_store_handle_load_result:unsupported:../crypto/store/store_result.c:151:
Could not read public key from kljuc3.key
40D7EE51587B0000:error:1608010C:STORE routines:ossl_store_handle_load_result:unsupported:../crypto/store/store_result.c:151:
Could not read public key from kljuc40.key
40978039687D0000:error:1608010C:STORE routines:ossl_store_handle_load_result:unsupported:../crypto/store/store_result.c:151:
Could not read public key from kljuc41.key
40678370B7750000:error:1608010C:STORE routines:ossl_store_handle_load_result:unsupported:../crypto/store/store_result.c:151:
Could not read public key from kljuc42.key
40F778A2DA770000:error:1608010C:STORE routines:ossl_store_handle_load_result:unsupported:../crypto/store/store_result.c:151:
Could not read public key from kljuc43.key
4047F99170790000:error:1608010C:STORE routines:ossl_store_handle_load_result:unsupported:../crypto/store/store_result.c:151:
Could not read public key from kljuc44.key
40570DA8187A0000:error:1608010C:STORE routines:ossl_store_handle_load_result:unsupported:../crypto/store/store_result.c:151:
Could not read public key from kljuc45.key
40679483597F0000:error:1608010C:STORE routines:ossl_store_handle_load_result:unsupported:../crypto/store/store_result.c:151:
Could not read public key from kljuc46.key
40E78256E5710000:error:1608010C:STORE routines:ossl_store_handle_load_result:unsupported:../crypto/store/store_result.c:151:
Could not read public key from kljuc47.key
4087B489007F0000:error:1608010C:STORE routines:ossl_store_handle_load_result:unsupported:../crypto/store/store_result.c:151:
Could not read public key from kljuc48.key
40F765F4607F0000:error:1608010C:STORE routines:ossl_store_handle_load_result:unsupported:../crypto/store/store_result.c:151:
Could not read public key from kljuc49.key
40E76A71B5740000:error:1608010C:STORE routines:ossl_store_handle_load_result:unsupported:../crypto/store/store_result.c:151:
Could not read public key from kljuc4.key
405795543C750000:error:1608010C:STORE routines:ossl_store_handle_load_result:unsupported:../crypto/store/store_result.c:151:
Could not read public key from kljuc50.key
40D7607940790000:error:1608010C:STORE routines:ossl_store_handle_load_result:unsupported:../crypto/store/store_result.c:151:
Could not read public key from kljuc5.key
401780299E700000:error:1608010C:STORE routines:ossl_store_handle_load_result:unsupported:../crypto/store/store_result.c:151:
Could not read public key from kljuc6.key
40B765A356780000:error:1608010C:STORE routines:ossl_store_handle_load_result:unsupported:../crypto/store/store_result.c:151:
Could not read public key from kljuc7.key
4037485756750000:error:1608010C:STORE routines:ossl_store_handle_load_result:unsupported:../crypto/store/store_result.c:151:
Could not read public key from kljuc8.key
407733F398790000:error:1608010C:STORE routines:ossl_store_handle_load_result:unsupported:../crypto/store/store_result.c:151:
Could not read public key from kljuc9.key
4067507EE57B0000:error:1608010C:STORE routines:ossl_store_handle_load_result:unsupported:../crypto/store/store_result.c:151:
Could not read public key from kljuc10.key
40670210097C0000:error:1608010C:STORE routines:ossl_store_handle_load_result:unsupported:../crypto/store/store_result.c:151:
Could not read public key from kljuc11.key
4067D6E4417C0000:error:1608010C:STORE routines:ossl_store_handle_load_result:unsupported:../crypto/store/store_result.c:151:
Could not read public key from kljuc12.key
40B75EF051790000:error:1608010C:STORE routines:ossl_store_handle_load_result:unsupported:../crypto/store/store_result.c:151:
Could not read public key from kljuc13.key
40C798D1DC7D0000:error:1608010C:STORE routines:ossl_store_handle_load_result:unsupported:../crypto/store/store_result.c:151:
Could not read public key from kljuc14.key
40475C4C8F700000:error:1608010C:STORE routines:ossl_store_handle_load_result:unsupported:../crypto/store/store_result.c:151:
Could not read public key from kljuc15.key
4087A15D487B0000:error:1608010C:STORE routines:ossl_store_handle_load_result:unsupported:../crypto/store/store_result.c:151:
Could not read public key from kljuc16.key
40579F456B7E0000:error:1608010C:STORE routines:ossl_store_handle_load_result:unsupported:../crypto/store/store_result.c:151:
Could not read public key from kljuc17.key
404797DD81790000:error:1608010C:STORE routines:ossl_store_handle_load_result:unsupported:../crypto/store/store_result.c:151:
Could not read public key from kljuc18.key
40B74AF863740000:error:1608010C:STORE routines:ossl_store_handle_load_result:unsupported:../crypto/store/store_result.c:151:
Could not read public key from kljuc19.key
406784253D7E0000:error:1608010C:STORE routines:ossl_store_handle_load_result:unsupported:../crypto/store/store_result.c:151:
Could not read public key from kljuc1.key
4047C9EC11700000:error:1608010C:STORE routines:ossl_store_handle_load_result:unsupported:../crypto/store/store_result.c:151:
Could not read public key from kljuc20.key
40274052B3760000:error:1608010C:STORE routines:ossl_store_handle_load_result:unsupported:../crypto/store/store_result.c:151:
Could not read public key from kljuc21.key
40575BDDE27E0000:error:1608010C:STORE routines:ossl_store_handle_load_result:unsupported:../crypto/store/store_result.c:151:
Could not read public key from kljuc22.key
40E71200677D0000:error:1608010C:STORE routines:ossl_store_handle_load_result:unsupported:../crypto/store/store_result.c:151:
Could not read public key from kljuc23.key
40E714208C790000:error:1608010C:STORE routines:ossl_store_handle_load_result:unsupported:../crypto/store/store_result.c:151:
Could not read public key from kljuc24.key
4047FCF3F2730000:error:1608010C:STORE routines:ossl_store_handle_load_result:unsupported:../crypto/store/store_result.c:151:
Could not read public key from kljuc25.key
40877F34AA710000:error:1608010C:STORE routines:ossl_store_handle_load_result:unsupported:../crypto/store/store_result.c:151:
Could not read public key from kljuc26.key
40A7742332730000:error:1608010C:STORE routines:ossl_store_handle_load_result:unsupported:../crypto/store/store_result.c:151:
Could not read public key from kljuc27.key
400765D153770000:error:1608010C:STORE routines:ossl_store_handle_load_result:unsupported:../crypto/store/store_result.c:151:
Could not read public key from kljuc28.key
40A7B3CBE7700000:error:1608010C:STORE routines:ossl_store_handle_load_result:unsupported:../crypto/store/store_result.c:151:
Could not read public key from kljuc29.key
40B7F82507770000:error:1608010C:STORE routines:ossl_store_handle_load_result:unsupported:../crypto/store/store_result.c:151:
Could not read public key from kljuc2.key
40E76785A27C0000:error:1608010C:STORE routines:ossl_store_handle_load_result:unsupported:../crypto/store/store_result.c:151:
Could not read public key from kljuc30.key
4087BE2A8A7A0000:error:1608010C:STORE routines:ossl_store_handle_load_result:unsupported:../crypto/store/store_result.c:151:
Could not read public key from kljuc31.key
40F7AB30FB720000:error:1608010C:STORE routines:ossl_store_handle_load_result:unsupported:../crypto/store/store_result.c:151:
Could not read public key from kljuc32.key
40E72935647B0000:error:1608010C:STORE routines:ossl_store_handle_load_result:unsupported:../crypto/store/store_result.c:151:
Could not read public key from kljuc33.key
40D7941EE5720000:error:1608010C:STORE routines:ossl_store_handle_load_result:unsupported:../crypto/store/store_result.c:151:
Could not read public key from kljuc34.key
40B71A00FA790000:error:1608010C:STORE routines:ossl_store_handle_load_result:unsupported:../crypto/store/store_result.c:151:
Could not read public key from kljuc35.key
4047CA8E2A7A0000:error:1608010C:STORE routines:ossl_store_handle_load_result:unsupported:../crypto/store/store_result.c:151:
Could not read public key from kljuc36.key
40076634CE700000:error:1608010C:STORE routines:ossl_store_handle_load_result:unsupported:../crypto/store/store_result.c:151:
Could not read public key from kljuc37.key
4097E3CD06700000:error:1608010C:STORE routines:ossl_store_handle_load_result:unsupported:../crypto/store/store_result.c:151:
Could not read public key from kljuc38.key
4007E7A6A77E0000:error:1608010C:STORE routines:ossl_store_handle_load_result:unsupported:../crypto/store/store_result.c:151:
Could not read public key from kljuc39.key
407723CC9B770000:error:1608010C:STORE routines:ossl_store_handle_load_result:unsupported:../crypto/store/store_result.c:151:
Could not read public key from kljuc3.key
40677AE69E7D0000:error:1608010C:STORE routines:ossl_store_handle_load_result:unsupported:../crypto/store/store_result.c:151:
Could not read public key from kljuc40.key
40D7D2C879750000:error:1608010C:STORE routines:ossl_store_handle_load_result:unsupported:../crypto/store/store_result.c:151:
Could not read public key from kljuc41.key
4047F7EE257A0000:error:1608010C:STORE routines:ossl_store_handle_load_result:unsupported:../crypto/store/store_result.c:151:
Could not read public key from kljuc42.key
4017F90B0B730000:error:1608010C:STORE routines:ossl_store_handle_load_result:unsupported:../crypto/store/store_result.c:151:
Could not read public key from kljuc43.key
40A7DE764A7F0000:error:1608010C:STORE routines:ossl_store_handle_load_result:unsupported:../crypto/store/store_result.c:151:
Could not read public key from kljuc44.key
40F724395D700000:error:1608010C:STORE routines:ossl_store_handle_load_result:unsupported:../crypto/store/store_result.c:151:
Could not read public key from kljuc45.key
404755CA98780000:error:1608010C:STORE routines:ossl_store_handle_load_result:unsupported:../crypto/store/store_result.c:151:
Could not read public key from kljuc46.key
40471FB6E5710000:error:1608010C:STORE routines:ossl_store_handle_load_result:unsupported:../crypto/store/store_result.c:151:
Could not read public key from kljuc47.key
40E759B892700000:error:1608010C:STORE routines:ossl_store_handle_load_result:unsupported:../crypto/store/store_result.c:151:
Could not read public key from kljuc48.key
405764EB50750000:error:1608010C:STORE routines:ossl_store_handle_load_result:unsupported:../crypto/store/store_result.c:151:
Could not read public key from kljuc49.key
4057A0639F7B0000:error:1608010C:STORE routines:ossl_store_handle_load_result:unsupported:../crypto/store/store_result.c:151:
Could not read public key from kljuc4.key
4037C549BE7F0000:error:1608010C:STORE routines:ossl_store_handle_load_result:unsupported:../crypto/store/store_result.c:151:
Could not read public key from kljuc50.key
40972EE4907E0000:error:1608010C:STORE routines:ossl_store_handle_load_result:unsupported:../crypto/store/store_result.c:151:
Could not read public key from kljuc5.key
407785355D7B0000:error:1608010C:STORE routines:ossl_store_handle_load_result:unsupported:../crypto/store/store_result.c:151:
Could not read public key from kljuc6.key
40E772004D7A0000:error:1608010C:STORE routines:ossl_store_handle_load_result:unsupported:../crypto/store/store_result.c:151:
Could not read public key from kljuc7.key
4057B0F5C57E0000:error:1608010C:STORE routines:ossl_store_handle_load_result:unsupported:../crypto/store/store_result.c:151:
Could not read public key from kljuc8.key
40B79028887E0000:error:1608010C:STORE routines:ossl_store_handle_load_result:unsupported:../crypto/store/store_result.c:151:
Could not read public key from kljuc9.key
4047D1E030720000:error:1608010C:STORE routines:ossl_store_handle_load_result:unsupported:../crypto/store/store_result.c:151:
Could not read public key from kljuc10.key
40B709E52B7C0000:error:1608010C:STORE routines:ossl_store_handle_load_result:unsupported:../crypto/store/store_result.c:151:
Could not read public key from kljuc11.key
40F76724CF7E0000:error:1608010C:STORE routines:ossl_store_handle_load_result:unsupported:../crypto/store/store_result.c:151:
Could not read public key from kljuc12.key
4077AAE332750000:error:1608010C:STORE routines:ossl_store_handle_load_result:unsupported:../crypto/store/store_result.c:151:
Could not read public key from kljuc13.key
40575B13DD770000:error:1608010C:STORE routines:ossl_store_handle_load_result:unsupported:../crypto/store/store_result.c:151:
Could not read public key from kljuc14.key
4067A1CE48780000:error:1608010C:STORE routines:ossl_store_handle_load_result:unsupported:../crypto/store/store_result.c:151:
Could not read public key from kljuc15.key
40C78D92F27A0000:error:1608010C:STORE routines:ossl_store_handle_load_result:unsupported:../crypto/store/store_result.c:151:
Could not read public key from kljuc16.key
40A745C154710000:error:1608010C:STORE routines:ossl_store_handle_load_result:unsupported:../crypto/store/store_result.c:151:
Could not read public key from kljuc17.key
40A767D49F770000:error:1608010C:STORE routines:ossl_store_handle_load_result:unsupported:../crypto/store/store_result.c:151:
Could not read public key from kljuc18.key
405732EC22770000:error:1608010C:STORE routines:ossl_store_handle_load_result:unsupported:../crypto/store/store_result.c:151:
Could not read public key from kljuc19.key
40F796A7E5750000:error:1608010C:STORE routines:ossl_store_handle_load_result:unsupported:../crypto/store/store_result.c:151:
Could not read public key from kljuc1.key
40D751AAEB7D0000:error:1608010C:STORE routines:ossl_store_handle_load_result:unsupported:../crypto/store/store_result.c:151:
Could not read public key from kljuc20.key
40B74B13DF720000:error:1608010C:STORE routines:ossl_store_handle_load_result:unsupported:../crypto/store/store_result.c:151:
Could not read public key from kljuc21.key
40275734B0780000:error:1608010C:STORE routines:ossl_store_handle_load_result:unsupported:../crypto/store/store_result.c:151:
Could not read public key from kljuc22.key
4087B1B988720000:error:1608010C:STORE routines:ossl_store_handle_load_result:unsupported:../crypto/store/store_result.c:151:
Could not read public key from kljuc23.key
40373DA4EF780000:error:1608010C:STORE routines:ossl_store_handle_load_result:unsupported:../crypto/store/store_result.c:151:
Could not read public key from kljuc24.key
40275D79827B0000:error:1608010C:STORE routines:ossl_store_handle_load_result:unsupported:../crypto/store/store_result.c:151:
Could not read public key from kljuc25.key
40372D321E780000:error:1608010C:STORE routines:ossl_store_handle_load_result:unsupported:../crypto/store/store_result.c:151:
Could not read public key from kljuc26.key
40E7ACDB52780000:error:1608010C:STORE routines:ossl_store_handle_load_result:unsupported:../crypto/store/store_result.c:151:
Could not read public key from kljuc27.key
40E78B46AF700000:error:1608010C:STORE routines:ossl_store_handle_load_result:unsupported:../crypto/store/store_result.c:151:
Could not read public key from kljuc28.key
403704DE827C0000:error:1608010C:STORE routines:ossl_store_handle_load_result:unsupported:../crypto/store/store_result.c:151:
Could not read public key from kljuc29.key
40F7445E96770000:error:1608010C:STORE routines:ossl_store_handle_load_result:unsupported:../crypto/store/store_result.c:151:
Could not read public key from kljuc2.key
40570C7E0D7D0000:error:1608010C:STORE routines:ossl_store_handle_load_result:unsupported:../crypto/store/store_result.c:151:
Could not read public key from kljuc30.key
4077BA9ABF780000:error:1608010C:STORE routines:ossl_store_handle_load_result:unsupported:../crypto/store/store_result.c:151:
Could not read public key from kljuc31.key
40C7CDCD737E0000:error:1608010C:STORE routines:ossl_store_handle_load_result:unsupported:../crypto/store/store_result.c:151:
Could not read public key from kljuc32.key
40D7DBFDB77D0000:error:1608010C:STORE routines:ossl_store_handle_load_result:unsupported:../crypto/store/store_result.c:151:
Could not read public key from kljuc33.key
4057E6CFC47D0000:error:1608010C:STORE routines:ossl_store_handle_load_result:unsupported:../crypto/store/store_result.c:151:
Could not read public key from kljuc34.key
40B7B342D8790000:error:1608010C:STORE routines:ossl_store_handle_load_result:unsupported:../crypto/store/store_result.c:151:
Could not read public key from kljuc35.key
40877C0BD7780000:error:1608010C:STORE routines:ossl_store_handle_load_result:unsupported:../crypto/store/store_result.c:151:
Could not read public key from kljuc36.key
4077E0B74F730000:error:1608010C:STORE routines:ossl_store_handle_load_result:unsupported:../crypto/store/store_result.c:151:
Could not read public key from kljuc37.key
40A7F90DFB760000:error:1608010C:STORE routines:ossl_store_handle_load_result:unsupported:../crypto/store/store_result.c:151:
Could not read public key from kljuc38.key
4047D75DFE6F0000:error:1608010C:STORE routines:ossl_store_handle_load_result:unsupported:../crypto/store/store_result.c:151:
Could not read public key from kljuc39.key
409760B4D4750000:error:1608010C:STORE routines:ossl_store_handle_load_result:unsupported:../crypto/store/store_result.c:151:
Could not read public key from kljuc3.key
40F7504046750000:error:1608010C:STORE routines:ossl_store_handle_load_result:unsupported:../crypto/store/store_result.c:151:
Could not read public key from kljuc40.key
4097DC9FFB730000:error:1608010C:STORE routines:ossl_store_handle_load_result:unsupported:../crypto/store/store_result.c:151:
Could not read public key from kljuc41.key
40A7F6E63D7D0000:error:1608010C:STORE routines:ossl_store_handle_load_result:unsupported:../crypto/store/store_result.c:151:
Could not read public key from kljuc42.key
4027EF95EB710000:error:1608010C:STORE routines:ossl_store_handle_load_result:unsupported:../crypto/store/store_result.c:151:
Could not read public key from kljuc43.key
40F7804C667C0000:error:1608010C:STORE routines:ossl_store_handle_load_result:unsupported:../crypto/store/store_result.c:151:
Could not read public key from kljuc44.key
40E70AF243790000:error:1608010C:STORE routines:ossl_store_handle_load_result:unsupported:../crypto/store/store_result.c:151:
Could not read public key from kljuc45.key
4037830060770000:error:1608010C:STORE routines:ossl_store_handle_load_result:unsupported:../crypto/store/store_result.c:151:
Could not read public key from kljuc46.key
40B704EC5B780000:error:1608010C:STORE routines:ossl_store_handle_load_result:unsupported:../crypto/store/store_result.c:151:
Could not read public key from kljuc47.key
40A7FC3B63770000:error:1608010C:STORE routines:ossl_store_handle_load_result:unsupported:../crypto/store/store_result.c:151:
Could not read public key from kljuc48.key
4097552B74770000:error:1608010C:STORE routines:ossl_store_handle_load_result:unsupported:../crypto/store/store_result.c:151:
Could not read public key from kljuc49.key
407740F9807D0000:error:1608010C:STORE routines:ossl_store_handle_load_result:unsupported:../crypto/store/store_result.c:151:
Could not read public key from kljuc4.key
40876B811D750000:error:1608010C:STORE routines:ossl_store_handle_load_result:unsupported:../crypto/store/store_result.c:151:
Could not read public key from kljuc50.key
40C71A9F55750000:error:1608010C:STORE routines:ossl_store_handle_load_result:unsupported:../crypto/store/store_result.c:151:
Could not read public key from kljuc5.key
40679AC2BE740000:error:1608010C:STORE routines:ossl_store_handle_load_result:unsupported:../crypto/store/store_result.c:151:
Could not read public key from kljuc6.key
40A77373F3720000:error:1608010C:STORE routines:ossl_store_handle_load_result:unsupported:../crypto/store/store_result.c:151:
Could not read public key from kljuc7.key
40C70D4A53710000:error:1608010C:STORE routines:ossl_store_handle_load_result:unsupported:../crypto/store/store_result.c:151:
Could not read public key from kljuc8.key
4067BEE5DB720000:error:1608010C:STORE routines:ossl_store_handle_load_result:unsupported:../crypto/store/store_result.c:151:
Could not read public key from kljuc9.key
409737CBC6700000:error:1608010C:STORE routines:ossl_store_handle_load_result:unsupported:../crypto/store/store_result.c:151:
Could not read public key from kljuc10.key
4067474E74710000:error:1608010C:STORE routines:ossl_store_handle_load_result:unsupported:../crypto/store/store_result.c:151:
Could not read public key from kljuc11.key
40972D521C7B0000:error:1608010C:STORE routines:ossl_store_handle_load_result:unsupported:../crypto/store/store_result.c:151:
Could not read public key from kljuc12.key
4077EF716B730000:error:1608010C:STORE routines:ossl_store_handle_load_result:unsupported:../crypto/store/store_result.c:151:
Could not read public key from kljuc13.key
40E7EB4822710000:error:1608010C:STORE routines:ossl_store_handle_load_result:unsupported:../crypto/store/store_result.c:151:
Could not read public key from kljuc14.key
40376EEF2A720000:error:1608010C:STORE routines:ossl_store_handle_load_result:unsupported:../crypto/store/store_result.c:151:
Could not read public key from kljuc15.key
40279D9C7E740000:error:1608010C:STORE routines:ossl_store_handle_load_result:unsupported:../crypto/store/store_result.c:151:
Could not read public key from kljuc16.key
402706967F740000:error:1608010C:STORE routines:ossl_store_handle_load_result:unsupported:../crypto/store/store_result.c:151:
Could not read public key from kljuc17.key
4097ECF699740000:error:1608010C:STORE routines:ossl_store_handle_load_result:unsupported:../crypto/store/store_result.c:151:
Could not read public key from kljuc18.key
4047783AB9790000:error:1608010C:STORE routines:ossl_store_handle_load_result:unsupported:../crypto/store/store_result.c:151:
Could not read public key from kljuc19.key
4077DEABCA720000:error:1608010C:STORE routines:ossl_store_handle_load_result:unsupported:../crypto/store/store_result.c:151:
Could not read public key from kljuc1.key
4027DF50BE790000:error:1608010C:STORE routines:ossl_store_handle_load_result:unsupported:../crypto/store/store_result.c:151:
Could not read public key from kljuc20.key
4067A18D157E0000:error:1608010C:STORE routines:ossl_store_handle_load_result:unsupported:../crypto/store/store_result.c:151:
Could not read public key from kljuc21.key
40F71C43477C0000:error:1608010C:STORE routines:ossl_store_handle_load_result:unsupported:../crypto/store/store_result.c:151:
Could not read public key from kljuc22.key
40C7A169747B0000:error:1608010C:STORE routines:ossl_store_handle_load_result:unsupported:../crypto/store/store_result.c:151:
Could not read public key from kljuc23.key
400772CC21740000:error:1608010C:STORE routines:ossl_store_handle_load_result:unsupported:../crypto/store/store_result.c:151:
Could not read public key from kljuc24.key
40279099EF730000:error:1608010C:STORE routines:ossl_store_handle_load_result:unsupported:../crypto/store/store_result.c:151:
Could not read public key from kljuc25.key
40F7311E9A7B0000:error:1608010C:STORE routines:ossl_store_handle_load_result:unsupported:../crypto/store/store_result.c:151:
Could not read public key from kljuc26.key
40E7E9A85F700000:error:1608010C:STORE routines:ossl_store_handle_load_result:unsupported:../crypto/store/store_result.c:151:
Could not read public key from kljuc27.key
40474389B47A0000:error:1608010C:STORE routines:ossl_store_handle_load_result:unsupported:../crypto/store/store_result.c:151:
Could not read public key from kljuc28.key
40D751D4537E0000:error:1608010C:STORE routines:ossl_store_handle_load_result:unsupported:../crypto/store/store_result.c:151:
Could not read public key from kljuc29.key
4047EBC1957E0000:error:1608010C:STORE routines:ossl_store_handle_load_result:unsupported:../crypto/store/store_result.c:151:
Could not read public key from kljuc2.key
4007935C21700000:error:1608010C:STORE routines:ossl_store_handle_load_result:unsupported:../crypto/store/store_result.c:151:
Could not read public key from kljuc30.key
408769BBE3750000:error:1608010C:STORE routines:ossl_store_handle_load_result:unsupported:../crypto/store/store_result.c:151:
Could not read public key from kljuc31.key
4097F23C5E730000:error:1608010C:STORE routines:ossl_store_handle_load_result:unsupported:../crypto/store/store_result.c:151:
Could not read public key from kljuc32.key
40F75674257E0000:error:1608010C:STORE routines:ossl_store_handle_load_result:unsupported:../crypto/store/store_result.c:151:
Could not read public key from kljuc33.key
4087ADBEC9700000:error:1608010C:STORE routines:ossl_store_handle_load_result:unsupported:../crypto/store/store_result.c:151:
Could not read public key from kljuc34.key
4087553ABC7A0000:error:1608010C:STORE routines:ossl_store_handle_load_result:unsupported:../crypto/store/store_result.c:151:
Could not read public key from kljuc35.key
4087B4F31C740000:error:1608010C:STORE routines:ossl_store_handle_load_result:unsupported:../crypto/store/store_result.c:151:
Could not read public key from kljuc36.key
40D76EC7187B0000:error:1608010C:STORE routines:ossl_store_handle_load_result:unsupported:../crypto/store/store_result.c:151:
Could not read public key from kljuc37.key
40470B60EA7D0000:error:1608010C:STORE routines:ossl_store_handle_load_result:unsupported:../crypto/store/store_result.c:151:
Could not read public key from kljuc38.key
40974333137E0000:error:1608010C:STORE routines:ossl_store_handle_load_result:unsupported:../crypto/store/store_result.c:151:
Could not read public key from kljuc39.key
40A75928577F0000:error:1608010C:STORE routines:ossl_store_handle_load_result:unsupported:../crypto/store/store_result.c:151:
Could not read public key from kljuc3.key
40E70A78A2770000:error:1608010C:STORE routines:ossl_store_handle_load_result:unsupported:../crypto/store/store_result.c:151:
Could not read public key from kljuc40.key
405788214C710000:error:1608010C:STORE routines:ossl_store_handle_load_result:unsupported:../crypto/store/store_result.c:151:
Could not read public key from kljuc41.key
40A779EFB8730000:error:1608010C:STORE routines:ossl_store_handle_load_result:unsupported:../crypto/store/store_result.c:151:
Could not read public key from kljuc42.key
40279EB9C0740000:error:1608010C:STORE routines:ossl_store_handle_load_result:unsupported:../crypto/store/store_result.c:151:
Could not read public key from kljuc43.key
40C70BB6EB720000:error:1608010C:STORE routines:ossl_store_handle_load_result:unsupported:../crypto/store/store_result.c:151:
Could not read public key from kljuc44.key
404725CE437E0000:error:1608010C:STORE routines:ossl_store_handle_load_result:unsupported:../crypto/store/store_result.c:151:
Could not read public key from kljuc45.key
4047F998E5720000:error:1608010C:STORE routines:ossl_store_handle_load_result:unsupported:../crypto/store/store_result.c:151:
Could not read public key from kljuc46.key
4047E59E0B740000:error:1608010C:STORE routines:ossl_store_handle_load_result:unsupported:../crypto/store/store_result.c:151:
Could not read public key from kljuc47.key
4057CA65A17A0000:error:1608010C:STORE routines:ossl_store_handle_load_result:unsupported:../crypto/store/store_result.c:151:
Could not read public key from kljuc48.key
406718A5C7710000:error:1608010C:STORE routines:ossl_store_handle_load_result:unsupported:../crypto/store/store_result.c:151:
Could not read public key from kljuc49.key
40B7333739760000:error:1608010C:STORE routines:ossl_store_handle_load_result:unsupported:../crypto/store/store_result.c:151:
