40872EB567720000:error:0200008A:rsa routines:RSA_padding_check_PKCS1_type_1:invalid padding:../crypto/rsa/rsa_pk1.c:79:
40872EB567720000:error:02000072:rsa routines:rsa_ossl_public_decrypt:padding check failed:../crypto/rsa/rsa_ossl.c:697:
40872EB567720000:error:1C880004:Provider routines:rsa_verify:RSA lib:../providers/implementations/signature/rsa_sig.c:774:
40A7A8A20A7E0000:error:0200008A:rsa routines:RSA_padding_check_PKCS1_type_1:invalid padding:../crypto/rsa/rsa_pk1.c:79:
40A7A8A20A7E0000:error:02000072:rsa routines:rsa_ossl_public_decrypt:padding check failed:../crypto/rsa/rsa_ossl.c:697:
40A7A8A20A7E0000:error:1C880004:Provider routines:rsa_verify:RSA lib:../providers/implementations/signature/rsa_sig.c:774:
4097D9DEDB700000:error:0200008A:rsa routines:RSA_padding_check_PKCS1_type_1:invalid padding:../crypto/rsa/rsa_pk1.c:79:
4097D9DEDB700000:error:02000072:rsa routines:rsa_ossl_public_decrypt:padding check failed:../crypto/rsa/rsa_ossl.c:697:
4097D9DEDB700000:error:1C880004:Provider routines:rsa_verify:RSA lib:../providers/implementations/signature/rsa_sig.c:774:
40973B4761710000:error:0200008A:rsa routines:RSA_padding_check_PKCS1_type_1:invalid padding:../crypto/rsa/rsa_pk1.c:79:
40973B4761710000:error:02000072:rsa routines:rsa_ossl_public_decrypt:padding check failed:../crypto/rsa/rsa_ossl.c:697:
40973B4761710000:error:1C880004:Provider routines:rsa_verify:RSA lib:../providers/implementations/signature/rsa_sig.c:774:
40F72DC4CC7F0000:error:0200008A:rsa routines:RSA_padding_check_PKCS1_type_1:invalid padding:../crypto/rsa/rsa_pk1.c:79:
40F72DC4CC7F0000:error:02000072:rsa routines:rsa_ossl_public_decrypt:padding check failed:../crypto/rsa/rsa_ossl.c:697:
40F72DC4CC7F0000:error:1C880004:Provider routines:rsa_verify:RSA lib:../providers/implementations/signature/rsa_sig.c:774:
404731314F780000:error:0200008A:rsa routines:RSA_padding_check_PKCS1_type_1:invalid padding:../crypto/rsa/rsa_pk1.c:79:
404731314F780000:error:02000072:rsa routines:rsa_ossl_public_decrypt:padding check failed:../crypto/rsa/rsa_ossl.c:697:
404731314F780000:error:1C880004:Provider routines:rsa_verify:RSA lib:../providers/implementations/signature/rsa_sig.c:774:
40878C2C78710000:error:0200008A:rsa routines:RSA_padding_check_PKCS1_type_1:invalid padding:../crypto/rsa/rsa_pk1.c:79:
40878C2C78710000:error:02000072:rsa routines:rsa_ossl_public_decrypt:padding check failed:../crypto/rsa/rsa_ossl.c:697:
40878C2C78710000:error:1C880004:Provider routines:rsa_verify:RSA lib:../providers/implementations/signature/rsa_sig.c:774:
40F7FCDF1D7E0000:error:0200008A:rsa routines:RSA_padding_check_PKCS1_type_1:invalid padding:../crypto/rsa/rsa_pk1.c:79:
40F7FCDF1D7E0000:error:02000072:rsa routines:rsa_ossl_public_decrypt:padding check failed:../crypto/rsa/rsa_ossl.c:697:
40F7FCDF1D7E0000:error:1C880004:Provider routines:rsa_verify:RSA lib:../providers/implementations/signature/rsa_sig.c:774:
405768DA21700000:error:0200008A:rsa routines:RSA_padding_check_PKCS1_type_1:invalid padding:../crypto/rsa/rsa_pk1.c:79:
405768DA21700000:error:02000072:rsa routines:rsa_ossl_public_decrypt:padding check failed:../crypto/rsa/rsa_ossl.c:697:
405768DA21700000:error:1C880004:Provider routines:rsa_verify:RSA lib:../providers/implementations/signature/rsa_sig.c:774:
40D75F0B92780000:error:0200008A:rsa routines:RSA_padding_check_PKCS1_type_1:invalid padding:../crypto/rsa/rsa_pk1.c:79:
40D75F0B92780000:error:02000072:rsa routines:rsa_ossl_public_decrypt:padding check failed:../crypto/rsa/rsa_ossl.c:697:
40D75F0B92780000:error:1C880004:Provider routines:rsa_verify:RSA lib:../providers/implementations/signature/rsa_sig.c:774:
40071A8EB4740000:error:0200008A:rsa routines:RSA_padding_check_PKCS1_type_1:invalid padding:../crypto/rsa/rsa_pk1.c:79:
40071A8EB4740000:error:02000072:rsa routines:rsa_ossl_public_decrypt:padding check failed:../crypto/rsa/rsa_ossl.c:697:
40071A8EB4740000:error:1C880004:Provider routines:rsa_verify:RSA lib:../providers/implementations/signature/rsa_sig.c:774:
402721358E770000:error:0200008A:rsa routines:RSA_padding_check_PKCS1_type_1:invalid padding:../crypto/rsa/rsa_pk1.c:79:
402721358E770000:error:02000072:rsa routines:rsa_ossl_public_decrypt:padding check failed:../crypto/rsa/rsa_ossl.c:697:
402721358E770000:error:1C880004:Provider routines:rsa_verify:RSA lib:../providers/implementations/signature/rsa_sig.c:774:
407766E54C760000:error:0200008A:rsa routines:RSA_padding_check_PKCS1_type_1:invalid padding:../crypto/rsa/rsa_pk1.c:79:
407766E54C760000:error:02000072:rsa routines:rsa_ossl_public_decrypt:padding check failed:../crypto/rsa/rsa_ossl.c:697:
407766E54C760000:error:1C880004:Provider routines:rsa_verify:RSA lib:../providers/implementations/signature/rsa_sig.c:774:
4007AF487B710000:error:0200008A:rsa routines:RSA_padding_check_PKCS1_type_1:invalid padding:../crypto/rsa/rsa_pk1.c:79:
4007AF487B710000:error:02000072:rsa routines:rsa_ossl_public_decrypt:padding check failed:../crypto/rsa/rsa_ossl.c:697:
4007AF487B710000:error:1C880004:Provider routines:rsa_verify:RSA lib:../providers/implementations/signature/rsa_sig.c:774:
4067D35C87790000:error:0200008A:rsa routines:RSA_padding_check_PKCS1_type_1:invalid padding:../crypto/rsa/rsa_pk1.c:79:
4067D35C87790000:error:02000072:rsa routines:rsa_ossl_public_decrypt:padding check failed:../crypto/rsa/rsa_ossl.c:697:
4067D35C87790000:error:1C880004:Provider routines:rsa_verify:RSA lib:../providers/implementations/signature/rsa_sig.c:774:
407794CB55790000:error:0200008A:rsa routines:RSA_padding_check_PKCS1_type_1:invalid padding:../crypto/rsa/rsa_pk1.c:79:
407794CB55790000:error:02000072:rsa routines:rsa_ossl_public_decrypt:padding check failed:../crypto/rsa/rsa_ossl.c:697:
407794CB55790000:error:1C880004:Provider routines:rsa_verify:RSA lib:../providers/implementations/signature/rsa_sig.c:774:
40876E614B770000:error:0200008A:rsa routines:RSA_padding_check_PKCS1_type_1:invalid padding:../crypto/rsa/rsa_pk1.c:79:
40876E614B770000:error:02000072:rsa routines:rsa_ossl_public_decrypt:padding check failed:../crypto/rsa/rsa_ossl.c:697:
40876E614B770000:error:1C880004:Provider routines:rsa_verify:RSA lib:../providers/implementations/signature/rsa_sig.c:774:
40E795E192780000:error:0200008A:rsa routines:RSA_padding_check_PKCS1_type_1:invalid padding:../crypto/rsa/rsa_pk1.c:79:
40E795E192780000:error:02000072:rsa routines:rsa_ossl_public_decrypt:padding check failed:../crypto/rsa/rsa_ossl.c:697:
40E795E192780000:error:1C880004:Provider routines:rsa_verify:RSA lib:../providers/implementations/signature/rsa_sig.c:774:
4007F2F427720000:error:0200008A:rsa routines:RSA_padding_check_PKCS1_type_1:invalid padding:../crypto/rsa/rsa_pk1.c:79:
4007F2F427720000:error:02000072:rsa routines:rsa_ossl_public_decrypt:padding check failed:../crypto/rsa/rsa_ossl.c:697:
4007F2F427720000:error:1C880004:Provider routines:rsa_verify:RSA lib:../providers/implementations/signature/rsa_sig.c:774:
40C78F4C867E0000:error:0200008A:rsa routines:RSA_padding_check_PKCS1_type_1:invalid padding:../crypto/rsa/rsa_pk1.c:79:
40C78F4C867E0000:error:02000072:rsa routines:rsa_ossl_public_decrypt:padding check failed:../crypto/rsa/rsa_ossl.c:697:
40C78F4C867E0000:error:1C880004:Provider routines:rsa_verify:RSA lib:../providers/implementations/signature/rsa_sig.c:774:
40C7B4FDFB700000:error:0200008A:rsa routines:RSA_padding_check_PKCS1_type_1:invalid padding:../crypto/rsa/rsa_pk1.c:79:
40C7B4FDFB700000:error:02000072:rsa routines:rsa_ossl_public_decrypt:padding check failed:../crypto/rsa/rsa_ossl.c:697:
40C7B4FDFB700000:error:1C880004:Provider routines:rsa_verify:RSA lib:../providers/implementations/signature/rsa_sig.c:774:
40074F3FF0700000:error:0200008A:rsa routines:RSA_padding_check_PKCS1_type_1:invalid padding:../crypto/rsa/rsa_pk1.c:79:
40074F3FF0700000:error:02000072:rsa routines:rsa_ossl_public_decrypt:padding check failed:../crypto/rsa/rsa_ossl.c:697:
40074F3FF0700000:error:1C880004:Provider routines:rsa_verify:RSA lib:../providers/implementations/signature/rsa_sig.c:774:
40B7F444FC760000:error:0200008A:rsa routines:RSA_padding_check_PKCS1_type_1:invalid padding:../crypto/rsa/rsa_pk1.c:79:
40B7F444FC760000:error:02000072:rsa routines:rsa_ossl_public_decrypt:padding check failed:../crypto/rsa/rsa_ossl.c:697:
40B7F444FC760000:error:1C880004:Provider routines:rsa_verify:RSA lib:../providers/implementations/signature/rsa_sig.c:774:
4007548BA77C0000:error:0200008A:rsa routines:RSA_padding_check_PKCS1_type_1:invalid padding:../crypto/rsa/rsa_pk1.c:79:
4007548BA77C0000:error:02000072:rsa routines:rsa_ossl_public_decrypt:padding check failed:../crypto/rsa/rsa_ossl.c:697:
4007548BA77C0000:error:1C880004:Provider routines:rsa_verify:RSA lib:../providers/implementations/signature/rsa_sig.c:774:
40A77023757C0000:error:0200008A:rsa routines:RSA_padding_check_PKCS1_type_1:invalid padding:../crypto/rsa/rsa_pk1.c:79:
40A77023757C0000:error:02000072:rsa routines:rsa_ossl_public_decrypt:padding check failed:../crypto/rsa/rsa_ossl.c:697:
40A77023757C0000:error:1C880004:Provider routines:rsa_verify:RSA lib:../providers/implementations/signature/rsa_sig.c:774:
40E7CAD8847C0000:error:0200008A:rsa routines:RSA_padding_check_PKCS1_type_1:invalid padding:../crypto/rsa/rsa_pk1.c:79:
40E7CAD8847C0000:error:02000072:rsa routines:rsa_ossl_public_decrypt:padding check failed:../crypto/rsa/rsa_ossl.c:697:
40E7CAD8847C0000:error:1C880004:Provider routines:rsa_verify:RSA lib:../providers/implementations/signature/rsa_sig.c:774:
40D709663B730000:error:0200008A:rsa routines:RSA_padding_check_PKCS1_type_1:invalid padding:../crypto/rsa/rsa_pk1.c:79:
40D709663B730000:error:02000072:rsa routines:rsa_ossl_public_decrypt:padding check failed:../crypto/rsa/rsa_ossl.c:697:
40D709663B730000:error:1C880004:Provider routines:rsa_verify:RSA lib:../providers/implementations/signature/rsa_sig.c:774:
4067862F917B0000:error:0200008A:rsa routines:RSA_padding_check_PKCS1_type_1:invalid padding:../crypto/rsa/rsa_pk1.c:79:
4067862F917B0000:error:02000072:rsa routines:rsa_ossl_public_decrypt:padding check failed:../crypto/rsa/rsa_ossl.c:697:
4067862F917B0000:error:1C880004:Provider routines:rsa_verify:RSA lib:../providers/implementations/signature/rsa_sig.c:774:
40C78A6121700000:error:0200008A:rsa routines:RSA_padding_check_PKCS1_type_1:invalid padding:../crypto/rsa/rsa_pk1.c:79:
40C78A6121700000:error:02000072:rsa routines:rsa_ossl_public_decrypt:padding check failed:../crypto/rsa/rsa_ossl.c:697:
40C78A6121700000:error:1C880004:Provider routines:rsa_verify:RSA lib:../providers/implementations/signature/rsa_sig.c:774:
40477A18BE790000:error:0200008A:rsa routines:RSA_padding_check_PKCS1_type_1:invalid padding:../crypto/rsa/rsa_pk1.c:79:
40477A18BE790000:error:02000072:rsa routines:rsa_ossl_public_decrypt:padding check failed:../crypto/rsa/rsa_ossl.c:697:
40477A18BE790000:error:1C880004:Provider routines:rsa_verify:RSA lib:../providers/implementations/signature/rsa_sig.c:774:
40D71C0D4A760000:error:0200008A:rsa routines:RSA_padding_check_PKCS1_type_1:invalid padding:../crypto/rsa/rsa_pk1.c:79:
40D71C0D4A760000:error:02000072:rsa routines:rsa_ossl_public_decrypt:padding check failed:../crypto/rsa/rsa_ossl.c:697:
40D71C0D4A760000:error:1C880004:Provider routines:rsa_verify:RSA lib:../providers/implementations/signature/rsa_sig.c:774:
40C7A065E0700000:error:0200008A:rsa routines:RSA_padding_check_PKCS1_type_1:invalid padding:../crypto/rsa/rsa_pk1.c:79:
40C7A065E0700000:error:02000072:rsa routines:rsa_ossl_public_decrypt:padding check failed:../crypto/rsa/rsa_ossl.c:697:
40C7A065E0700000:error:1C880004:Provider routines:rsa_verify:RSA lib:../providers/implementations/signature/rsa_sig.c:774:
40E702F9017F0000:error:0200008A:rsa routines:RSA_padding_check_PKCS1_type_1:invalid padding:../crypto/rsa/rsa_pk1.c:79:
40E702F9017F0000:error:02000072:rsa routines:rsa_ossl_public_decrypt:padding check failed:../crypto/rsa/rsa_ossl.c:697:
40E702F9017F0000:error:1C880004:Provider routines:rsa_verify:RSA lib:../providers/implementations/signature/rsa_sig.c:774:
4007A0630C710000:error:0200008A:rsa routines:RSA_padding_check_PKCS1_type_1:invalid padding:../crypto/rsa/rsa_pk1.c:79:
4007A0630C710000:error:02000072:rsa routines:rsa_ossl_public_decrypt:padding check failed:../crypto/rsa/rsa_ossl.c:697:
4007A0630C710000:error:1C880004:Provider routines:rsa_verify:RSA lib:../providers/implementations/signature/rsa_sig.c:774:
40579BB064740000:error:0200008A:rsa routines:RSA_padding_check_PKCS1_type_1:invalid padding:../crypto/rsa/rsa_pk1.c:79:
40579BB064740000:error:02000072:rsa routines:rsa_ossl_public_decrypt:padding check failed:../crypto/rsa/rsa_ossl.c:697:
40579BB064740000:error:1C880004:Provider routines:rsa_verify:RSA lib:../providers/implementations/signature/rsa_sig.c:774:
4047C1DF7C770000:error:0200008A:rsa routines:RSA_padding_check_PKCS1_type_1:invalid padding:../crypto/rsa/rsa_pk1.c:79:
4047C1DF7C770000:error:02000072:rsa routines:rsa_ossl_public_decrypt:padding check failed:../crypto/rsa/rsa_ossl.c:697:
4047C1DF7C770000:error:1C880004:Provider routines:rsa_verify:RSA lib:../providers/implementations/signature/rsa_sig.c:774:
40B784BE7A7C0000:error:0200008A:rsa routines:RSA_padding_check_PKCS1_type_1:invalid padding:../crypto/rsa/rsa_pk1.c:79:
40B784BE7A7C0000:error:02000072:rsa routines:rsa_ossl_public_decrypt:padding check failed:../crypto/rsa/rsa_ossl.c:697:
40B784BE7A7C0000:error:1C880004:Provider routines:rsa_verify:RSA lib:../providers/implementations/signature/rsa_sig.c:774:
4087001725770000:error:0200008A:rsa routines:RSA_padding_check_PKCS1_type_1:invalid padding:../crypto/rsa/rsa_pk1.c:79:
4087001725770000:error:02000072:rsa routines:rsa_ossl_public_decrypt:padding check failed:../crypto/rsa/rsa_ossl.c:697:
4087001725770000:error:1C880004:Provider routines:rsa_verify:RSA lib:../providers/implementations/signature/rsa_sig.c:774:
4027EE563D7C0000:error:0200008A:rsa routines:RSA_padding_check_PKCS1_type_1:invalid padding:../crypto/rsa/rsa_pk1.c:79:
4027EE563D7C0000:error:02000072:rsa routines:rsa_ossl_public_decrypt:padding check failed:../crypto/rsa/rsa_ossl.c:697:
4027EE563D7C0000:error:1C880004:Provider routines:rsa_verify:RSA lib:../providers/implementations/signature/rsa_sig.c:774:
40D75C1ED7790000:error:0200008A:rsa routines:RSA_padding_check_PKCS1_type_1:invalid padding:../crypto/rsa/rsa_pk1.c:79:
40D75C1ED7790000:error:02000072:rsa routines:rsa_ossl_public_decrypt:padding check failed:../crypto/rsa/rsa_ossl.c:697:
40D75C1ED7790000:error:1C880004:Provider routines:rsa_verify:RSA lib:../providers/implementations/signature/rsa_sig.c:774:
4067DB1CE4760000:error:0200008A:rsa routines:RSA_padding_check_PKCS1_type_1:invalid padding:../crypto/rsa/rsa_pk1.c:79:
4067DB1CE4760000:error:02000072:rsa routines:rsa_ossl_public_decrypt:padding check failed:../crypto/rsa/rsa_ossl.c:697:
4067DB1CE4760000:error:1C880004:Provider routines:rsa_verify:RSA lib:../providers/implementations/signature/rsa_sig.c:774:
40E78627B1780000:error:0200008A:rsa routines:RSA_padding_check_PKCS1_type_1:invalid padding:../crypto/rsa/rsa_pk1.c:79:
40E78627B1780000:error:02000072:rsa routines:rsa_ossl_public_decrypt:padding check failed:../crypto/rsa/rsa_ossl.c:697:
40E78627B1780000:error:1C880004:Provider routines:rsa_verify:RSA lib:../providers/implementations/signature/rsa_sig.c:774:
40572616F47C0000:error:0200008A:rsa routines:RSA_padding_check_PKCS1_type_1:invalid padding:../crypto/rsa/rsa_pk1.c:79:
40572616F47C0000:error:02000072:rsa routines:rsa_ossl_public_decrypt:padding check failed:../crypto/rsa/rsa_ossl.c:697:
40572616F47C0000:error:1C880004:Provider routines:rsa_verify:RSA lib:../providers/implementations/signature/rsa_sig.c:774:
40176EB4C97E0000:error:0200008A:rsa routines:RSA_padding_check_PKCS1_type_1:invalid padding:../crypto/rsa/rsa_pk1.c:79:
40176EB4C97E0000:error:02000072:rsa routines:rsa_ossl_public_decrypt:padding check failed:../crypto/rsa/rsa_ossl.c:697:
40176EB4C97E0000:error:1C880004:Provider routines:rsa_verify:RSA lib:../providers/implementations/signature/rsa_sig.c:774:
4057E551657A0000:error:0200008A:rsa routines:RSA_padding_check_PKCS1_type_1:invalid padding:../crypto/rsa/rsa_pk1.c:79:
4057E551657A0000:error:02000072:rsa routines:rsa_ossl_public_decrypt:padding check failed:../crypto/rsa/rsa_ossl.c:697:
4057E551657A0000:error:1C880004:Provider routines:rsa_verify:RSA lib:../providers/implementations/signature/rsa_sig.c:774:
4047CDFFCB7B0000:error:0200008A:rsa routines:RSA_padding_check_PKCS1_type_1:invalid padding:../crypto/rsa/rsa_pk1.c:79:
4047CDFFCB7B0000:error:02000072:rsa routines:rsa_ossl_public_decrypt:padding check failed:../crypto/rsa/rsa_ossl.c:697:
4047CDFFCB7B0000:error:1C880004:Provider routines:rsa_verify:RSA lib:../providers/implementations/signature/rsa_sig.c:774:
40E7D97F59730000:error:0200008A:rsa routines:RSA_padding_check_PKCS1_type_1:invalid padding:../crypto/rsa/rsa_pk1.c:79:
40E7D97F59730000:error:02000072:rsa routines:rsa_ossl_public_decrypt:padding check failed:../crypto/rsa/rsa_ossl.c:697:
40E7D97F59730000:error:1C880004:Provider routines:rsa_verify:RSA lib:../providers/implementations/signature/rsa_sig.c:774:
406753728F7B0000:error:0200008A:rsa routines:RSA_padding_check_PKCS1_type_1:invalid padding:../crypto/rsa/rsa_pk1.c:79:
406753728F7B0000:error:02000072:rsa routines:rsa_ossl_public_decrypt:padding check failed:../crypto/rsa/rsa_ossl.c:697:
406753728F7B0000:error:1C880004:Provider routines:rsa_verify:RSA lib:../providers/implementations/signature/rsa_sig.c:774:
40F75AC8EC710000:error:0200008A:rsa routines:RSA_padding_check_PKCS1_type_1:invalid padding:../crypto/rsa/rsa_pk1.c:79:
40F75AC8EC710000:error:02000072:rsa routines:rsa_ossl_public_decrypt:padding check failed:../crypto/rsa/rsa_ossl.c:697:
40F75AC8EC710000:error:1C880004:Provider routines:rsa_verify:RSA lib:../providers/implementations/signature/rsa_sig.c:774:
4087E854A97A0000:error:0200008A:rsa routines:RSA_padding_check_PKCS1_type_1:invalid padding:../crypto/rsa/rsa_pk1.c:79:
4087E854A97A0000:error:02000072:rsa routines:rsa_ossl_public_decrypt:padding check failed:../crypto/rsa/rsa_ossl.c:697:
4087E854A97A0000:error:1C880004:Provider routines:rsa_verify:RSA lib:../providers/implementations/signature/rsa_sig.c:774:
40D78543227E0000:error:0200008A:rsa routines:RSA_padding_check_PKCS1_type_1:invalid padding:../crypto/rsa/rsa_pk1.c:79:
40D78543227E0000:error:02000072:rsa routines:rsa_ossl_public_decrypt:padding check failed:../crypto/rsa/rsa_ossl.c:697:
40D78543227E0000:error:1C880004:Provider routines:rsa_verify:RSA lib:../providers/implementations/signature/rsa_sig.c:774:
4047D89ECC770000:error:0200008A:rsa routines:RSA_padding_check_PKCS1_type_1:invalid padding:../crypto/rsa/rsa_pk1.c:79:
4047D89ECC770000:error:02000072:rsa routines:rsa_ossl_public_decrypt:padding check failed:../crypto/rsa/rsa_ossl.c:697:
4047D89ECC770000:error:1C880004:Provider routines:rsa_verify:RSA lib:../providers/implementations/signature/rsa_sig.c:774:
4087EE4E7E750000:error:0200008A:rsa routines:RSA_padding_check_PKCS1_type_1:invalid padding:../crypto/rsa/rsa_pk1.c:79:
4087EE4E7E750000:error:02000072:rsa routines:rsa_ossl_public_decrypt:padding check failed:../crypto/rsa/rsa_ossl.c:697:
4087EE4E7E750000:error:1C880004:Provider routines:rsa_verify:RSA lib:../providers/implementations/signature/rsa_sig.c:774:
403745C213790000:error:0200008A:rsa routines:RSA_padding_check_PKCS1_type_1:invalid padding:../crypto/rsa/rsa_pk1.c:79:
403745C213790000:error:02000072:rsa routines:rsa_ossl_public_decrypt:padding check failed:../crypto/rsa/rsa_ossl.c:697:
403745C213790000:error:1C880004:Provider routines:rsa_verify:RSA lib:../providers/implementations/signature/rsa_sig.c:774:
40A7488FCB7A0000:error:0200008A:rsa routines:RSA_padding_check_PKCS1_type_1:invalid padding:../crypto/rsa/rsa_pk1.c:79:
40A7488FCB7A0000:error:02000072:rsa routines:rsa_ossl_public_decrypt:padding check failed:../crypto/rsa/rsa_ossl.c:697:
40A7488FCB7A0000:error:1C880004:Provider routines:rsa_verify:RSA lib:../providers/implementations/signature/rsa_sig.c:774:
4087C58B407B0000:error:0200008A:rsa routines:RSA_padding_check_PKCS1_type_1:invalid padding:../crypto/rsa/rsa_pk1.c:79:
4087C58B407B0000:error:02000072:rsa routines:rsa_ossl_public_decrypt:padding check failed:../crypto/rsa/rsa_ossl.c:697:
4087C58B407B0000:error:1C880004:Provider routines:rsa_verify:RSA lib:../providers/implementations/signature/rsa_sig.c:774:
40379B34D3790000:error:0200008A:rsa routines:RSA_padding_check_PKCS1_type_1:invalid padding:../crypto/rsa/rsa_pk1.c:79:
40379B34D3790000:error:02000072:rsa routines:rsa_ossl_public_decrypt:padding check failed:../crypto/rsa/rsa_ossl.c:697:
40379B34D3790000:error:1C880004:Provider routines:rsa_verify:RSA lib:../providers/implementations/signature/rsa_sig.c:774:
40F7C79FB6790000:error:0200008A:rsa routines:RSA_padding_check_PKCS1_type_1:invalid padding:../crypto/rsa/rsa_pk1.c:79:
40F7C79FB6790000:error:02000072:rsa routines:rsa_ossl_public_decrypt:padding check failed:../crypto/rsa/rsa_ossl.c:697:
40F7C79FB6790000:error:1C880004:Provider routines:rsa_verify:RSA lib:../providers/implementations/signature/rsa_sig.c:774:
40872F1726780000:error:0200008A:rsa routines:RSA_padding_check_PKCS1_type_1:invalid padding:../crypto/rsa/rsa_pk1.c:79:
40872F1726780000:error:02000072:rsa routines:rsa_ossl_public_decrypt:padding check failed:../crypto/rsa/rsa_ossl.c:697:
40872F1726780000:error:1C880004:Provider routines:rsa_verify:RSA lib:../providers/implementations/signature/rsa_sig.c:774:
4037955F32720000:error:0200008A:rsa routines:RSA_padding_check_PKCS1_type_1:invalid padding:../crypto/rsa/rsa_pk1.c:79:
4037955F32720000:error:02000072:rsa routines:rsa_ossl_public_decrypt:padding check failed:../crypto/rsa/rsa_ossl.c:697:
4037955F32720000:error:1C880004:Provider routines:rsa_verify:RSA lib:../providers/implementations/signature/rsa_sig.c:774:
40975C1F2C770000:error:0200008A:rsa routines:RSA_padding_check_PKCS1_type_1:invalid padding:../crypto/rsa/rsa_pk1.c:79:
40975C1F2C770000:error:02000072:rsa routines:rsa_ossl_public_decrypt:padding check failed:../crypto/rsa/rsa_ossl.c:697:
40975C1F2C770000:error:1C880004:Provider routines:rsa_verify:RSA lib:../providers/implementations/signature/rsa_sig.c:774:
40677BF18F740000:error:0200008A:rsa routines:RSA_padding_check_PKCS1_type_1:invalid padding:../crypto/rsa/rsa_pk1.c:79:
40677BF18F740000:error:02000072:rsa routines:rsa_ossl_public_decrypt:padding check failed:../crypto/rsa/rsa_ossl.c:697:
40677BF18F740000:error:1C880004:Provider routines:rsa_verify:RSA lib:../providers/implementations/signature/rsa_sig.c:774:
40B7BF2D697C0000:error:0200008A:rsa routines:RSA_padding_check_PKCS1_type_1:invalid padding:../crypto/rsa/rsa_pk1.c:79:
40B7BF2D697C0000:error:02000072:rsa routines:rsa_ossl_public_decrypt:padding check failed:../crypto/rsa/rsa_ossl.c:697:
40B7BF2D697C0000:error:1C880004:Provider routines:rsa_verify:RSA lib:../providers/implementations/signature/rsa_sig.c:774:
40C73330117B0000:error:0200008A:rsa routines:RSA_padding_check_PKCS1_type_1:invalid padding:../crypto/rsa/rsa_pk1.c:79:
40C73330117B0000:error:02000072:rsa routines:rsa_ossl_public_decrypt:padding check failed:../crypto/rsa/rsa_ossl.c:697:
40C73330117B0000:error:1C880004:Provider routines:rsa_verify:RSA lib:../providers/implementations/signature/rsa_sig.c:774:
40A7E663A8720000:error:0200008A:rsa routines:RSA_padding_check_PKCS1_type_1:invalid padding:../crypto/rsa/rsa_pk1.c:79:
40A7E663A8720000:error:02000072:rsa routines:rsa_ossl_public_decrypt:padding check failed:../crypto/rsa/rsa_ossl.c:697:
40A7E663A8720000:error:1C880004:Provider routines:rsa_verify:RSA lib:../providers/implementations/signature/rsa_sig.c:774:
40173A87FC770000:error:0200008A:rsa routines:RSA_padding_check_PKCS1_type_1:invalid padding:../crypto/rsa/rsa_pk1.c:79:
40173A87FC770000:error:02000072:rsa routines:rsa_ossl_public_decrypt:padding check failed:../crypto/rsa/rsa_ossl.c:697:
40173A87FC770000:error:1C880004:Provider routines:rsa_verify:RSA lib:../providers/implementations/signature/rsa_sig.c:774:
40479CF2BC770000:error:0200008A:rsa routines:RSA_padding_check_PKCS1_type_1:invalid padding:../crypto/rsa/rsa_pk1.c:79:
40479CF2BC770000:error:02000072:rsa routines:rsa_ossl_public_decrypt:padding check failed:../crypto/rsa/rsa_ossl.c:697:
40479CF2BC770000:error:1C880004:Provider routines:rsa_verify:RSA lib:../providers/implementations/signature/rsa_sig.c:774:
40B7E6E1AA700000:error:0200008A:rsa routines:RSA_padding_check_PKCS1_type_1:invalid padding:../crypto/rsa/rsa_pk1.c:79:
40B7E6E1AA700000:error:02000072:rsa routines:rsa_ossl_public_decrypt:padding check failed:../crypto/rsa/rsa_ossl.c:697:
40B7E6E1AA700000:error:1C880004:Provider routines:rsa_verify:RSA lib:../providers/implementations/signature/rsa_sig.c:774:
40B77C99DD720000:error:0200008A:rsa routines:RSA_padding_check_PKCS1_type_1:invalid padding:../crypto/rsa/rsa_pk1.c:79:
40B77C99DD720000:error:02000072:rsa routines:rsa_ossl_public_decrypt:padding check failed:../crypto/rsa/rsa_ossl.c:697:
40B77C99DD720000:error:1C880004:Provider routines:rsa_verify:RSA lib:../providers/implementations/signature/rsa_sig.c:774:
40D79C7E117E0000:error:0200008A:rsa routines:RSA_padding_check_PKCS1_type_1:invalid padding:../crypto/rsa/rsa_pk1.c:79:
40D79C7E117E0000:error:02000072:rsa routines:rsa_ossl_public_decrypt:padding check failed:../crypto/rsa/rsa_ossl.c:697:
40D79C7E117E0000:error:1C880004:Provider routines:rsa_verify:RSA lib:../providers/implementations/signature/rsa_sig.c:774:
40573F147D710000:error:0200008A:rsa routines:RSA_padding_check_PKCS1_type_1:invalid padding:../crypto/rsa/rsa_pk1.c:79:
40573F147D710000:error:02000072:rsa routines:rsa_ossl_public_decrypt:padding check failed:../crypto/rsa/rsa_ossl.c:697:
40573F147D710000:error:1C880004:Provider routines:rsa_verify:RSA lib:../providers/implementations/signature/rsa_sig.c:774:
4067BF3FA7780000:error:0200008A:rsa routines:RSA_padding_check_PKCS1_type_1:invalid padding:../crypto/rsa/rsa_pk1.c:79:
4067BF3FA7780000:error:02000072:rsa routines:rsa_ossl_public_decrypt:padding check failed:../crypto/rsa/rsa_ossl.c:697:
4067BF3FA7780000:error:1C880004:Provider routines:rsa_verify:RSA lib:../providers/implementations/signature/rsa_sig.c:774:
4047FBDC40700000:error:0200008A:rsa routines:RSA_padding_check_PKCS1_type_1:invalid padding:../crypto/rsa/rsa_pk1.c:79:
4047FBDC40700000:error:02000072:rsa routines:rsa_ossl_public_decrypt:padding check failed:../crypto/rsa/rsa_ossl.c:697:
4047FBDC40700000:error:1C880004:Provider routines:rsa_verify:RSA lib:../providers/implementations/signature/rsa_sig.c:774:
4017E951A4790000:error:0200008A:rsa routines:RSA_padding_check_PKCS1_type_1:invalid padding:../crypto/rsa/rsa_pk1.c:79:
4017E951A4790000:error:02000072:rsa routines:rsa_ossl_public_decrypt:padding check failed:../crypto/rsa/rsa_ossl.c:697:
4017E951A4790000:error:1C880004:Provider routines:rsa_verify:RSA lib:../providers/implementations/signature/rsa_sig.c:774:
40E7C8E2F0750000:error:0200008A:rsa routines:RSA_padding_check_PKCS1_type_1:invalid padding:../crypto/rsa/rsa_pk1.c:79:
40E7C8E2F0750000:error:02000072:rsa routines:rsa_ossl_public_decrypt:padding check failed:../crypto/rsa/rsa_ossl.c:697:
40E7C8E2F0750000:error:1C880004:Provider routines:rsa_verify:RSA lib:../providers/implementations/signature/rsa_sig.c:774:
40374EDE897F0000:error:0200008A:rsa routines:RSA_padding_check_PKCS1_type_1:invalid padding:../crypto/rsa/rsa_pk1.c:79:
40374EDE897F0000:error:02000072:rsa routines:rsa_ossl_public_decrypt:padding check failed:../crypto/rsa/rsa_ossl.c:697:
40374EDE897F0000:error:1C880004:Provider routines:rsa_verify:RSA lib:../providers/implementations/signature/rsa_sig.c:774:
4017D0E076750000:error:0200008A:rsa routines:RSA_padding_check_PKCS1_type_1:invalid padding:../crypto/rsa/rsa_pk1.c:79:
4017D0E076750000:error:02000072:rsa routines:rsa_ossl_public_decrypt:padding check failed:../crypto/rsa/rsa_ossl.c:697:
4017D0E076750000:error:1C880004:Provider routines:rsa_verify:RSA lib:../providers/implementations/signature/rsa_sig.c:774:
407788DDE6720000:error:0200008A:rsa routines:RSA_padding_check_PKCS1_type_1:invalid padding:../crypto/rsa/rsa_pk1.c:79:
407788DDE6720000:error:02000072:rsa routines:rsa_ossl_public_decrypt:padding check failed:../crypto/rsa/rsa_ossl.c:697:
407788DDE6720000:error:1C880004:Provider routines:rsa_verify:RSA lib:../providers/implementations/signature/rsa_sig.c:774:
40370F7CB97E0000:error:0200008A:rsa routines:RSA_padding_check_PKCS1_type_1:invalid padding:../crypto/rsa/rsa_pk1.c:79:
40370F7CB97E0000:error:02000072:rsa routines:rsa_ossl_public_decrypt:padding check failed:../crypto/rsa/rsa_ossl.c:697:
40370F7CB97E0000:error:1C880004:Provider routines:rsa_verify:RSA lib:../providers/implementations/signature/rsa_sig.c:774:
40F786AB1D710000:error:0200008A:rsa routines:RSA_padding_check_PKCS1_type_1:invalid padding:../crypto/rsa/rsa_pk1.c:79:
40F786AB1D710000:error:02000072:rsa routines:rsa_ossl_public_decrypt:padding check failed:../crypto/rsa/rsa_ossl.c:697:
40F786AB1D710000:error:1C880004:Provider routines:rsa_verify:RSA lib:../providers/implementations/signature/rsa_sig.c:774:
4037856FCA7E0000:error:0200008A:rsa routines:RSA_padding_check_PKCS1_type_1:invalid padding:../crypto/rsa/rsa_pk1.c:79:
4037856FCA7E0000:error:02000072:rsa routines:rsa_ossl_public_decrypt:padding check failed:../crypto/rsa/rsa_ossl.c:697:
4037856FCA7E0000:error:1C880004:Provider routines:rsa_verify:RSA lib:../providers/implementations/signature/rsa_sig.c:774:
40E767CE6E710000:error:0200008A:rsa routines:RSA_padding_check_PKCS1_type_1:invalid padding:../crypto/rsa/rsa_pk1.c:79:
40E767CE6E710000:error:02000072:rsa routines:rsa_ossl_public_decrypt:padding check failed:../crypto/rsa/rsa_ossl.c:697:
40E767CE6E710000:error:1C880004:Provider routines:rsa_verify:RSA lib:../providers/implementations/signature/rsa_sig.c:774:
40C723E2EB710000:error:0200008A:rsa routines:RSA_padding_check_PKCS1_type_1:invalid padding:../crypto/rsa/rsa_pk1.c:79:
40C723E2EB710000:error:02000072:rsa routines:rsa_ossl_public_decrypt:padding check failed:../crypto/rsa/rsa_ossl.c:697:
40C723E2EB710000:error:1C880004:Provider routines:rsa_verify:RSA lib:../providers/implementations/signature/rsa_sig.c:774:
4037BBEEDB7B0000:error:0200008A:rsa routines:RSA_padding_check_PKCS1_type_1:invalid padding:../crypto/rsa/rsa_pk1.c:79:
4037BBEEDB7B0000:error:02000072:rsa routines:rsa_ossl_public_decrypt:padding check failed:../crypto/rsa/rsa_ossl.c:697:
4037BBEEDB7B0000:error:1C880004:Provider routines:rsa_verify:RSA lib:../providers/implementations/signature/rsa_sig.c:774:
4067649A73770000:error:0200008A:rsa routines:RSA_padding_check_PKCS1_type_1:invalid padding:../crypto/rsa/rsa_pk1.c:79:
4067649A73770000:error:02000072:rsa routines:rsa_ossl_public_decrypt:padding check failed:../crypto/rsa/rsa_ossl.c:697:
4067649A73770000:error:1C880004:Provider routines:rsa_verify:RSA lib:../providers/implementations/signature/rsa_sig.c:774:
408766A0DF760000:error:0200008A:rsa routines:RSA_padding_check_PKCS1_type_1:invalid padding:../crypto/rsa/rsa_pk1.c:79:
408766A0DF760000:error:02000072:rsa routines:rsa_ossl_public_decrypt:padding check failed:../crypto/rsa/rsa_ossl.c:697:
408766A0DF760000:error:1C880004:Provider routines:rsa_verify:RSA lib:../providers/implementations/signature/rsa_sig.c:774:
40D70FFF0D720000:error:0200008A:rsa routines:RSA_padding_check_PKCS1_type_1:invalid padding:../crypto/rsa/rsa_pk1.c:79:
40D70FFF0D720000:error:02000072:rsa routines:rsa_ossl_public_decrypt:padding check failed:../crypto/rsa/rsa_ossl.c:697:
40D70FFF0D720000:error:1C880004:Provider routines:rsa_verify:RSA lib:../providers/implementations/signature/rsa_sig.c:774:
4017E527B7700000:error:0200008A:rsa routines:RSA_padding_check_PKCS1_type_1:invalid padding:../crypto/rsa/rsa_pk1.c:79:
4017E527B7700000:error:02000072:rsa routines:rsa_ossl_public_decrypt:padding check failed:../crypto/rsa/rsa_ossl.c:697:
4017E527B7700000:error:1C880004:Provider routines:rsa_verify:RSA lib:../providers/implementations/signature/rsa_sig.c:774:
4057E9AB12770000:error:0200008A:rsa routines:RSA_padding_check_PKCS1_type_1:invalid padding:../crypto/rsa/rsa_pk1.c:79:
4057E9AB12770000:error:02000072:rsa routines:rsa_ossl_public_decrypt:padding check failed:../crypto/rsa/rsa_ossl.c:697:
4057E9AB12770000:error:1C880004:Provider routines:rsa_verify:RSA lib:../providers/implementations/signature/rsa_sig.c:774:
40A74EE032740000:error:0200008A:rsa routines:RSA_padding_check_PKCS1_type_1:invalid padding:../crypto/rsa/rsa_pk1.c:79:
40A74EE032740000:error:02000072:rsa routines:rsa_ossl_public_decrypt:padding check failed:../crypto/rsa/rsa_ossl.c:697:
40A74EE032740000:error:1C880004:Provider routines:rsa_verify:RSA lib:../providers/implementations/signature/rsa_sig.c:774:
4087E1E5E2730000:error:0200008A:rsa routines:RSA_padding_check_PKCS1_type_1:invalid padding:../crypto/rsa/rsa_pk1.c:79:
4087E1E5E2730000:error:02000072:rsa routines:rsa_ossl_public_decrypt:padding check failed:../crypto/rsa/rsa_ossl.c:697:
4087E1E5E2730000:error:1C880004:Provider routines:rsa_verify:RSA lib:../providers/implementations/signature/rsa_sig.c:774:
400786C8557E0000:error:0200008A:rsa routines:RSA_padding_check_PKCS1_type_1:invalid padding:../crypto/rsa/rsa_pk1.c:79:
400786C8557E0000:error:02000072:rsa routines:rsa_ossl_public_decrypt:padding check failed:../crypto/rsa/rsa_ossl.c:697:
400786C8557E0000:error:1C880004:Provider routines:rsa_verify:RSA lib:../providers/implementations/signature/rsa_sig.c:774:
4097418524790000:error:0200008A:rsa routines:RSA_padding_check_PKCS1_type_1:invalid padding:../crypto/rsa/rsa_pk1.c:79:
4097418524790000:error:02000072:rsa routines:rsa_ossl_public_decrypt:padding check failed:../crypto/rsa/rsa_ossl.c:697:
4097418524790000:error:1C880004:Provider routines:rsa_verify:RSA lib:../providers/implementations/signature/rsa_sig.c:774:
40A70B76F0740000:error:0200008A:rsa routines:RSA_padding_check_PKCS1_type_1:invalid padding:../crypto/rsa/rsa_pk1.c:79:
40A70B76F0740000:error:02000072:rsa routines:rsa_ossl_public_decrypt:padding check failed:../crypto/rsa/rsa_ossl.c:697:
40A70B76F0740000:error:1C880004:Provider routines:rsa_verify:RSA lib:../providers/implementations/signature/rsa_sig.c:774:
406755394F700000:error:0200008A:rsa routines:RSA_padding_check_PKCS1_type_1:invalid padding:../crypto/rsa/rsa_pk1.c:79:
406755394F700000:error:02000072:rsa routines:rsa_ossl_public_decrypt:padding check failed:../crypto/rsa/rsa_ossl.c:697:
406755394F700000:error:1C880004:Provider routines:rsa_verify:RSA lib:../providers/implementations/signature/rsa_sig.c:774:
401728266A770000:error:0200008A:rsa routines:RSA_padding_check_PKCS1_type_1:invalid padding:../crypto/rsa/rsa_pk1.c:79:
401728266A770000:error:02000072:rsa routines:rsa_ossl_public_decrypt:padding check failed:../crypto/rsa/rsa_ossl.c:697:
401728266A770000:error:1C880004:Provider routines:rsa_verify:RSA lib:../providers/implementations/signature/rsa_sig.c:774:
40C71A1613760000:error:0200008A:rsa routines:RSA_padding_check_PKCS1_type_1:invalid padding:../crypto/rsa/rsa_pk1.c:79:
40C71A1613760000:error:02000072:rsa routines:rsa_ossl_public_decrypt:padding check failed:../crypto/rsa/rsa_ossl.c:697:
40C71A1613760000:error:1C880004:Provider routines:rsa_verify:RSA lib:../providers/implementations/signature/rsa_sig.c:774:
40A799ED0F760000:error:0200008A:rsa routines:RSA_padding_check_PKCS1_type_1:invalid padding:../crypto/rsa/rsa_pk1.c:79:
40A799ED0F760000:error:02000072:rsa routines:rsa_ossl_public_decrypt:padding check failed:../crypto/rsa/rsa_ossl.c:697:
40A799ED0F760000:error:1C880004:Provider routines:rsa_verify:RSA lib:../providers/implementations/signature/rsa_sig.c:774:
40F796E1E07A0000:error:0200008A:rsa routines:RSA_padding_check_PKCS1_type_1:invalid padding:../crypto/rsa/rsa_pk1.c:79:
40F796E1E07A0000:error:02000072:rsa routines:rsa_ossl_public_decrypt:padding check failed:../crypto/rsa/rsa_ossl.c:697:
40F796E1E07A0000:error:1C880004:Provider routines:rsa_verify:RSA lib:../providers/implementations/signature/rsa_sig.c:774:
40A792616C7D0000:error:0200008A:rsa routines:RSA_padding_check_PKCS1_type_1:invalid padding:../crypto/rsa/rsa_pk1.c:79:
40A792616C7D0000:error:02000072:rsa routines:rsa_ossl_public_decrypt:padding check failed:../crypto/rsa/rsa_ossl.c:697:
40A792616C7D0000:error:1C880004:Provider routines:rsa_verify:RSA lib:../providers/implementations/signature/rsa_sig.c:774:
4077B54A18700000:error:0200008A:rsa routines:RSA_padding_check_PKCS1_type_1:invalid padding:../crypto/rsa/rsa_pk1.c:79:
4077B54A18700000:error:02000072:rsa routines:rsa_ossl_public_decrypt:padding check failed:../crypto/rsa/rsa_ossl.c:697:
4077B54A18700000:error:1C880004:Provider routines:rsa_verify:RSA lib:../providers/implementations/signature/rsa_sig.c:774:
40E79E143D780000:error:0200008A:rsa routines:RSA_padding_check_PKCS1_type_1:invalid padding:../crypto/rsa/rsa_pk1.c:79:
40E79E143D780000:error:02000072:rsa routines:rsa_ossl_public_decrypt:padding check failed:../crypto/rsa/rsa_ossl.c:697:
40E79E143D780000:error:1C880004:Provider routines:rsa_verify:RSA lib:../providers/implementations/signature/rsa_sig.c:774:
40A7A51C917F0000:error:0200008A:rsa routines:RSA_padding_check_PKCS1_type_1:invalid padding:../crypto/rsa/rsa_pk1.c:79:
40A7A51C917F0000:error:02000072:rsa routines:rsa_ossl_public_decrypt:padding check failed:../crypto/rsa/rsa_ossl.c:697:
40A7A51C917F0000:error:1C880004:Provider routines:rsa_verify:RSA lib:../providers/implementations/signature/rsa_sig.c:774:
4037C855747D0000:error:0200008A:rsa routines:RSA_padding_check_PKCS1_type_1:invalid padding:../crypto/rsa/rsa_pk1.c:79:
4037C855747D0000:error:02000072:rsa routines:rsa_ossl_public_decrypt:padding check failed:../crypto/rsa/rsa_ossl.c:697:
4037C855747D0000:error:1C880004:Provider routines:rsa_verify:RSA lib:../providers/implementations/signature/rsa_sig.c:774:
4037B8AED77A0000:error:0200008A:rsa routines:RSA_padding_check_PKCS1_type_1:invalid padding:../crypto/rsa/rsa_pk1.c:79:
4037B8AED77A0000:error:02000072:rsa routines:rsa_ossl_public_decrypt:padding check failed:../crypto/rsa/rsa_ossl.c:697:
4037B8AED77A0000:error:1C880004:Provider routines:rsa_verify:RSA lib:../providers/implementations/signature/rsa_sig.c:774:
40574D94CF740000:error:0200008A:rsa routines:RSA_padding_check_PKCS1_type_1:invalid padding:../crypto/rsa/rsa_pk1.c:79:
40574D94CF740000:error:02000072:rsa routines:rsa_ossl_public_decrypt:padding check failed:../crypto/rsa/rsa_ossl.c:697:
40574D94CF740000:error:1C880004:Provider routines:rsa_verify:RSA lib:../providers/implementations/signature/rsa_sig.c:774:
40A766FE44780000:error:0200008A:rsa routines:RSA_padding_check_PKCS1_type_1:invalid padding:../crypto/rsa/rsa_pk1.c:79:
40A766FE44780000:error:02000072:rsa routines:rsa_ossl_public_decrypt:padding check failed:../crypto/rsa/rsa_ossl.c:697:
40A766FE44780000:error:1C880004:Provider routines:rsa_verify:RSA lib:../providers/implementations/signature/rsa_sig.c:774:
40C72C5DCF760000:error:0200008A:rsa routines:RSA_padding_check_PKCS1_type_1:invalid padding:../crypto/rsa/rsa_pk1.c:79:
40C72C5DCF760000:error:02000072:rsa routines:rsa_ossl_public_decrypt:padding check failed:../crypto/rsa/rsa_ossl.c:697:
40C72C5DCF760000:error:1C880004:Provider routines:rsa_verify:RSA lib:../providers/implementations/signature/rsa_sig.c:774:
40474854EA770000:error:0200008A:rsa routines:RSA_padding_check_PKCS1_type_1:invalid padding:../crypto/rsa/rsa_pk1.c:79:
40474854EA770000:error:02000072:rsa routines:rsa_ossl_public_decrypt:padding check failed:../crypto/rsa/rsa_ossl.c:697:
40474854EA770000:error:1C880004:Provider routines:rsa_verify:RSA lib:../providers/implementations/signature/rsa_sig.c:774:
4007C1DBB5750000:error:0200008A:rsa routines:RSA_padding_check_PKCS1_type_1:invalid padding:../crypto/rsa/rsa_pk1.c:79:
4007C1DBB5750000:error:02000072:rsa routines:rsa_ossl_public_decrypt:padding check failed:../crypto/rsa/rsa_ossl.c:697:
4007C1DBB5750000:error:1C880004:Provider routines:rsa_verify:RSA lib:../providers/implementations/signature/rsa_sig.c:774:
403750A9AB710000:error:0200008A:rsa routines:RSA_padding_check_PKCS1_type_1:invalid padding:../crypto/rsa/rsa_pk1.c:79:
403750A9AB710000:error:02000072:rsa routines:rsa_ossl_public_decrypt:padding check failed:../crypto/rsa/rsa_ossl.c:697:
403750A9AB710000:error:1C880004:Provider routines:rsa_verify:RSA lib:../providers/implementations/signature/rsa_sig.c:774:
40D7F307E17F0000:error:0200008A:rsa routines:RSA_padding_check_PKCS1_type_1:invalid padding:../crypto/rsa/rsa_pk1.c:79:
40D7F307E17F0000:error:02000072:rsa routines:rsa_ossl_public_decrypt:padding check failed:../crypto/rsa/rsa_ossl.c:697:
40D7F307E17F0000:error:1C880004:Provider routines:rsa_verify:RSA lib:../providers/implementations/signature/rsa_sig.c:774:
40B71D4F547C0000:error:0200008A:rsa routines:RSA_padding_check_PKCS1_type_1:invalid padding:../crypto/rsa/rsa_pk1.c:79:
40B71D4F547C0000:error:02000072:rsa routines:rsa_ossl_public_decrypt:padding check failed:../crypto/rsa/rsa_ossl.c:697:
40B71D4F547C0000:error:1C880004:Provider routines:rsa_verify:RSA lib:../providers/implementations/signature/rsa_sig.c:774:
4057163BFA700000:error:0200008A:rsa routines:RSA_padding_check_PKCS1_type_1:invalid padding:../crypto/rsa/rsa_pk1.c:79:
4057163BFA700000:error:02000072:rsa routines:rsa_ossl_public_decrypt:padding check failed:../crypto/rsa/rsa_ossl.c:697:
4057163BFA700000:error:1C880004:Provider routines:rsa_verify:RSA lib:../providers/implementations/signature/rsa_sig.c:774:
40A787D78F700000:error:0200008A:rsa routines:RSA_padding_check_PKCS1_type_1:invalid padding:../crypto/rsa/rsa_pk1.c:79:
40A787D78F700000:error:02000072:rsa routines:rsa_ossl_public_decrypt:padding check failed:../crypto/rsa/rsa_ossl.c:697:
40A787D78F700000:error:1C880004:Provider routines:rsa_verify:RSA lib:../providers/implementations/signature/rsa_sig.c:774:
4087ED5C367C0000:error:0200008A:rsa routines:RSA_padding_check_PKCS1_type_1:invalid padding:../crypto/rsa/rsa_pk1.c:79:
4087ED5C367C0000:error:02000072:rsa routines:rsa_ossl_public_decrypt:padding check failed:../crypto/rsa/rsa_ossl.c:697:
4087ED5C367C0000:error:1C880004:Provider routines:rsa_verify:RSA lib:../providers/implementations/signature/rsa_sig.c:774:
40F75084447B0000:error:0200008A:rsa routines:RSA_padding_check_PKCS1_type_1:invalid padding:../crypto/rsa/rsa_pk1.c:79:
40F75084447B0000:error:02000072:rsa routines:rsa_ossl_public_decrypt:padding check failed:../crypto/rsa/rsa_ossl.c:697:
40F75084447B0000:error:1C880004:Provider routines:rsa_verify:RSA lib:../providers/implementations/signature/rsa_sig.c:774:
4017B9573D7E0000:error:0200008A:rsa routines:RSA_padding_check_PKCS1_type_1:invalid padding:../crypto/rsa/rsa_pk1.c:79:
4017B9573D7E0000:error:02000072:rsa routines:rsa_ossl_public_decrypt:padding check failed:../crypto/rsa/rsa_ossl.c:697:
4017B9573D7E0000:error:1C880004:Provider routines:rsa_verify:RSA lib:../providers/implementations/signature/rsa_sig.c:774:
404771F09F710000:error:0200008A:rsa routines:RSA_padding_check_PKCS1_type_1:invalid padding:../crypto/rsa/rsa_pk1.c:79:
404771F09F710000:error:02000072:rsa routines:rsa_ossl_public_decrypt:padding check failed:../crypto/rsa/rsa_ossl.c:697:
404771F09F710000:error:1C880004:Provider routines:rsa_verify:RSA lib:../providers/implementations/signature/rsa_sig.c:774:
405799C134730000:error:0200008A:rsa routines:RSA_padding_check_PKCS1_type_1:invalid padding:../crypto/rsa/rsa_pk1.c:79:
405799C134730000:error:02000072:rsa routines:rsa_ossl_public_decrypt:padding check failed:../crypto/rsa/rsa_ossl.c:697:
405799C134730000:error:1C880004:Provider routines:rsa_verify:RSA lib:../providers/implementations/signature/rsa_sig.c:774:
40C7E7DFA9710000:error:0200008A:rsa routines:RSA_padding_check_PKCS1_type_1:invalid padding:../crypto/rsa/rsa_pk1.c:79:
40C7E7DFA9710000:error:02000072:rsa routines:rsa_ossl_public_decrypt:padding check failed:../crypto/rsa/rsa_ossl.c:697:
40C7E7DFA9710000:error:1C880004:Provider routines:rsa_verify:RSA lib:../providers/implementations/signature/rsa_sig.c:774:
4047E8674B7E0000:error:0200008A:rsa routines:RSA_padding_check_PKCS1_type_1:invalid padding:../crypto/rsa/rsa_pk1.c:79:
4047E8674B7E0000:error:02000072:rsa routines:rsa_ossl_public_decrypt:padding check failed:../crypto/rsa/rsa_ossl.c:697:
4047E8674B7E0000:error:1C880004:Provider routines:rsa_verify:RSA lib:../providers/implementations/signature/rsa_sig.c:774:
40571E7800740000:error:0200008A:rsa routines:RSA_padding_check_PKCS1_type_1:invalid padding:../crypto/rsa/rsa_pk1.c:79:
40571E7800740000:error:02000072:rsa routines:rsa_ossl_public_decrypt:padding check failed:../crypto/rsa/rsa_ossl.c:697:
40571E7800740000:error:1C880004:Provider routines:rsa_verify:RSA lib:../providers/implementations/signature/rsa_sig.c:774:
40E7614A5D7B0000:error:0200008A:rsa routines:RSA_padding_check_PKCS1_type_1:invalid padding:../crypto/rsa/rsa_pk1.c:79:
40E7614A5D7B0000:error:02000072:rsa routines:rsa_ossl_public_decrypt:padding check failed:../crypto/rsa/rsa_ossl.c:697:
40E7614A5D7B0000:error:1C880004:Provider routines:rsa_verify:RSA lib:../providers/implementations/signature/rsa_sig.c:774:
4077F6505B740000:error:0200008A:rsa routines:RSA_padding_check_PKCS1_type_1:invalid padding:../crypto/rsa/rsa_pk1.c:79:
4077F6505B740000:error:02000072:rsa routines:rsa_ossl_public_decrypt:padding check failed:../crypto/rsa/rsa_ossl.c:697:
4077F6505B740000:error:1C880004:Provider routines:rsa_verify:RSA lib:../providers/implementations/signature/rsa_sig.c:774:
40677B10F87A0000:error:0200008A:rsa routines:RSA_padding_check_PKCS1_type_1:invalid padding:../crypto/rsa/rsa_pk1.c:79:
40677B10F87A0000:error:02000072:rsa routines:rsa_ossl_public_decrypt:padding check failed:../crypto/rsa/rsa_ossl.c:697:
40677B10F87A0000:error:1C880004:Provider routines:rsa_verify:RSA lib:../providers/implementations/signature/rsa_sig.c:774:
409713CDEB7E0000:error:0200008A:rsa routines:RSA_padding_check_PKCS1_type_1:invalid padding:../crypto/rsa/rsa_pk1.c:79:
409713CDEB7E0000:error:02000072:rsa routines:rsa_ossl_public_decrypt:padding check failed:../crypto/rsa/rsa_ossl.c:697:
409713CDEB7E0000:error:1C880004:Provider routines:rsa_verify:RSA lib:../providers/implementations/signature/rsa_sig.c:774:
40179558E47D0000:error:0200008A:rsa routines:RSA_padding_check_PKCS1_type_1:invalid padding:../crypto/rsa/rsa_pk1.c:79:
40179558E47D0000:error:02000072:rsa routines:rsa_ossl_public_decrypt:padding check failed:../crypto/rsa/rsa_ossl.c:697:
40179558E47D0000:error:1C880004:Provider routines:rsa_verify:RSA lib:../providers/implementations/signature/rsa_sig.c:774:
405779DBD57C0000:error:0200008A:rsa routines:RSA_padding_check_PKCS1_type_1:invalid padding:../crypto/rsa/rsa_pk1.c:79:
405779DBD57C0000:error:02000072:rsa routines:rsa_ossl_public_decrypt:padding check failed:../crypto/rsa/rsa_ossl.c:697:
405779DBD57C0000:error:1C880004:Provider routines:rsa_verify:RSA lib:../providers/implementations/signature/rsa_sig.c:774:
4007A6C919770000:error:0200008A:rsa routines:RSA_padding_check_PKCS1_type_1:invalid padding:../crypto/rsa/rsa_pk1.c:79:
4007A6C919770000:error:02000072:rsa routines:rsa_ossl_public_decrypt:padding check failed:../crypto/rsa/rsa_ossl.c:697:
4007A6C919770000:error:1C880004:Provider routines:rsa_verify:RSA lib:../providers/implementations/signature/rsa_sig.c:774:
402706A0D57E0000:error:0200008A:rsa routines:RSA_padding_check_PKCS1_type_1:invalid padding:../crypto/rsa/rsa_pk1.c:79:
402706A0D57E0000:error:02000072:rsa routines:rsa_ossl_public_decrypt:padding check failed:../crypto/rsa/rsa_ossl.c:697:
402706A0D57E0000:error:1C880004:Provider routines:rsa_verify:RSA lib:../providers/implementations/signature/rsa_sig.c:774:
40574B795F740000:error:0200008A:rsa routines:RSA_padding_check_PKCS1_type_1:invalid padding:../crypto/rsa/rsa_pk1.c:79:
40574B795F740000:error:02000072:rsa routines:rsa_ossl_public_decrypt:padding check failed:../crypto/rsa/rsa_ossl.c:697:
40574B795F740000:error:1C880004:Provider routines:rsa_verify:RSA lib:../providers/implementations/signature/rsa_sig.c:774:
40B77D98D8760000:error:0200008A:rsa routines:RSA_padding_check_PKCS1_type_1:invalid padding:../crypto/rsa/rsa_pk1.c:79:
40B77D98D8760000:error:02000072:rsa routines:rsa_ossl_public_decrypt:padding check failed:../crypto/rsa/rsa_ossl.c:697:
40B77D98D8760000:error:1C880004:Provider routines:rsa_verify:RSA lib:../providers/implementations/signature/rsa_sig.c:774:
40874E7244790000:error:0200008A:rsa routines:RSA_padding_check_PKCS1_type_1:invalid padding:../crypto/rsa/rsa_pk1.c:79:
40874E7244790000:error:02000072:rsa routines:rsa_ossl_public_decrypt:padding check failed:../crypto/rsa/rsa_ossl.c:697:
40874E7244790000:error:1C880004:Provider routines:rsa_verify:RSA lib:../providers/implementations/signature/rsa_sig.c:774:
40A7F5FB0C7D0000:error:0200008A:rsa routines:RSA_padding_check_PKCS1_type_1:invalid padding:../crypto/rsa/rsa_pk1.c:79:
40A7F5FB0C7D0000:error:02000072:rsa routines:rsa_ossl_public_decrypt:padding check failed:../crypto/rsa/rsa_ossl.c:697:
40A7F5FB0C7D0000:error:1C880004:Provider routines:rsa_verify:RSA lib:../providers/implementations/signature/rsa_sig.c:774:
40B73235127F0000:error:0200008A:rsa routines:RSA_padding_check_PKCS1_type_1:invalid padding:../crypto/rsa/rsa_pk1.c:79:
40B73235127F0000:error:02000072:rsa routines:rsa_ossl_public_decrypt:padding check failed:../crypto/rsa/rsa_ossl.c:697:
40B73235127F0000:error:1C880004:Provider routines:rsa_verify:RSA lib:../providers/implementations/signature/rsa_sig.c:774:
40A764B1BA710000:error:0200008A:rsa routines:RSA_padding_check_PKCS1_type_1:invalid padding:../crypto/rsa/rsa_pk1.c:79:
40A764B1BA710000:error:02000072:rsa routines:rsa_ossl_public_decrypt:padding check failed:../crypto/rsa/rsa_ossl.c:697:
40A764B1BA710000:error:1C880004:Provider routines:rsa_verify:RSA lib:../providers/implementations/signature/rsa_sig.c:774:
407760EF17730000:error:0200008A:rsa routines:RSA_padding_check_PKCS1_type_1:invalid padding:../crypto/rsa/rsa_pk1.c:79:
407760EF17730000:error:02000072:rsa routines:rsa_ossl_public_decrypt:padding check failed:../crypto/rsa/rsa_ossl.c:697:
407760EF17730000:error:1C880004:Provider routines:rsa_verify:RSA lib:../providers/implementations/signature/rsa_sig.c:774:
4037DE2D277D0000:error:0200008A:rsa routines:RSA_padding_check_PKCS1_type_1:invalid padding:../crypto/rsa/rsa_pk1.c:79:
4037DE2D277D0000:error:02000072:rsa routines:rsa_ossl_public_decrypt:padding check failed:../crypto/rsa/rsa_ossl.c:697:
4037DE2D277D0000:error:1C880004:Provider routines:rsa_verify:RSA lib:../providers/implementations/signature/rsa_sig.c:774:
40D77FFC39790000:error:0200008A:rsa routines:RSA_padding_check_PKCS1_type_1:invalid padding:../crypto/rsa/rsa_pk1.c:79:
40D77FFC39790000:error:02000072:rsa routines:rsa_ossl_public_decrypt:padding check failed:../crypto/rsa/rsa_ossl.c:697:
40D77FFC39790000:error:1C880004:Provider routines:rsa_verify:RSA lib:../providers/implementations/signature/rsa_sig.c:774:
40D78531E57A0000:error:0200008A:rsa routines:RSA_padding_check_PKCS1_type_1:invalid padding:../crypto/rsa/rsa_pk1.c:79:
40D78531E57A0000:error:02000072:rsa routines:rsa_ossl_public_decrypt:padding check failed:../crypto/rsa/rsa_ossl.c:697:
40D78531E57A0000:error:1C880004:Provider routines:rsa_verify:RSA lib:../providers/implementations/signature/rsa_sig.c:774:
40C761F4C5720000:error:0200008A:rsa routines:RSA_padding_check_PKCS1_type_1:invalid padding:../crypto/rsa/rsa_pk1.c:79:
40C761F4C5720000:error:02000072:rsa routines:rsa_ossl_public_decrypt:padding check failed:../crypto/rsa/rsa_ossl.c:697:
40C761F4C5720000:error:1C880004:Provider routines:rsa_verify:RSA lib:../providers/implementations/signature/rsa_sig.c:774:
40472C8740760000:error:0200008A:rsa routines:RSA_padding_check_PKCS1_type_1:invalid padding:../crypto/rsa/rsa_pk1.c:79:
40472C8740760000:error:02000072:rsa routines:rsa_ossl_public_decrypt:padding check failed:../crypto/rsa/rsa_ossl.c:697:
40472C8740760000:error:1C880004:Provider routines:rsa_verify:RSA lib:../providers/implementations/signature/rsa_sig.c:774:
4017AEB3087F0000:error:0200008A:rsa routines:RSA_padding_check_PKCS1_type_1:invalid padding:../crypto/rsa/rsa_pk1.c:79:
4017AEB3087F0000:error:02000072:rsa routines:rsa_ossl_public_decrypt:padding check failed:../crypto/rsa/rsa_ossl.c:697:
4017AEB3087F0000:error:1C880004:Provider routines:rsa_verify:RSA lib:../providers/implementations/signature/rsa_sig.c:774:
40A73B51527A0000:error:0200008A:rsa routines:RSA_padding_check_PKCS1_type_1:invalid padding:../crypto/rsa/rsa_pk1.c:79:
40A73B51527A0000:error:02000072:rsa routines:rsa_ossl_public_decrypt:padding check failed:../crypto/rsa/rsa_ossl.c:697:
40A73B51527A0000:error:1C880004:Provider routines:rsa_verify:RSA lib:../providers/implementations/signature/rsa_sig.c:774:
4087BAA929780000:error:0200008A:rsa routines:RSA_padding_check_PKCS1_type_1:invalid padding:../crypto/rsa/rsa_pk1.c:79:
4087BAA929780000:error:02000072:rsa routines:rsa_ossl_public_decrypt:padding check failed:../crypto/rsa/rsa_ossl.c:697:
4087BAA929780000:error:1C880004:Provider routines:rsa_verify:RSA lib:../providers/implementations/signature/rsa_sig.c:774:
40375E885D750000:error:0200008A:rsa routines:RSA_padding_check_PKCS1_type_1:invalid padding:../crypto/rsa/rsa_pk1.c:79:
40375E885D750000:error:02000072:rsa routines:rsa_ossl_public_decrypt:padding check failed:../crypto/rsa/rsa_ossl.c:697:
40375E885D750000:error:1C880004:Provider routines:rsa_verify:RSA lib:../providers/implementations/signature/rsa_sig.c:774:
40B70114B5700000:error:0200008A:rsa routines:RSA_padding_check_PKCS1_type_1:invalid padding:../crypto/rsa/rsa_pk1.c:79:
40B70114B5700000:error:02000072:rsa routines:rsa_ossl_public_decrypt:padding check failed:../crypto/rsa/rsa_ossl.c:697:
40B70114B5700000:error:1C880004:Provider routines:rsa_verify:RSA lib:../providers/implementations/signature/rsa_sig.c:774:
40A7E8F0FC7D0000:error:0200008A:rsa routines:RSA_padding_check_PKCS1_type_1:invalid padding:../crypto/rsa/rsa_pk1.c:79:
40A7E8F0FC7D0000:error:02000072:rsa routines:rsa_ossl_public_decrypt:padding check failed:../crypto/rsa/rsa_ossl.c:697:
40A7E8F0FC7D0000:error:1C880004:Provider routines:rsa_verify:RSA lib:../providers/implementations/signature/rsa_sig.c:774:
40D76BCB957E0000:error:0200008A:rsa routines:RSA_padding_check_PKCS1_type_1:invalid padding:../crypto/rsa/rsa_pk1.c:79:
40D76BCB957E0000:error:02000072:rsa routines:rsa_ossl_public_decrypt:padding check failed:../crypto/rsa/rsa_ossl.c:697:
40D76BCB957E0000:error:1C880004:Provider routines:rsa_verify:RSA lib:../providers/implementations/signature/rsa_sig.c:774:
4047CEB46A7A0000:error:0200008A:rsa routines:RSA_padding_check_PKCS1_type_1:invalid padding:../crypto/rsa/rsa_pk1.c:79:
4047CEB46A7A0000:error:02000072:rsa routines:rsa_ossl_public_decrypt:padding check failed:../crypto/rsa/rsa_ossl.c:697:
4047CEB46A7A0000:error:1C880004:Provider routines:rsa_verify:RSA lib:../providers/implementations/signature/rsa_sig.c:774:
40A793093D7D0000:error:0200008A:rsa routines:RSA_padding_check_PKCS1_type_1:invalid padding:../crypto/rsa/rsa_pk1.c:79:
40A793093D7D0000:error:02000072:rsa routines:rsa_ossl_public_decrypt:padding check failed:../crypto/rsa/rsa_ossl.c:697:
40A793093D7D0000:error:1C880004:Provider routines:rsa_verify:RSA lib:../providers/implementations/signature/rsa_sig.c:774:
40C7BFE363700000:error:0200008A:rsa routines:RSA_padding_check_PKCS1_type_1:invalid padding:../crypto/rsa/rsa_pk1.c:79:
40C7BFE363700000:error:02000072:rsa routines:rsa_ossl_public_decrypt:padding check failed:../crypto/rsa/rsa_ossl.c:697:
40C7BFE363700000:error:1C880004:Provider routines:rsa_verify:RSA lib:../providers/implementations/signature/rsa_sig.c:774:
4047C424727D0000:error:0200008A:rsa routines:RSA_padding_check_PKCS1_type_1:invalid padding:../crypto/rsa/rsa_pk1.c:79:
4047C424727D0000:error:02000072:rsa routines:rsa_ossl_public_decrypt:padding check failed:../crypto/rsa/rsa_ossl.c:697:
4047C424727D0000:error:1C880004:Provider routines:rsa_verify:RSA lib:../providers/implementations/signature/rsa_sig.c:774:
40E735EBC67D0000:error:0200008A:rsa routines:RSA_padding_check_PKCS1_type_1:invalid padding:../crypto/rsa/rsa_pk1.c:79:
40E735EBC67D0000:error:02000072:rsa routines:rsa_ossl_public_decrypt:padding check failed:../crypto/rsa/rsa_ossl.c:697:
40E735EBC67D0000:error:1C880004:Provider routines:rsa_verify:RSA lib:../providers/implementations/signature/rsa_sig.c:774:
40477F85E3750000:error:0200008A:rsa routines:RSA_padding_check_PKCS1_type_1:invalid padding:../crypto/rsa/rsa_pk1.c:79:
40477F85E3750000:error:02000072:rsa routines:rsa_ossl_public_decrypt:padding check failed:../crypto/rsa/rsa_ossl.c:697:
40477F85E3750000:error:1C880004:Provider routines:rsa_verify:RSA lib:../providers/implementations/signature/rsa_sig.c:774:
4087B82AE0730000:error:0200008A:rsa routines:RSA_padding_check_PKCS1_type_1:invalid padding:../crypto/rsa/rsa_pk1.c:79:
4087B82AE0730000:error:02000072:rsa routines:rsa_ossl_public_decrypt:padding check failed:../crypto/rsa/rsa_ossl.c:697:
4087B82AE0730000:error:1C880004:Provider routines:rsa_verify:RSA lib:../providers/implementations/signature/rsa_sig.c:774:
4007BB3F2F7A0000:error:0200008A:rsa routines:RSA_padding_check_PKCS1_type_1:invalid padding:../crypto/rsa/rsa_pk1.c:79:
4007BB3F2F7A0000:error:02000072:rsa routines:rsa_ossl_public_decrypt:padding check failed:../crypto/rsa/rsa_ossl.c:697:
4007BB3F2F7A0000:error:1C880004:Provider routines:rsa_verify:RSA lib:../providers/implementations/signature/rsa_sig.c:774:
40B78A4EEE7F0000:error:0200008A:rsa routines:RSA_padding_check_PKCS1_type_1:invalid padding:../crypto/rsa/rsa_pk1.c:79:
40B78A4EEE7F0000:error:02000072:rsa routines:rsa_ossl_public_decrypt:padding check failed:../crypto/rsa/rsa_ossl.c:697:
40B78A4EEE7F0000:error:1C880004:Provider routines:rsa_verify:RSA lib:../providers/implementations/signature/rsa_sig.c:774:
40B7C3BFA97E0000:error:0200008A:rsa routines:RSA_padding_check_PKCS1_type_1:invalid padding:../crypto/rsa/rsa_pk1.c:79:
40B7C3BFA97E0000:error:02000072:rsa routines:rsa_ossl_public_decrypt:padding check failed:../crypto/rsa/rsa_ossl.c:697:
40B7C3BFA97E0000:error:1C880004:Provider routines:rsa_verify:RSA lib:../providers/implementations/signature/rsa_sig.c:774:
40178417337C0000:error:0200008A:rsa routines:RSA_padding_check_PKCS1_type_1:invalid padding:../crypto/rsa/rsa_pk1.c:79:
40178417337C0000:error:02000072:rsa routines:rsa_ossl_public_decrypt:padding check failed:../crypto/rsa/rsa_ossl.c:697:
40178417337C0000:error:1C880004:Provider routines:rsa_verify:RSA lib:../providers/implementations/signature/rsa_sig.c:774:
401789CE527B0000:error:0200008A:rsa routines:RSA_padding_check_PKCS1_type_1:invalid padding:../crypto/rsa/rsa_pk1.c:79:
401789CE527B0000:error:02000072:rsa routines:rsa_ossl_public_decrypt:padding check failed:../crypto/rsa/rsa_ossl.c:697:
401789CE527B0000:error:1C880004:Provider routines:rsa_verify:RSA lib:../providers/implementations/signature/rsa_sig.c:774:
40C76688037C0000:error:0200008A:rsa routines:RSA_padding_check_PKCS1_type_1:invalid padding:../crypto/rsa/rsa_pk1.c:79:
40C76688037C0000:error:02000072:rsa routines:rsa_ossl_public_decrypt:padding check failed:../crypto/rsa/rsa_ossl.c:697:
40C76688037C0000:error:1C880004:Provider routines:rsa_verify:RSA lib:../providers/implementations/signature/rsa_sig.c:774:
40D71DA8B4750000:error:0200008A:rsa routines:RSA_padding_check_PKCS1_type_1:invalid padding:../crypto/rsa/rsa_pk1.c:79:
40D71DA8B4750000:error:02000072:rsa routines:rsa_ossl_public_decrypt:padding check failed:../crypto/rsa/rsa_ossl.c:697:
40D71DA8B4750000:error:1C880004:Provider routines:rsa_verify:RSA lib:../providers/implementations/signature/rsa_sig.c:774:
40F7F7C4267F0000:error:0200008A:rsa routines:RSA_padding_check_PKCS1_type_1:invalid padding:../crypto/rsa/rsa_pk1.c:79:
40F7F7C4267F0000:error:02000072:rsa routines:rsa_ossl_public_decrypt:padding check failed:../crypto/rsa/rsa_ossl.c:697:
40F7F7C4267F0000:error:1C880004:Provider routines:rsa_verify:RSA lib:../providers/implementations/signature/rsa_sig.c:774:
4077EE70D5770000:error:0200008A:rsa routines:RSA_padding_check_PKCS1_type_1:invalid padding:../crypto/rsa/rsa_pk1.c:79:
4077EE70D5770000:error:02000072:rsa routines:rsa_ossl_public_decrypt:padding check failed:../crypto/rsa/rsa_ossl.c:697:
4077EE70D5770000:error:1C880004:Provider routines:rsa_verify:RSA lib:../providers/implementations/signature/rsa_sig.c:774:
40076C66AB7D0000:error:0200008A:rsa routines:RSA_padding_check_PKCS1_type_1:invalid padding:../crypto/rsa/rsa_pk1.c:79:
40076C66AB7D0000:error:02000072:rsa routines:rsa_ossl_public_decrypt:padding check failed:../crypto/rsa/rsa_ossl.c:697:
40076C66AB7D0000:error:1C880004:Provider routines:rsa_verify:RSA lib:../providers/implementations/signature/rsa_sig.c:774:
40E7D33AC6740000:error:0200008A:rsa routines:RSA_padding_check_PKCS1_type_1:invalid padding:../crypto/rsa/rsa_pk1.c:79:
40E7D33AC6740000:error:02000072:rsa routines:rsa_ossl_public_decrypt:padding check failed:../crypto/rsa/rsa_ossl.c:697:
40E7D33AC6740000:error:1C880004:Provider routines:rsa_verify:RSA lib:../providers/implementations/signature/rsa_sig.c:774:
40F7B788B77B0000:error:0200008A:rsa routines:RSA_padding_check_PKCS1_type_1:invalid padding:../crypto/rsa/rsa_pk1.c:79:
40F7B788B77B0000:error:02000072:rsa routines:rsa_ossl_public_decrypt:padding check failed:../crypto/rsa/rsa_ossl.c:697:
40F7B788B77B0000:error:1C880004:Provider routines:rsa_verify:RSA lib:../providers/implementations/signature/rsa_sig.c:774:
40675CFE47700000:error:0200008A:rsa routines:RSA_padding_check_PKCS1_type_1:invalid padding:../crypto/rsa/rsa_pk1.c:79:
40675CFE47700000:error:02000072:rsa routines:rsa_ossl_public_decrypt:padding check failed:../crypto/rsa/rsa_ossl.c:697:
40675CFE47700000:error:1C880004:Provider routines:rsa_verify:RSA lib:../providers/implementations/signature/rsa_sig.c:774:
4097036F37700000:error:0200008A:rsa routines:RSA_padding_check_PKCS1_type_1:invalid padding:../crypto/rsa/rsa_pk1.c:79:
4097036F37700000:error:02000072:rsa routines:rsa_ossl_public_decrypt:padding check failed:../crypto/rsa/rsa_ossl.c:697:
4097036F37700000:error:1C880004:Provider routines:rsa_verify:RSA lib:../providers/implementations/signature/rsa_sig.c:774:
40377274597F0000:error:0200008A:rsa routines:RSA_padding_check_PKCS1_type_1:invalid padding:../crypto/rsa/rsa_pk1.c:79:
40377274597F0000:error:02000072:rsa routines:rsa_ossl_public_decrypt:padding check failed:../crypto/rsa/rsa_ossl.c:697:
40377274597F0000:error:1C880004:Provider routines:rsa_verify:RSA lib:../providers/implementations/signature/rsa_sig.c:774:
4087E18D1E750000:error:0200008A:rsa routines:RSA_padding_check_PKCS1_type_1:invalid padding:../crypto/rsa/rsa_pk1.c:79:
4087E18D1E750000:error:02000072:rsa routines:rsa_ossl_public_decrypt:padding check failed:../crypto/rsa/rsa_ossl.c:697:
4087E18D1E750000:error:1C880004:Provider routines:rsa_verify:RSA lib:../providers/implementations/signature/rsa_sig.c:774:
40E79C9900730000:error:0200008A:rsa routines:RSA_padding_check_PKCS1_type_1:invalid padding:../crypto/rsa/rsa_pk1.c:79:
40E79C9900730000:error:02000072:rsa routines:rsa_ossl_public_decrypt:padding check failed:../crypto/rsa/rsa_ossl.c:697:
40E79C9900730000:error:1C880004:Provider routines:rsa_verify:RSA lib:../providers/implementations/signature/rsa_sig.c:774:
401705BBB97E0000:error:0200008A:rsa routines:RSA_padding_check_PKCS1_type_1:invalid padding:../crypto/rsa/rsa_pk1.c:79:
401705BBB97E0000:error:02000072:rsa routines:rsa_ossl_public_decrypt:padding check failed:../crypto/rsa/rsa_ossl.c:697:
401705BBB97E0000:error:1C880004:Provider routines:rsa_verify:RSA lib:../providers/implementations/signature/rsa_sig.c:774:
4067E050927E0000:error:0200008A:rsa routines:RSA_padding_check_PKCS1_type_1:invalid padding:../crypto/rsa/rsa_pk1.c:79:
4067E050927E0000:error:02000072:rsa routines:rsa_ossl_public_decrypt:padding check failed:../crypto/rsa/rsa_ossl.c:697:
4067E050927E0000:error:1C880004:Provider routines:rsa_verify:RSA lib:../providers/implementations/signature/rsa_sig.c:774:
4077239426700000:error:0200008A:rsa routines:RSA_padding_check_PKCS1_type_1:invalid padding:../crypto/rsa/rsa_pk1.c:79:
4077239426700000:error:02000072:rsa routines:rsa_ossl_public_decrypt:padding check failed:../crypto/rsa/rsa_ossl.c:697:
4077239426700000:error:1C880004:Provider routines:rsa_verify:RSA lib:../providers/implementations/signature/rsa_sig.c:774:
40177C70B5740000:error:0200008A:rsa routines:RSA_padding_check_PKCS1_type_1:invalid padding:../crypto/rsa/rsa_pk1.c:79:
40177C70B5740000:error:02000072:rsa routines:rsa_ossl_public_decrypt:padding check failed:../crypto/rsa/rsa_ossl.c:697:
40177C70B5740000:error:1C880004:Provider routines:rsa_verify:RSA lib:../providers/implementations/signature/rsa_sig.c:774:
4087E95653740000:error:0200008A:rsa routines:RSA_padding_check_PKCS1_type_1:invalid padding:../crypto/rsa/rsa_pk1.c:79:
4087E95653740000:error:02000072:rsa routines:rsa_ossl_public_decrypt:padding check failed:../crypto/rsa/rsa_ossl.c:697:
4087E95653740000:error:1C880004:Provider routines:rsa_verify:RSA lib:../providers/implementations/signature/rsa_sig.c:774:
40E748118C7C0000:error:0200008A:rsa routines:RSA_padding_check_PKCS1_type_1:invalid padding:../crypto/rsa/rsa_pk1.c:79:
40E748118C7C0000:error:02000072:rsa routines:rsa_ossl_public_decrypt:padding check failed:../crypto/rsa/rsa_ossl.c:697:
40E748118C7C0000:error:1C880004:Provider routines:rsa_verify:RSA lib:../providers/implementations/signature/rsa_sig.c:774:
4057D9DC037F0000:error:0200008A:rsa routines:RSA_padding_check_PKCS1_type_1:invalid padding:../crypto/rsa/rsa_pk1.c:79:
4057D9DC037F0000:error:02000072:rsa routines:rsa_ossl_public_decrypt:padding check failed:../crypto/rsa/rsa_ossl.c:697:
4057D9DC037F0000:error:1C880004:Provider routines:rsa_verify:RSA lib:../providers/implementations/signature/rsa_sig.c:774:
40E7E7A177790000:error:0200008A:rsa routines:RSA_padding_check_PKCS1_type_1:invalid padding:../crypto/rsa/rsa_pk1.c:79:
40E7E7A177790000:error:02000072:rsa routines:rsa_ossl_public_decrypt:padding check failed:../crypto/rsa/rsa_ossl.c:697:
40E7E7A177790000:error:1C880004:Provider routines:rsa_verify:RSA lib:../providers/implementations/signature/rsa_sig.c:774:
4027E4AEBC750000:error:0200008A:rsa routines:RSA_padding_check_PKCS1_type_1:invalid padding:../crypto/rsa/rsa_pk1.c:79:
4027E4AEBC750000:error:02000072:rsa routines:rsa_ossl_public_decrypt:padding check failed:../crypto/rsa/rsa_ossl.c:697:
4027E4AEBC750000:error:1C880004:Provider routines:rsa_verify:RSA lib:../providers/implementations/signature/rsa_sig.c:774:
40E764825E700000:error:0200008A:rsa routines:RSA_padding_check_PKCS1_type_1:invalid padding:../crypto/rsa/rsa_pk1.c:79:
40E764825E700000:error:02000072:rsa routines:rsa_ossl_public_decrypt:padding check failed:../crypto/rsa/rsa_ossl.c:697:
40E764825E700000:error:1C880004:Provider routines:rsa_verify:RSA lib:../providers/implementations/signature/rsa_sig.c:774:
408773FF297A0000:error:0200008A:rsa routines:RSA_padding_check_PKCS1_type_1:invalid padding:../crypto/rsa/rsa_pk1.c:79:
408773FF297A0000:error:02000072:rsa routines:rsa_ossl_public_decrypt:padding check failed:../crypto/rsa/rsa_ossl.c:697:
408773FF297A0000:error:1C880004:Provider routines:rsa_verify:RSA lib:../providers/implementations/signature/rsa_sig.c:774:
404713F2BA710000:error:0200008A:rsa routines:RSA_padding_check_PKCS1_type_1:invalid padding:../crypto/rsa/rsa_pk1.c:79:
404713F2BA710000:error:02000072:rsa routines:rsa_ossl_public_decrypt:padding check failed:../crypto/rsa/rsa_ossl.c:697:
404713F2BA710000:error:1C880004:Provider routines:rsa_verify:RSA lib:../providers/implementations/signature/rsa_sig.c:774:
4007E9D02F770000:error:0200008A:rsa routines:RSA_padding_check_PKCS1_type_1:invalid padding:../crypto/rsa/rsa_pk1.c:79:
4007E9D02F770000:error:02000072:rsa routines:rsa_ossl_public_decrypt:padding check failed:../crypto/rsa/rsa_ossl.c:697:
4007E9D02F770000:error:1C880004:Provider routines:rsa_verify:RSA lib:../providers/implementations/signature/rsa_sig.c:774:
40B79430F77D0000:error:0200008A:rsa routines:RSA_padding_check_PKCS1_type_1:invalid padding:../crypto/rsa/rsa_pk1.c:79:
40B79430F77D0000:error:02000072:rsa routines:rsa_ossl_public_decrypt:padding check failed:../crypto/rsa/rsa_ossl.c:697:
40B79430F77D0000:error:1C880004:Provider routines:rsa_verify:RSA lib:../providers/implementations/signature/rsa_sig.c:774:
4077399DD7750000:error:0200008A:rsa routines:RSA_padding_check_PKCS1_type_1:invalid padding:../crypto/rsa/rsa_pk1.c:79:
4077399DD7750000:error:02000072:rsa routines:rsa_ossl_public_decrypt:padding check failed:../crypto/rsa/rsa_ossl.c:697:
4077399DD7750000:error:1C880004:Provider routines:rsa_verify:RSA lib:../providers/implementations/signature/rsa_sig.c:774:
4047E17A37770000:error:0200008A:rsa routines:RSA_padding_check_PKCS1_type_1:invalid padding:../crypto/rsa/rsa_pk1.c:79:
4047E17A37770000:error:02000072:rsa routines:rsa_ossl_public_decrypt:padding check failed:../crypto/rsa/rsa_ossl.c:697:
4047E17A37770000:error:1C880004:Provider routines:rsa_verify:RSA lib:../providers/implementations/signature/rsa_sig.c:774:
401712CAB1720000:error:0200008A:rsa routines:RSA_padding_check_PKCS1_type_1:invalid padding:../crypto/rsa/rsa_pk1.c:79:
401712CAB1720000:error:02000072:rsa routines:rsa_ossl_public_decrypt:padding check failed:../crypto/rsa/rsa_ossl.c:697:
401712CAB1720000:error:1C880004:Provider routines:rsa_verify:RSA lib:../providers/implementations/signature/rsa_sig.c:774:
40874E2E507E0000:error:0200008A:rsa routines:RSA_padding_check_PKCS1_type_1:invalid padding:../crypto/rsa/rsa_pk1.c:79:
40874E2E507E0000:error:02000072:rsa routines:rsa_ossl_public_decrypt:padding check failed:../crypto/rsa/rsa_ossl.c:697:
40874E2E507E0000:error:1C880004:Provider routines:rsa_verify:RSA lib:../providers/implementations/signature/rsa_sig.c:774:
40570D3FA07C0000:error:0200008A:rsa routines:RSA_padding_check_PKCS1_type_1:invalid padding:../crypto/rsa/rsa_pk1.c:79:
40570D3FA07C0000:error:02000072:rsa routines:rsa_ossl_public_decrypt:padding check failed:../crypto/rsa/rsa_ossl.c:697:
40570D3FA07C0000:error:1C880004:Provider routines:rsa_verify:RSA lib:../providers/implementations/signature/rsa_sig.c:774:
40278E5BFE7D0000:error:0200008A:rsa routines:RSA_padding_check_PKCS1_type_1:invalid padding:../crypto/rsa/rsa_pk1.c:79:
40278E5BFE7D0000:error:02000072:rsa routines:rsa_ossl_public_decrypt:padding check failed:../crypto/rsa/rsa_ossl.c:697:
40278E5BFE7D0000:error:1C880004:Provider routines:rsa_verify:RSA lib:../providers/implementations/signature/rsa_sig.c:774:
4097F8D362750000:error:0200008A:rsa routines:RSA_padding_check_PKCS1_type_1:invalid padding:../crypto/rsa/rsa_pk1.c:79:
4097F8D362750000:error:02000072:rsa routines:rsa_ossl_public_decrypt:padding check failed:../crypto/rsa/rsa_ossl.c:697:
4097F8D362750000:error:1C880004:Provider routines:rsa_verify:RSA lib:../providers/implementations/signature/rsa_sig.c:774:
40D727B2B3740000:error:0200008A:rsa routines:RSA_padding_check_PKCS1_type_1:invalid padding:../crypto/rsa/rsa_pk1.c:79:
40D727B2B3740000:error:02000072:rsa routines:rsa_ossl_public_decrypt:padding check failed:../crypto/rsa/rsa_ossl.c:697:
40D727B2B3740000:error:1C880004:Provider routines:rsa_verify:RSA lib:../providers/implementations/signature/rsa_sig.c:774:
40679A95DF7B0000:error:0200008A:rsa routines:RSA_padding_check_PKCS1_type_1:invalid padding:../crypto/rsa/rsa_pk1.c:79:
40679A95DF7B0000:error:02000072:rsa routines:rsa_ossl_public_decrypt:padding check failed:../crypto/rsa/rsa_ossl.c:697:
40679A95DF7B0000:error:1C880004:Provider routines:rsa_verify:RSA lib:../providers/implementations/signature/rsa_sig.c:774:
40F7279A257A0000:error:0200008A:rsa routines:RSA_padding_check_PKCS1_type_1:invalid padding:../crypto/rsa/rsa_pk1.c:79:
40F7279A257A0000:error:02000072:rsa routines:rsa_ossl_public_decrypt:padding check failed:../crypto/rsa/rsa_ossl.c:697:
40F7279A257A0000:error:1C880004:Provider routines:rsa_verify:RSA lib:../providers/implementations/signature/rsa_sig.c:774:
403701485A7E0000:error:0200008A:rsa routines:RSA_padding_check_PKCS1_type_1:invalid padding:../crypto/rsa/rsa_pk1.c:79:
403701485A7E0000:error:02000072:rsa routines:rsa_ossl_public_decrypt:padding check failed:../crypto/rsa/rsa_ossl.c:697:
403701485A7E0000:error:1C880004:Provider routines:rsa_verify:RSA lib:../providers/implementations/signature/rsa_sig.c:774:
402766D2AF7D0000:error:0200008A:rsa routines:RSA_padding_check_PKCS1_type_1:invalid padding:../crypto/rsa/rsa_pk1.c:79:
402766D2AF7D0000:error:02000072:rsa routines:rsa_ossl_public_decrypt:padding check failed:../crypto/rsa/rsa_ossl.c:697:
402766D2AF7D0000:error:1C880004:Provider routines:rsa_verify:RSA lib:../providers/implementations/signature/rsa_sig.c:774:
40F730FFC97A0000:error:0200008A:rsa routines:RSA_padding_check_PKCS1_type_1:invalid padding:../crypto/rsa/rsa_pk1.c:79:
40F730FFC97A0000:error:02000072:rsa routines:rsa_ossl_public_decrypt:padding check failed:../crypto/rsa/rsa_ossl.c:697:
40F730FFC97A0000:error:1C880004:Provider routines:rsa_verify:RSA lib:../providers/implementations/signature/rsa_sig.c:774:
4027B4408F730000:error:0200008A:rsa routines:RSA_padding_check_PKCS1_type_1:invalid padding:../crypto/rsa/rsa_pk1.c:79:
4027B4408F730000:error:02000072:rsa routines:rsa_ossl_public_decrypt:padding check failed:../crypto/rsa/rsa_ossl.c:697:
4027B4408F730000:error:1C880004:Provider routines:rsa_verify:RSA lib:../providers/implementations/signature/rsa_sig.c:774:
40D723F828780000:error:0200008A:rsa routines:RSA_padding_check_PKCS1_type_1:invalid padding:../crypto/rsa/rsa_pk1.c:79:
40D723F828780000:error:02000072:rsa routines:rsa_ossl_public_decrypt:padding check failed:../crypto/rsa/rsa_ossl.c:697:
40D723F828780000:error:1C880004:Provider routines:rsa_verify:RSA lib:../providers/implementations/signature/rsa_sig.c:774:
409779AB087F0000:error:0200008A:rsa routines:RSA_padding_check_PKCS1_type_1:invalid padding:../crypto/rsa/rsa_pk1.c:79:
409779AB087F0000:error:02000072:rsa routines:rsa_ossl_public_decrypt:padding check failed:../crypto/rsa/rsa_ossl.c:697:
409779AB087F0000:error:1C880004:Provider routines:rsa_verify:RSA lib:../providers/implementations/signature/rsa_sig.c:774:
406787CA5A7A0000:error:0200008A:rsa routines:RSA_padding_check_PKCS1_type_1:invalid padding:../crypto/rsa/rsa_pk1.c:79:
406787CA5A7A0000:error:02000072:rsa routines:rsa_ossl_public_decrypt:padding check failed:../crypto/rsa/rsa_ossl.c:697:
406787CA5A7A0000:error:1C880004:Provider routines:rsa_verify:RSA lib:../providers/implementations/signature/rsa_sig.c:774:
4087285DB2730000:error:0200008A:rsa routines:RSA_padding_check_PKCS1_type_1:invalid padding:../crypto/rsa/rsa_pk1.c:79:
4087285DB2730000:error:02000072:rsa routines:rsa_ossl_public_decrypt:padding check failed:../crypto/rsa/rsa_ossl.c:697:
4087285DB2730000:error:1C880004:Provider routines:rsa_verify:RSA lib:../providers/implementations/signature/rsa_sig.c:774:
406764BBCF7E0000:error:0200008A:rsa routines:RSA_padding_check_PKCS1_type_1:invalid padding:../crypto/rsa/rsa_pk1.c:79:
406764BBCF7E0000:error:02000072:rsa routines:rsa_ossl_public_decrypt:padding check failed:../crypto/rsa/rsa_ossl.c:697:
406764BBCF7E0000:error:1C880004:Provider routines:rsa_verify:RSA lib:../providers/implementations/signature/rsa_sig.c:774:
40A747DCFF780000:error:0200008A:rsa routines:RSA_padding_check_PKCS1_type_1:invalid padding:../crypto/rsa/rsa_pk1.c:79:
40A747DCFF780000:error:02000072:rsa routines:rsa_ossl_public_decrypt:padding check failed:../crypto/rsa/rsa_ossl.c:697:
40A747DCFF780000:error:1C880004:Provider routines:rsa_verify:RSA lib:../providers/implementations/signature/rsa_sig.c:774:
40771F543B7A0000:error:0200008A:rsa routines:RSA_padding_check_PKCS1_type_1:invalid padding:../crypto/rsa/rsa_pk1.c:79:
40771F543B7A0000:error:02000072:rsa routines:rsa_ossl_public_decrypt:padding check failed:../crypto/rsa/rsa_ossl.c:697:
40771F543B7A0000:error:1C880004:Provider routines:rsa_verify:RSA lib:../providers/implementations/signature/rsa_sig.c:774:
40E738D9A1730000:error:0200008A:rsa routines:RSA_padding_check_PKCS1_type_1:invalid padding:../crypto/rsa/rsa_pk1.c:79:
40E738D9A1730000:error:02000072:rsa routines:rsa_ossl_public_decrypt:padding check failed:../crypto/rsa/rsa_ossl.c:697:
40E738D9A1730000:error:1C880004:Provider routines:rsa_verify:RSA lib:../providers/implementations/signature/rsa_sig.c:774:
40B7EB477D730000:error:0200008A:rsa routines:RSA_padding_check_PKCS1_type_1:invalid padding:../crypto/rsa/rsa_pk1.c:79:
40B7EB477D730000:error:02000072:rsa routines:rsa_ossl_public_decrypt:padding check failed:../crypto/rsa/rsa_ossl.c:697:
40B7EB477D730000:error:1C880004:Provider routines:rsa_verify:RSA lib:../providers/implementations/signature/rsa_sig.c:774:
409742F490730000:error:0200008A:rsa routines:RSA_padding_check_PKCS1_type_1:invalid padding:../crypto/rsa/rsa_pk1.c:79:
409742F490730000:error:02000072:rsa routines:rsa_ossl_public_decrypt:padding check failed:../crypto/rsa/rsa_ossl.c:697:
409742F490730000:error:1C880004:Provider routines:rsa_verify:RSA lib:../providers/implementations/signature/rsa_sig.c:774:
40675D19D4770000:error:0200008A:rsa routines:RSA_padding_check_PKCS1_type_1:invalid padding:../crypto/rsa/rsa_pk1.c:79:
40675D19D4770000:error:02000072:rsa routines:rsa_ossl_public_decrypt:padding check failed:../crypto/rsa/rsa_ossl.c:697:
40675D19D4770000:error:1C880004:Provider routines:rsa_verify:RSA lib:../providers/implementations/signature/rsa_sig.c:774:
40C7F10656700000:error:0200008A:rsa routines:RSA_padding_check_PKCS1_type_1:invalid padding:../crypto/rsa/rsa_pk1.c:79:
40C7F10656700000:error:02000072:rsa routines:rsa_ossl_public_decrypt:padding check failed:../crypto/rsa/rsa_ossl.c:697:
40C7F10656700000:error:1C880004:Provider routines:rsa_verify:RSA lib:../providers/implementations/signature/rsa_sig.c:774:
4047916FD8730000:error:0200008A:rsa routines:RSA_padding_check_PKCS1_type_1:invalid padding:../crypto/rsa/rsa_pk1.c:79:
4047916FD8730000:error:02000072:rsa routines:rsa_ossl_public_decrypt:padding check failed:../crypto/rsa/rsa_ossl.c:697:
4047916FD8730000:error:1C880004:Provider routines:rsa_verify:RSA lib:../providers/implementations/signature/rsa_sig.c:774:
40C785BEF0790000:error:0200008A:rsa routines:RSA_padding_check_PKCS1_type_1:invalid padding:../crypto/rsa/rsa_pk1.c:79:
40C785BEF0790000:error:02000072:rsa routines:rsa_ossl_public_decrypt:padding check failed:../crypto/rsa/rsa_ossl.c:697:
40C785BEF0790000:error:1C880004:Provider routines:rsa_verify:RSA lib:../providers/implementations/signature/rsa_sig.c:774:
40972D53F6730000:error:0200008A:rsa routines:RSA_padding_check_PKCS1_type_1:invalid padding:../crypto/rsa/rsa_pk1.c:79:
40972D53F6730000:error:02000072:rsa routines:rsa_ossl_public_decrypt:padding check failed:../crypto/rsa/rsa_ossl.c:697:
40972D53F6730000:error:1C880004:Provider routines:rsa_verify:RSA lib:../providers/implementations/signature/rsa_sig.c:774:
40B70AD75E760000:error:0200008A:rsa routines:RSA_padding_check_PKCS1_type_1:invalid padding:../crypto/rsa/rsa_pk1.c:79:
40B70AD75E760000:error:02000072:rsa routines:rsa_ossl_public_decrypt:padding check failed:../crypto/rsa/rsa_ossl.c:697:
40B70AD75E760000:error:1C880004:Provider routines:rsa_verify:RSA lib:../providers/implementations/signature/rsa_sig.c:774:
408759BBE5760000:error:0200008A:rsa routines:RSA_padding_check_PKCS1_type_1:invalid padding:../crypto/rsa/rsa_pk1.c:79:
408759BBE5760000:error:02000072:rsa routines:rsa_ossl_public_decrypt:padding check failed:../crypto/rsa/rsa_ossl.c:697:
408759BBE5760000:error:1C880004:Provider routines:rsa_verify:RSA lib:../providers/implementations/signature/rsa_sig.c:774:
40972B04F2740000:error:0200008A:rsa routines:RSA_padding_check_PKCS1_type_1:invalid padding:../crypto/rsa/rsa_pk1.c:79:
40972B04F2740000:error:02000072:rsa routines:rsa_ossl_public_decrypt:padding check failed:../crypto/rsa/rsa_ossl.c:697:
40972B04F2740000:error:1C880004:Provider routines:rsa_verify:RSA lib:../providers/implementations/signature/rsa_sig.c:774:
4087310BC57E0000:error:0200008A:rsa routines:RSA_padding_check_PKCS1_type_1:invalid padding:../crypto/rsa/rsa_pk1.c:79:
4087310BC57E0000:error:02000072:rsa routines:rsa_ossl_public_decrypt:padding check failed:../crypto/rsa/rsa_ossl.c:697:
4087310BC57E0000:error:1C880004:Provider routines:rsa_verify:RSA lib:../providers/implementations/signature/rsa_sig.c:774:
4037768560720000:error:0200008A:rsa routines:RSA_padding_check_PKCS1_type_1:invalid padding:../crypto/rsa/rsa_pk1.c:79:
4037768560720000:error:02000072:rsa routines:rsa_ossl_public_decrypt:padding check failed:../crypto/rsa/rsa_ossl.c:697:
4037768560720000:error:1C880004:Provider routines:rsa_verify:RSA lib:../providers/implementations/signature/rsa_sig.c:774:
40370A6631760000:error:0200008A:rsa routines:RSA_padding_check_PKCS1_type_1:invalid padding:../crypto/rsa/rsa_pk1.c:79:
40370A6631760000:error:02000072:rsa routines:rsa_ossl_public_decrypt:padding check failed:../crypto/rsa/rsa_ossl.c:697:
40370A6631760000:error:1C880004:Provider routines:rsa_verify:RSA lib:../providers/implementations/signature/rsa_sig.c:774:
40E7118F0F7E0000:error:0200008A:rsa routines:RSA_padding_check_PKCS1_type_1:invalid padding:../crypto/rsa/rsa_pk1.c:79:
40E7118F0F7E0000:error:02000072:rsa routines:rsa_ossl_public_decrypt:padding check failed:../crypto/rsa/rsa_ossl.c:697:
40E7118F0F7E0000:error:1C880004:Provider routines:rsa_verify:RSA lib:../providers/implementations/signature/rsa_sig.c:774:
4037CBEB86710000:error:0200008A:rsa routines:RSA_padding_check_PKCS1_type_1:invalid padding:../crypto/rsa/rsa_pk1.c:79:
4037CBEB86710000:error:02000072:rsa routines:rsa_ossl_public_decrypt:padding check failed:../crypto/rsa/rsa_ossl.c:697:
4037CBEB86710000:error:1C880004:Provider routines:rsa_verify:RSA lib:../providers/implementations/signature/rsa_sig.c:774:
40E79E2293730000:error:0200008A:rsa routines:RSA_padding_check_PKCS1_type_1:invalid padding:../crypto/rsa/rsa_pk1.c:79:
40E79E2293730000:error:02000072:rsa routines:rsa_ossl_public_decrypt:padding check failed:../crypto/rsa/rsa_ossl.c:697:
40E79E2293730000:error:1C880004:Provider routines:rsa_verify:RSA lib:../providers/implementations/signature/rsa_sig.c:774:
40270B6A6A770000:error:0200008A:rsa routines:RSA_padding_check_PKCS1_type_1:invalid padding:../crypto/rsa/rsa_pk1.c:79:
40270B6A6A770000:error:02000072:rsa routines:rsa_ossl_public_decrypt:padding check failed:../crypto/rsa/rsa_ossl.c:697:
40270B6A6A770000:error:1C880004:Provider routines:rsa_verify:RSA lib:../providers/implementations/signature/rsa_sig.c:774:
40A79B7ECD7F0000:error:0200008A:rsa routines:RSA_padding_check_PKCS1_type_1:invalid padding:../crypto/rsa/rsa_pk1.c:79:
40A79B7ECD7F0000:error:02000072:rsa routines:rsa_ossl_public_decrypt:padding check failed:../crypto/rsa/rsa_ossl.c:697:
40A79B7ECD7F0000:error:1C880004:Provider routines:rsa_verify:RSA lib:../providers/implementations/signature/rsa_sig.c:774:
40C7135323740000:error:0200008A:rsa routines:RSA_padding_check_PKCS1_type_1:invalid padding:../crypto/rsa/rsa_pk1.c:79:
40C7135323740000:error:02000072:rsa routines:rsa_ossl_public_decrypt:padding check failed:../crypto/rsa/rsa_ossl.c:697:
40C7135323740000:error:1C880004:Provider routines:rsa_verify:RSA lib:../providers/implementations/signature/rsa_sig.c:774:
40C72927457B0000:error:0200008A:rsa routines:RSA_padding_check_PKCS1_type_1:invalid padding:../crypto/rsa/rsa_pk1.c:79:
40C72927457B0000:error:02000072:rsa routines:rsa_ossl_public_decrypt:padding check failed:../crypto/rsa/rsa_ossl.c:697:
40C72927457B0000:error:1C880004:Provider routines:rsa_verify:RSA lib:../providers/implementations/signature/rsa_sig.c:774:
40D779DE75700000:error:0200008A:rsa routines:RSA_padding_check_PKCS1_type_1:invalid padding:../crypto/rsa/rsa_pk1.c:79:
40D779DE75700000:error:02000072:rsa routines:rsa_ossl_public_decrypt:padding check failed:../crypto/rsa/rsa_ossl.c:697:
40D779DE75700000:error:1C880004:Provider routines:rsa_verify:RSA lib:../providers/implementations/signature/rsa_sig.c:774:
40D7F4CDDD720000:error:0200008A:rsa routines:RSA_padding_check_PKCS1_type_1:invalid padding:../crypto/rsa/rsa_pk1.c:79:
40D7F4CDDD720000:error:02000072:rsa routines:rsa_ossl_public_decrypt:padding check failed:../crypto/rsa/rsa_ossl.c:697:
40D7F4CDDD720000:error:1C880004:Provider routines:rsa_verify:RSA lib:../providers/implementations/signature/rsa_sig.c:774:
40A7B3A03F700000:error:0200008A:rsa routines:RSA_padding_check_PKCS1_type_1:invalid padding:../crypto/rsa/rsa_pk1.c:79:
40A7B3A03F700000:error:02000072:rsa routines:rsa_ossl_public_decrypt:padding check failed:../crypto/rsa/rsa_ossl.c:697:
40A7B3A03F700000:error:1C880004:Provider routines:rsa_verify:RSA lib:../providers/implementations/signature/rsa_sig.c:774:
4057F123247E0000:error:0200008A:rsa routines:RSA_padding_check_PKCS1_type_1:invalid padding:../crypto/rsa/rsa_pk1.c:79:
4057F123247E0000:error:02000072:rsa routines:rsa_ossl_public_decrypt:padding check failed:../crypto/rsa/rsa_ossl.c:697:
4057F123247E0000:error:1C880004:Provider routines:rsa_verify:RSA lib:../providers/implementations/signature/rsa_sig.c:774:
40174BF058700000:error:0200008A:rsa routines:RSA_padding_check_PKCS1_type_1:invalid padding:../crypto/rsa/rsa_pk1.c:79:
40174BF058700000:error:02000072:rsa routines:rsa_ossl_public_decrypt:padding check failed:../crypto/rsa/rsa_ossl.c:697:
40174BF058700000:error:1C880004:Provider routines:rsa_verify:RSA lib:../providers/implementations/signature/rsa_sig.c:774:
40B783E3557C0000:error:0200008A:rsa routines:RSA_padding_check_PKCS1_type_1:invalid padding:../crypto/rsa/rsa_pk1.c:79:
40B783E3557C0000:error:02000072:rsa routines:rsa_ossl_public_decrypt:padding check failed:../crypto/rsa/rsa_ossl.c:697:
40B783E3557C0000:error:1C880004:Provider routines:rsa_verify:RSA lib:../providers/implementations/signature/rsa_sig.c:774:
40370CD1567A0000:error:0200008A:rsa routines:RSA_padding_check_PKCS1_type_1:invalid padding:../crypto/rsa/rsa_pk1.c:79:
40370CD1567A0000:error:02000072:rsa routines:rsa_ossl_public_decrypt:padding check failed:../crypto/rsa/rsa_ossl.c:697:
40370CD1567A0000:error:1C880004:Provider routines:rsa_verify:RSA lib:../providers/implementations/signature/rsa_sig.c:774:
40B73DAEDD790000:error:0200008A:rsa routines:RSA_padding_check_PKCS1_type_1:invalid padding:../crypto/rsa/rsa_pk1.c:79:
40B73DAEDD790000:error:02000072:rsa routines:rsa_ossl_public_decrypt:padding check failed:../crypto/rsa/rsa_ossl.c:697:
40B73DAEDD790000:error:1C880004:Provider routines:rsa_verify:RSA lib:../providers/implementations/signature/rsa_sig.c:774:
40478C118C740000:error:0200008A:rsa routines:RSA_padding_check_PKCS1_type_1:invalid padding:../crypto/rsa/rsa_pk1.c:79:
40478C118C740000:error:02000072:rsa routines:rsa_ossl_public_decrypt:padding check failed:../crypto/rsa/rsa_ossl.c:697:
40478C118C740000:error:1C880004:Provider routines:rsa_verify:RSA lib:../providers/implementations/signature/rsa_sig.c:774:
4017E83C057D0000:error:0200008A:rsa routines:RSA_padding_check_PKCS1_type_1:invalid padding:../crypto/rsa/rsa_pk1.c:79:
4017E83C057D0000:error:02000072:rsa routines:rsa_ossl_public_decrypt:padding check failed:../crypto/rsa/rsa_ossl.c:697:
4017E83C057D0000:error:1C880004:Provider routines:rsa_verify:RSA lib:../providers/implementations/signature/rsa_sig.c:774:
4087A4F14A710000:error:0200008A:rsa routines:RSA_padding_check_PKCS1_type_1:invalid padding:../crypto/rsa/rsa_pk1.c:79:
4087A4F14A710000:error:02000072:rsa routines:rsa_ossl_public_decrypt:padding check failed:../crypto/rsa/rsa_ossl.c:697:
4087A4F14A710000:error:1C880004:Provider routines:rsa_verify:RSA lib:../providers/implementations/signature/rsa_sig.c:774:
4037A49BA6780000:error:0200008A:rsa routines:RSA_padding_check_PKCS1_type_1:invalid padding:../crypto/rsa/rsa_pk1.c:79:
4037A49BA6780000:error:02000072:rsa routines:rsa_ossl_public_decrypt:padding check failed:../crypto/rsa/rsa_ossl.c:697:
4037A49BA6780000:error:1C880004:Provider routines:rsa_verify:RSA lib:../providers/implementations/signature/rsa_sig.c:774:
40676066A07D0000:error:0200008A:rsa routines:RSA_padding_check_PKCS1_type_1:invalid padding:../crypto/rsa/rsa_pk1.c:79:
40676066A07D0000:error:02000072:rsa routines:rsa_ossl_public_decrypt:padding check failed:../crypto/rsa/rsa_ossl.c:697:
40676066A07D0000:error:1C880004:Provider routines:rsa_verify:RSA lib:../providers/implementations/signature/rsa_sig.c:774:
4077C10E417A0000:error:0200008A:rsa routines:RSA_padding_check_PKCS1_type_1:invalid padding:../crypto/rsa/rsa_pk1.c:79:
4077C10E417A0000:error:02000072:rsa routines:rsa_ossl_public_decrypt:padding check failed:../crypto/rsa/rsa_ossl.c:697:
4077C10E417A0000:error:1C880004:Provider routines:rsa_verify:RSA lib:../providers/implementations/signature/rsa_sig.c:774:
4097600454770000:error:0200008A:rsa routines:RSA_padding_check_PKCS1_type_1:invalid padding:../crypto/rsa/rsa_pk1.c:79:
4097600454770000:error:02000072:rsa routines:rsa_ossl_public_decrypt:padding check failed:../crypto/rsa/rsa_ossl.c:697:
4097600454770000:error:1C880004:Provider routines:rsa_verify:RSA lib:../providers/implementations/signature/rsa_sig.c:774:
4037E5DADC710000:error:0200008A:rsa routines:RSA_padding_check_PKCS1_type_1:invalid padding:../crypto/rsa/rsa_pk1.c:79:
4037E5DADC710000:error:02000072:rsa routines:rsa_ossl_public_decrypt:padding check failed:../crypto/rsa/rsa_ossl.c:697:
4037E5DADC710000:error:1C880004:Provider routines:rsa_verify:RSA lib:../providers/implementations/signature/rsa_sig.c:774:
40377D2E65750000:error:0200008A:rsa routines:RSA_padding_check_PKCS1_type_1:invalid padding:../crypto/rsa/rsa_pk1.c:79:
40377D2E65750000:error:02000072:rsa routines:rsa_ossl_public_decrypt:padding check failed:../crypto/rsa/rsa_ossl.c:697:
40377D2E65750000:error:1C880004:Provider routines:rsa_verify:RSA lib:../providers/implementations/signature/rsa_sig.c:774:
40D7FF6FA0710000:error:0200008A:rsa routines:RSA_padding_check_PKCS1_type_1:invalid padding:../crypto/rsa/rsa_pk1.c:79:
40D7FF6FA0710000:error:02000072:rsa routines:rsa_ossl_public_decrypt:padding check failed:../crypto/rsa/rsa_ossl.c:697:
40D7FF6FA0710000:error:1C880004:Provider routines:rsa_verify:RSA lib:../providers/implementations/signature/rsa_sig.c:774:
40771BE83B770000:error:0200008A:rsa routines:RSA_padding_check_PKCS1_type_1:invalid padding:../crypto/rsa/rsa_pk1.c:79:
40771BE83B770000:error:02000072:rsa routines:rsa_ossl_public_decrypt:padding check failed:../crypto/rsa/rsa_ossl.c:697:
40771BE83B770000:error:1C880004:Provider routines:rsa_verify:RSA lib:../providers/implementations/signature/rsa_sig.c:774:
409714C83A7A0000:error:0200008A:rsa routines:RSA_padding_check_PKCS1_type_1:invalid padding:../crypto/rsa/rsa_pk1.c:79:
409714C83A7A0000:error:02000072:rsa routines:rsa_ossl_public_decrypt:padding check failed:../crypto/rsa/rsa_ossl.c:697:
409714C83A7A0000:error:1C880004:Provider routines:rsa_verify:RSA lib:../providers/implementations/signature/rsa_sig.c:774:
40870ABA767E0000:error:0200008A:rsa routines:RSA_padding_check_PKCS1_type_1:invalid padding:../crypto/rsa/rsa_pk1.c:79:
40870ABA767E0000:error:02000072:rsa routines:rsa_ossl_public_decrypt:padding check failed:../crypto/rsa/rsa_ossl.c:697:
40870ABA767E0000:error:1C880004:Provider routines:rsa_verify:RSA lib:../providers/implementations/signature/rsa_sig.c:774:
40D779106A780000:error:0200008A:rsa routines:RSA_padding_check_PKCS1_type_1:invalid padding:../crypto/rsa/rsa_pk1.c:79:
40D779106A780000:error:02000072:rsa routines:rsa_ossl_public_decrypt:padding check failed:../crypto/rsa/rsa_ossl.c:697:
40D779106A780000:error:1C880004:Provider routines:rsa_verify:RSA lib:../providers/implementations/signature/rsa_sig.c:774:
4037574E5C7B0000:error:0200008A:rsa routines:RSA_padding_check_PKCS1_type_1:invalid padding:../crypto/rsa/rsa_pk1.c:79:
4037574E5C7B0000:error:02000072:rsa routines:rsa_ossl_public_decrypt:padding check failed:../crypto/rsa/rsa_ossl.c:697:
4037574E5C7B0000:error:1C880004:Provider routines:rsa_verify:RSA lib:../providers/implementations/signature/rsa_sig.c:774:
4047C895E57F0000:error:0200008A:rsa routines:RSA_padding_check_PKCS1_type_1:invalid padding:../crypto/rsa/rsa_pk1.c:79:
4047C895E57F0000:error:02000072:rsa routines:rsa_ossl_public_decrypt:padding check failed:../crypto/rsa/rsa_ossl.c:697:
4047C895E57F0000:error:1C880004:Provider routines:rsa_verify:RSA lib:../providers/implementations/signature/rsa_sig.c:774:
4017C9C05C7A0000:error:0200008A:rsa routines:RSA_padding_check_PKCS1_type_1:invalid padding:../crypto/rsa/rsa_pk1.c:79:
4017C9C05C7A0000:error:02000072:rsa routines:rsa_ossl_public_decrypt:padding check failed:../crypto/rsa/rsa_ossl.c:697:
4017C9C05C7A0000:error:1C880004:Provider routines:rsa_verify:RSA lib:../providers/implementations/signature/rsa_sig.c:774:
4087C034AE7B0000:error:0200008A:rsa routines:RSA_padding_check_PKCS1_type_1:invalid padding:../crypto/rsa/rsa_pk1.c:79:
4087C034AE7B0000:error:02000072:rsa routines:rsa_ossl_public_decrypt:padding check failed:../crypto/rsa/rsa_ossl.c:697:
4087C034AE7B0000:error:1C880004:Provider routines:rsa_verify:RSA lib:../providers/implementations/signature/rsa_sig.c:774:
40B732761D760000:error:0200008A:rsa routines:RSA_padding_check_PKCS1_type_1:invalid padding:../crypto/rsa/rsa_pk1.c:79:
40B732761D760000:error:02000072:rsa routines:rsa_ossl_public_decrypt:padding check failed:../crypto/rsa/rsa_ossl.c:697:
40B732761D760000:error:1C880004:Provider routines:rsa_verify:RSA lib:../providers/implementations/signature/rsa_sig.c:774:
40A7F625F7760000:error:0200008A:rsa routines:RSA_padding_check_PKCS1_type_1:invalid padding:../crypto/rsa/rsa_pk1.c:79:
40A7F625F7760000:error:02000072:rsa routines:rsa_ossl_public_decrypt:padding check failed:../crypto/rsa/rsa_ossl.c:697:
40A7F625F7760000:error:1C880004:Provider routines:rsa_verify:RSA lib:../providers/implementations/signature/rsa_sig.c:774:
4047DA24A47A0000:error:0200008A:rsa routines:RSA_padding_check_PKCS1_type_1:invalid padding:../crypto/rsa/rsa_pk1.c:79:
4047DA24A47A0000:error:02000072:rsa routines:rsa_ossl_public_decrypt:padding check failed:../crypto/rsa/rsa_ossl.c:697:
4047DA24A47A0000:error:1C880004:Provider routines:rsa_verify:RSA lib:../providers/implementations/signature/rsa_sig.c:774:
40B7F227B7750000:error:0200008A:rsa routines:RSA_padding_check_PKCS1_type_1:invalid padding:../crypto/rsa/rsa_pk1.c:79:
40B7F227B7750000:error:02000072:rsa routines:rsa_ossl_public_decrypt:padding check failed:../crypto/rsa/rsa_ossl.c:697:
40B7F227B7750000:error:1C880004:Provider routines:rsa_verify:RSA lib:../providers/implementations/signature/rsa_sig.c:774:
4097EB8688710000:error:0200008A:rsa routines:RSA_padding_check_PKCS1_type_1:invalid padding:../crypto/rsa/rsa_pk1.c:79:
4097EB8688710000:error:02000072:rsa routines:rsa_ossl_public_decrypt:padding check failed:../crypto/rsa/rsa_ossl.c:697:
4097EB8688710000:error:1C880004:Provider routines:rsa_verify:RSA lib:../providers/implementations/signature/rsa_sig.c:774:
4007A3BBF67F0000:error:0200008A:rsa routines:RSA_padding_check_PKCS1_type_1:invalid padding:../crypto/rsa/rsa_pk1.c:79:
4007A3BBF67F0000:error:02000072:rsa routines:rsa_ossl_public_decrypt:padding check failed:../crypto/rsa/rsa_ossl.c:697:
4007A3BBF67F0000:error:1C880004:Provider routines:rsa_verify:RSA lib:../providers/implementations/signature/rsa_sig.c:774:
403775A5CA790000:error:0200008A:rsa routines:RSA_padding_check_PKCS1_type_1:invalid padding:../crypto/rsa/rsa_pk1.c:79:
403775A5CA790000:error:02000072:rsa routines:rsa_ossl_public_decrypt:padding check failed:../crypto/rsa/rsa_ossl.c:697:
403775A5CA790000:error:1C880004:Provider routines:rsa_verify:RSA lib:../providers/implementations/signature/rsa_sig.c:774:
40E7824BAE720000:error:0200008A:rsa routines:RSA_padding_check_PKCS1_type_1:invalid padding:../crypto/rsa/rsa_pk1.c:79:
40E7824BAE720000:error:02000072:rsa routines:rsa_ossl_public_decrypt:padding check failed:../crypto/rsa/rsa_ossl.c:697:
40E7824BAE720000:error:1C880004:Provider routines:rsa_verify:RSA lib:../providers/implementations/signature/rsa_sig.c:774:
40F7C7BEB37B0000:error:0200008A:rsa routines:RSA_padding_check_PKCS1_type_1:invalid padding:../crypto/rsa/rsa_pk1.c:79:
40F7C7BEB37B0000:error:02000072:rsa routines:rsa_ossl_public_decrypt:padding check failed:../crypto/rsa/rsa_ossl.c:697:
40F7C7BEB37B0000:error:1C880004:Provider routines:rsa_verify:RSA lib:../providers/implementations/signature/rsa_sig.c:774:
40270553C1760000:error:0200008A:rsa routines:RSA_padding_check_PKCS1_type_1:invalid padding:../crypto/rsa/rsa_pk1.c:79:
40270553C1760000:error:02000072:rsa routines:rsa_ossl_public_decrypt:padding check failed:../crypto/rsa/rsa_ossl.c:697:
40270553C1760000:error:1C880004:Provider routines:rsa_verify:RSA lib:../providers/implementations/signature/rsa_sig.c:774:
4037B6F1F6790000:error:0200008A:rsa routines:RSA_padding_check_PKCS1_type_1:invalid padding:../crypto/rsa/rsa_pk1.c:79:
4037B6F1F6790000:error:02000072:rsa routines:rsa_ossl_public_decrypt:padding check failed:../crypto/rsa/rsa_ossl.c:697:
4037B6F1F6790000:error:1C880004:Provider routines:rsa_verify:RSA lib:../providers/implementations/signature/rsa_sig.c:774:
402788C98F7D0000:error:0200008A:rsa routines:RSA_padding_check_PKCS1_type_1:invalid padding:../crypto/rsa/rsa_pk1.c:79:
402788C98F7D0000:error:02000072:rsa routines:rsa_ossl_public_decrypt:padding check failed:../crypto/rsa/rsa_ossl.c:697:
402788C98F7D0000:error:1C880004:Provider routines:rsa_verify:RSA lib:../providers/implementations/signature/rsa_sig.c:774:
405722E8B47A0000:error:0200008A:rsa routines:RSA_padding_check_PKCS1_type_1:invalid padding:../crypto/rsa/rsa_pk1.c:79:
405722E8B47A0000:error:02000072:rsa routines:rsa_ossl_public_decrypt:padding check failed:../crypto/rsa/rsa_ossl.c:697:
405722E8B47A0000:error:1C880004:Provider routines:rsa_verify:RSA lib:../providers/implementations/signature/rsa_sig.c:774:
40772792C9700000:error:0200008A:rsa routines:RSA_padding_check_PKCS1_type_1:invalid padding:../crypto/rsa/rsa_pk1.c:79:
40772792C9700000:error:02000072:rsa routines:rsa_ossl_public_decrypt:padding check failed:../crypto/rsa/rsa_ossl.c:697:
40772792C9700000:error:1C880004:Provider routines:rsa_verify:RSA lib:../providers/implementations/signature/rsa_sig.c:774:
40579C354B770000:error:0200008A:rsa routines:RSA_padding_check_PKCS1_type_1:invalid padding:../crypto/rsa/rsa_pk1.c:79:
40579C354B770000:error:02000072:rsa routines:rsa_ossl_public_decrypt:padding check failed:../crypto/rsa/rsa_ossl.c:697:
40579C354B770000:error:1C880004:Provider routines:rsa_verify:RSA lib:../providers/implementations/signature/rsa_sig.c:774:
4047BF35B4730000:error:0200008A:rsa routines:RSA_padding_check_PKCS1_type_1:invalid padding:../crypto/rsa/rsa_pk1.c:79:
4047BF35B4730000:error:02000072:rsa routines:rsa_ossl_public_decrypt:padding check failed:../crypto/rsa/rsa_ossl.c:697:
4047BF35B4730000:error:1C880004:Provider routines:rsa_verify:RSA lib:../providers/implementations/signature/rsa_sig.c:774:
40D7A3638C780000:error:0200008A:rsa routines:RSA_padding_check_PKCS1_type_1:invalid padding:../crypto/rsa/rsa_pk1.c:79:
40D7A3638C780000:error:02000072:rsa routines:rsa_ossl_public_decrypt:padding check failed:../crypto/rsa/rsa_ossl.c:697:
40D7A3638C780000:error:1C880004:Provider routines:rsa_verify:RSA lib:../providers/implementations/signature/rsa_sig.c:774:
40F7A3E6DF7E0000:error:0200008A:rsa routines:RSA_padding_check_PKCS1_type_1:invalid padding:../crypto/rsa/rsa_pk1.c:79:
40F7A3E6DF7E0000:error:02000072:rsa routines:rsa_ossl_public_decrypt:padding check failed:../crypto/rsa/rsa_ossl.c:697:
40F7A3E6DF7E0000:error:1C880004:Provider routines:rsa_verify:RSA lib:../providers/implementations/signature/rsa_sig.c:774:
4087CD32B5740000:error:0200008A:rsa routines:RSA_padding_check_PKCS1_type_1:invalid padding:../crypto/rsa/rsa_pk1.c:79:
4087CD32B5740000:error:02000072:rsa routines:rsa_ossl_public_decrypt:padding check failed:../crypto/rsa/rsa_ossl.c:697:
4087CD32B5740000:error:1C880004:Provider routines:rsa_verify:RSA lib:../providers/implementations/signature/rsa_sig.c:774:
40374D2B5E780000:error:0200008A:rsa routines:RSA_padding_check_PKCS1_type_1:invalid padding:../crypto/rsa/rsa_pk1.c:79:
40374D2B5E780000:error:02000072:rsa routines:rsa_ossl_public_decrypt:padding check failed:../crypto/rsa/rsa_ossl.c:697:
40374D2B5E780000:error:1C880004:Provider routines:rsa_verify:RSA lib:../providers/implementations/signature/rsa_sig.c:774:
40F759CDD3750000:error:0200008A:rsa routines:RSA_padding_check_PKCS1_type_1:invalid padding:../crypto/rsa/rsa_pk1.c:79:
40F759CDD3750000:error:02000072:rsa routines:rsa_ossl_public_decrypt:padding check failed:../crypto/rsa/rsa_ossl.c:697:
40F759CDD3750000:error:1C880004:Provider routines:rsa_verify:RSA lib:../providers/implementations/signature/rsa_sig.c:774:
40E73669067C0000:error:0200008A:rsa routines:RSA_padding_check_PKCS1_type_1:invalid padding:../crypto/rsa/rsa_pk1.c:79:
40E73669067C0000:error:02000072:rsa routines:rsa_ossl_public_decrypt:padding check failed:../crypto/rsa/rsa_ossl.c:697:
40E73669067C0000:error:1C880004:Provider routines:rsa_verify:RSA lib:../providers/implementations/signature/rsa_sig.c:774:
40C7BE43507A0000:error:0200008A:rsa routines:RSA_padding_check_PKCS1_type_1:invalid padding:../crypto/rsa/rsa_pk1.c:79:
40C7BE43507A0000:error:02000072:rsa routines:rsa_ossl_public_decrypt:padding check failed:../crypto/rsa/rsa_ossl.c:697:
40C7BE43507A0000:error:1C880004:Provider routines:rsa_verify:RSA lib:../providers/implementations/signature/rsa_sig.c:774:
40E71A13BF760000:error:0200008A:rsa routines:RSA_padding_check_PKCS1_type_1:invalid padding:../crypto/rsa/rsa_pk1.c:79:
40E71A13BF760000:error:02000072:rsa routines:rsa_ossl_public_decrypt:padding check failed:../crypto/rsa/rsa_ossl.c:697:
40E71A13BF760000:error:1C880004:Provider routines:rsa_verify:RSA lib:../providers/implementations/signature/rsa_sig.c:774:
40672D7940750000:error:0200008A:rsa routines:RSA_padding_check_PKCS1_type_1:invalid padding:../crypto/rsa/rsa_pk1.c:79:
40672D7940750000:error:02000072:rsa routines:rsa_ossl_public_decrypt:padding check failed:../crypto/rsa/rsa_ossl.c:697:
40672D7940750000:error:1C880004:Provider routines:rsa_verify:RSA lib:../providers/implementations/signature/rsa_sig.c:774:
40F7F045057B0000:error:0200008A:rsa routines:RSA_padding_check_PKCS1_type_1:invalid padding:../crypto/rsa/rsa_pk1.c:79:
40F7F045057B0000:error:02000072:rsa routines:rsa_ossl_public_decrypt:padding check failed:../crypto/rsa/rsa_ossl.c:697:
40F7F045057B0000:error:1C880004:Provider routines:rsa_verify:RSA lib:../providers/implementations/signature/rsa_sig.c:774:
40C7C8036B740000:error:0200008A:rsa routines:RSA_padding_check_PKCS1_type_1:invalid padding:../crypto/rsa/rsa_pk1.c:79:
40C7C8036B740000:error:02000072:rsa routines:rsa_ossl_public_decrypt:padding check failed:../crypto/rsa/rsa_ossl.c:697:
40C7C8036B740000:error:1C880004:Provider routines:rsa_verify:RSA lib:../providers/implementations/signature/rsa_sig.c:774:
40C798DF6B7C0000:error:0200008A:rsa routines:RSA_padding_check_PKCS1_type_1:invalid padding:../crypto/rsa/rsa_pk1.c:79:
40C798DF6B7C0000:error:02000072:rsa routines:rsa_ossl_public_decrypt:padding check failed:../crypto/rsa/rsa_ossl.c:697:
40C798DF6B7C0000:error:1C880004:Provider routines:rsa_verify:RSA lib:../providers/implementations/signature/rsa_sig.c:774:
4017DA3F287B0000:error:0200008A:rsa routines:RSA_padding_check_PKCS1_type_1:invalid padding:../crypto/rsa/rsa_pk1.c:79:
4017DA3F287B0000:error:02000072:rsa routines:rsa_ossl_public_decrypt:padding check failed:../crypto/rsa/rsa_ossl.c:697:
4017DA3F287B0000:error:1C880004:Provider routines:rsa_verify:RSA lib:../providers/implementations/signature/rsa_sig.c:774:
40E75763B3700000:error:0200008A:rsa routines:RSA_padding_check_PKCS1_type_1:invalid padding:../crypto/rsa/rsa_pk1.c:79:
40E75763B3700000:error:02000072:rsa routines:rsa_ossl_public_decrypt:padding check failed:../crypto/rsa/rsa_ossl.c:697:
40E75763B3700000:error:1C880004:Provider routines:rsa_verify:RSA lib:../providers/implementations/signature/rsa_sig.c:774:
4097CEFDA17D0000:error:0200008A:rsa routines:RSA_padding_check_PKCS1_type_1:invalid padding:../crypto/rsa/rsa_pk1.c:79:
4097CEFDA17D0000:error:02000072:rsa routines:rsa_ossl_public_decrypt:padding check failed:../crypto/rsa/rsa_ossl.c:697:
4097CEFDA17D0000:error:1C880004:Provider routines:rsa_verify:RSA lib:../providers/implementations/signature/rsa_sig.c:774:
4027E04851700000:error:0200008A:rsa routines:RSA_padding_check_PKCS1_type_1:invalid padding:../crypto/rsa/rsa_pk1.c:79:
4027E04851700000:error:02000072:rsa routines:rsa_ossl_public_decrypt:padding check failed:../crypto/rsa/rsa_ossl.c:697:
4027E04851700000:error:1C880004:Provider routines:rsa_verify:RSA lib:../providers/implementations/signature/rsa_sig.c:774:
40A7A0603A7F0000:error:0200008A:rsa routines:RSA_padding_check_PKCS1_type_1:invalid padding:../crypto/rsa/rsa_pk1.c:79:
40A7A0603A7F0000:error:02000072:rsa routines:rsa_ossl_public_decrypt:padding check failed:../crypto/rsa/rsa_ossl.c:697:
40A7A0603A7F0000:error:1C880004:Provider routines:rsa_verify:RSA lib:../providers/implementations/signature/rsa_sig.c:774:
40C7455CB8760000:error:0200008A:rsa routines:RSA_padding_check_PKCS1_type_1:invalid padding:../crypto/rsa/rsa_pk1.c:79:
40C7455CB8760000:error:02000072:rsa routines:rsa_ossl_public_decrypt:padding check failed:../crypto/rsa/rsa_ossl.c:697:
40C7455CB8760000:error:1C880004:Provider routines:rsa_verify:RSA lib:../providers/implementations/signature/rsa_sig.c:774:
40973A84E1760000:error:0200008A:rsa routines:RSA_padding_check_PKCS1_type_1:invalid padding:../crypto/rsa/rsa_pk1.c:79:
40973A84E1760000:error:02000072:rsa routines:rsa_ossl_public_decrypt:padding check failed:../crypto/rsa/rsa_ossl.c:697:
40973A84E1760000:error:1C880004:Provider routines:rsa_verify:RSA lib:../providers/implementations/signature/rsa_sig.c:774:
4037465BD37D0000:error:0200008A:rsa routines:RSA_padding_check_PKCS1_type_1:invalid padding:../crypto/rsa/rsa_pk1.c:79:
4037465BD37D0000:error:02000072:rsa routines:rsa_ossl_public_decrypt:padding check failed:../crypto/rsa/rsa_ossl.c:697:
4037465BD37D0000:error:1C880004:Provider routines:rsa_verify:RSA lib:../providers/implementations/signature/rsa_sig.c:774:
40A749E710710000:error:0200008A:rsa routines:RSA_padding_check_PKCS1_type_1:invalid padding:../crypto/rsa/rsa_pk1.c:79:
40A749E710710000:error:02000072:rsa routines:rsa_ossl_public_decrypt:padding check failed:../crypto/rsa/rsa_ossl.c:697:
40A749E710710000:error:1C880004:Provider routines:rsa_verify:RSA lib:../providers/implementations/signature/rsa_sig.c:774:
40F7357063700000:error:0200008A:rsa routines:RSA_padding_check_PKCS1_type_1:invalid padding:../crypto/rsa/rsa_pk1.c:79:
40F7357063700000:error:02000072:rsa routines:rsa_ossl_public_decrypt:padding check failed:../crypto/rsa/rsa_ossl.c:697:
40F7357063700000:error:1C880004:Provider routines:rsa_verify:RSA lib:../providers/implementations/signature/rsa_sig.c:774:
40C7045C73750000:error:0200008A:rsa routines:RSA_padding_check_PKCS1_type_1:invalid padding:../crypto/rsa/rsa_pk1.c:79:
40C7045C73750000:error:02000072:rsa routines:rsa_ossl_public_decrypt:padding check failed:../crypto/rsa/rsa_ossl.c:697:
40C7045C73750000:error:1C880004:Provider routines:rsa_verify:RSA lib:../providers/implementations/signature/rsa_sig.c:774:
4057298D327D0000:error:0200008A:rsa routines:RSA_padding_check_PKCS1_type_1:invalid padding:../crypto/rsa/rsa_pk1.c:79:
4057298D327D0000:error:02000072:rsa routines:rsa_ossl_public_decrypt:padding check failed:../crypto/rsa/rsa_ossl.c:697:
4057298D327D0000:error:1C880004:Provider routines:rsa_verify:RSA lib:../providers/implementations/signature/rsa_sig.c:774:
40972735B87A0000:error:0200008A:rsa routines:RSA_padding_check_PKCS1_type_1:invalid padding:../crypto/rsa/rsa_pk1.c:79:
40972735B87A0000:error:02000072:rsa routines:rsa_ossl_public_decrypt:padding check failed:../crypto/rsa/rsa_ossl.c:697:
40972735B87A0000:error:1C880004:Provider routines:rsa_verify:RSA lib:../providers/implementations/signature/rsa_sig.c:774:
404772807E720000:error:0200008A:rsa routines:RSA_padding_check_PKCS1_type_1:invalid padding:../crypto/rsa/rsa_pk1.c:79:
404772807E720000:error:02000072:rsa routines:rsa_ossl_public_decrypt:padding check failed:../crypto/rsa/rsa_ossl.c:697:
404772807E720000:error:1C880004:Provider routines:rsa_verify:RSA lib:../providers/implementations/signature/rsa_sig.c:774:
40C70A63927B0000:error:0200008A:rsa routines:RSA_padding_check_PKCS1_type_1:invalid padding:../crypto/rsa/rsa_pk1.c:79:
40C70A63927B0000:error:02000072:rsa routines:rsa_ossl_public_decrypt:padding check failed:../crypto/rsa/rsa_ossl.c:697:
40C70A63927B0000:error:1C880004:Provider routines:rsa_verify:RSA lib:../providers/implementations/signature/rsa_sig.c:774:
4007E0CD617F0000:error:0200008A:rsa routines:RSA_padding_check_PKCS1_type_1:invalid padding:../crypto/rsa/rsa_pk1.c:79:
4007E0CD617F0000:error:02000072:rsa routines:rsa_ossl_public_decrypt:padding check failed:../crypto/rsa/rsa_ossl.c:697:
4007E0CD617F0000:error:1C880004:Provider routines:rsa_verify:RSA lib:../providers/implementations/signature/rsa_sig.c:774:
Error opening signature file potpis.txtulaz10.txt
40477DA6D3730000:error:80000002:system library:BIO_new_file:No such file or directory:../crypto/bio/bss_file.c:67:calling fopen(potpis.txtulaz10.txt, rb)
40477DA6D3730000:error:10000080:BIO routines:BIO_new_file:no such file:../crypto/bio/bss_file.c:75:
Error opening signature file potpis.txtulaz11.txt
40C7ECF822770000:error:80000002:system library:BIO_new_file:No such file or directory:../crypto/bio/bss_file.c:67:calling fopen(potpis.txtulaz11.txt, rb)
40C7ECF822770000:error:10000080:BIO routines:BIO_new_file:no such file:../crypto/bio/bss_file.c:75:
Error opening signature file potpis.txtulaz12.txt
40070A7DD67A0000:error:80000002:system library:BIO_new_file:No such file or directory:../crypto/bio/bss_file.c:67:calling fopen(potpis.txtulaz12.txt, rb)
40070A7DD67A0000:error:10000080:BIO routines:BIO_new_file:no such file:../crypto/bio/bss_file.c:75:
Error opening signature file potpis.txtulaz13.txt
4007BDBD987E0000:error:80000002:system library:BIO_new_file:No such file or directory:../crypto/bio/bss_file.c:67:calling fopen(potpis.txtulaz13.txt, rb)
4007BDBD987E0000:error:10000080:BIO routines:BIO_new_file:no such file:../crypto/bio/bss_file.c:75:
Error opening signature file potpis.txtulaz14.txt
40E7102B177D0000:error:80000002:system library:BIO_new_file:No such file or directory:../crypto/bio/bss_file.c:67:calling fopen(potpis.txtulaz14.txt, rb)
40E7102B177D0000:error:10000080:BIO routines:BIO_new_file:no such file:../crypto/bio/bss_file.c:75:
Error opening signature file potpis.txtulaz15.txt
400772119D7F0000:error:80000002:system library:BIO_new_file:No such file or directory:../crypto/bio/bss_file.c:67:calling fopen(potpis.txtulaz15.txt, rb)
400772119D7F0000:error:10000080:BIO routines:BIO_new_file:no such file:../crypto/bio/bss_file.c:75:
Error opening signature file potpis.txtulaz16.txt
40279BEAB97F0000:error:80000002:system library:BIO_new_file:No such file or directory:../crypto/bio/bss_file.c:67:calling fopen(potpis.txtulaz16.txt, rb)
40279BEAB97F0000:error:10000080:BIO routines:BIO_new_file:no such file:../crypto/bio/bss_file.c:75:
Error opening signature file potpis.txtulaz17.txt
4047DEDA9E740000:error:80000002:system library:BIO_new_file:No such file or directory:../crypto/bio/bss_file.c:67:calling fopen(potpis.txtulaz17.txt, rb)
4047DEDA9E740000:error:10000080:BIO routines:BIO_new_file:no such file:../crypto/bio/bss_file.c:75:
Error opening signature file potpis.txtulaz18.txt
4057117E0F790000:error:80000002:system library:BIO_new_file:No such file or directory:../crypto/bio/bss_file.c:67:calling fopen(potpis.txtulaz18.txt, rb)
4057117E0F790000:error:10000080:BIO routines:BIO_new_file:no such file:../crypto/bio/bss_file.c:75:
Error opening signature file potpis.txtulaz19.txt
40573F4D00700000:error:80000002:system library:BIO_new_file:No such file or directory:../crypto/bio/bss_file.c:67:calling fopen(potpis.txtulaz19.txt, rb)
40573F4D00700000:error:10000080:BIO routines:BIO_new_file:no such file:../crypto/bio/bss_file.c:75:
Error opening signature file potpis.txtulaz1.txt
40D7EFCDB5700000:error:80000002:system library:BIO_new_file:No such file or directory:../crypto/bio/bss_file.c:67:calling fopen(potpis.txtulaz1.txt, rb)
40D7EFCDB5700000:error:10000080:BIO routines:BIO_new_file:no such file:../crypto/bio/bss_file.c:75:
Error opening signature file potpis.txtulaz20.txt
407757E2187C0000:error:80000002:system library:BIO_new_file:No such file or directory:../crypto/bio/bss_file.c:67:calling fopen(potpis.txtulaz20.txt, rb)
407757E2187C0000:error:10000080:BIO routines:BIO_new_file:no such file:../crypto/bio/bss_file.c:75:
Error opening signature file potpis.txtulaz21.txt
40D772920B780000:error:80000002:system library:BIO_new_file:No such file or directory:../crypto/bio/bss_file.c:67:calling fopen(potpis.txtulaz21.txt, rb)
40D772920B780000:error:10000080:BIO routines:BIO_new_file:no such file:../crypto/bio/bss_file.c:75:
Error opening signature file potpis.txtulaz22.txt
40F705154C790000:error:80000002:system library:BIO_new_file:No such file or directory:../crypto/bio/bss_file.c:67:calling fopen(potpis.txtulaz22.txt, rb)
40F705154C790000:error:10000080:BIO routines:BIO_new_file:no such file:../crypto/bio/bss_file.c:75:
Error opening signature file potpis.txtulaz23.txt
4017A2A64A7C0000:error:80000002:system library:BIO_new_file:No such file or directory:../crypto/bio/bss_file.c:67:calling fopen(potpis.txtulaz23.txt, rb)
4017A2A64A7C0000:error:10000080:BIO routines:BIO_new_file:no such file:../crypto/bio/bss_file.c:75:
Error opening signature file potpis.txtulaz24.txt
4027E344BB780000:error:80000002:system library:BIO_new_file:No such file or directory:../crypto/bio/bss_file.c:67:calling fopen(potpis.txtulaz24.txt, rb)
4027E344BB780000:error:10000080:BIO routines:BIO_new_file:no such file:../crypto/bio/bss_file.c:75:
Error opening signature file potpis.txtulaz25.txt
40F7570751730000:error:80000002:system library:BIO_new_file:No such file or directory:../crypto/bio/bss_file.c:67:calling fopen(potpis.txtulaz25.txt, rb)
40F7570751730000:error:10000080:BIO routines:BIO_new_file:no such file:../crypto/bio/bss_file.c:75:
Error opening signature file potpis.txtulaz26.txt
406787438F7E0000:error:80000002:system library:BIO_new_file:No such file or directory:../crypto/bio/bss_file.c:67:calling fopen(potpis.txtulaz26.txt, rb)
406787438F7E0000:error:10000080:BIO routines:BIO_new_file:no such file:../crypto/bio/bss_file.c:75:
Error opening signature file potpis.txtulaz27.txt
4007B882FA700000:error:80000002:system library:BIO_new_file:No such file or directory:../crypto/bio/bss_file.c:67:calling fopen(potpis.txtulaz27.txt, rb)
4007B882FA700000:error:10000080:BIO routines:BIO_new_file:no such file:../crypto/bio/bss_file.c:75:
Error opening signature file potpis.txtulaz28.txt
40379A694F750000:error:80000002:system library:BIO_new_file:No such file or directory:../crypto/bio/bss_file.c:67:calling fopen(potpis.txtulaz28.txt, rb)
40379A694F750000:error:10000080:BIO routines:BIO_new_file:no such file:../crypto/bio/bss_file.c:75:
Error opening signature file potpis.txtulaz29.txt
40A729A1A17E0000:error:80000002:system library:BIO_new_file:No such file or directory:../crypto/bio/bss_file.c:67:calling fopen(potpis.txtulaz29.txt, rb)
40A729A1A17E0000:error:10000080:BIO routines:BIO_new_file:no such file:../crypto/bio/bss_file.c:75:
Error opening signature file potpis.txtulaz2.txt
4007EB345E790000:error:80000002:system library:BIO_new_file:No such file or directory:../crypto/bio/bss_file.c:67:calling fopen(potpis.txtulaz2.txt, rb)
4007EB345E790000:error:10000080:BIO routines:BIO_new_file:no such file:../crypto/bio/bss_file.c:75:
Error opening signature file potpis.txtulaz30.txt
40E7CA42CC7C0000:error:80000002:system library:BIO_new_file:No such file or directory:../crypto/bio/bss_file.c:67:calling fopen(potpis.txtulaz30.txt, rb)
40E7CA42CC7C0000:error:10000080:BIO routines:BIO_new_file:no such file:../crypto/bio/bss_file.c:75:
Error opening signature file potpis.txtulaz31.txt
40D7639C327A0000:error:80000002:system library:BIO_new_file:No such file or directory:../crypto/bio/bss_file.c:67:calling fopen(potpis.txtulaz31.txt, rb)
40D7639C327A0000:error:10000080:BIO routines:BIO_new_file:no such file:../crypto/bio/bss_file.c:75:
Error opening signature file potpis.txtulaz32.txt
40174014807C0000:error:80000002:system library:BIO_new_file:No such file or directory:../crypto/bio/bss_file.c:67:calling fopen(potpis.txtulaz32.txt, rb)
40174014807C0000:error:10000080:BIO routines:BIO_new_file:no such file:../crypto/bio/bss_file.c:75:
Error opening signature file potpis.txtulaz33.txt
40A7EB3155710000:error:80000002:system library:BIO_new_file:No such file or directory:../crypto/bio/bss_file.c:67:calling fopen(potpis.txtulaz33.txt, rb)
40A7EB3155710000:error:10000080:BIO routines:BIO_new_file:no such file:../crypto/bio/bss_file.c:75:
Error opening signature file potpis.txtulaz34.txt
406736C4FD710000:error:80000002:system library:BIO_new_file:No such file or directory:../crypto/bio/bss_file.c:67:calling fopen(potpis.txtulaz34.txt, rb)
406736C4FD710000:error:10000080:BIO routines:BIO_new_file:no such file:../crypto/bio/bss_file.c:75:
Error opening signature file potpis.txtulaz35.txt
403758272A760000:error:80000002:system library:BIO_new_file:No such file or directory:../crypto/bio/bss_file.c:67:calling fopen(potpis.txtulaz35.txt, rb)
403758272A760000:error:10000080:BIO routines:BIO_new_file:no such file:../crypto/bio/bss_file.c:75:
Error opening signature file potpis.txtulaz36.txt
40374315A87A0000:error:80000002:system library:BIO_new_file:No such file or directory:../crypto/bio/bss_file.c:67:calling fopen(potpis.txtulaz36.txt, rb)
40374315A87A0000:error:10000080:BIO routines:BIO_new_file:no such file:../crypto/bio/bss_file.c:75:
Error opening signature file potpis.txtulaz37.txt
4057A291BB720000:error:80000002:system library:BIO_new_file:No such file or directory:../crypto/bio/bss_file.c:67:calling fopen(potpis.txtulaz37.txt, rb)
4057A291BB720000:error:10000080:BIO routines:BIO_new_file:no such file:../crypto/bio/bss_file.c:75:
Error opening signature file potpis.txtulaz38.txt
407705CD7B7E0000:error:80000002:system library:BIO_new_file:No such file or directory:../crypto/bio/bss_file.c:67:calling fopen(potpis.txtulaz38.txt, rb)
407705CD7B7E0000:error:10000080:BIO routines:BIO_new_file:no such file:../crypto/bio/bss_file.c:75:
Error opening signature file potpis.txtulaz39.txt
40D7E5E19A720000:error:80000002:system library:BIO_new_file:No such file or directory:../crypto/bio/bss_file.c:67:calling fopen(potpis.txtulaz39.txt, rb)
40D7E5E19A720000:error:10000080:BIO routines:BIO_new_file:no such file:../crypto/bio/bss_file.c:75:
Error opening signature file potpis.txtulaz3.txt
40E784049B7C0000:error:80000002:system library:BIO_new_file:No such file or directory:../crypto/bio/bss_file.c:67:calling fopen(potpis.txtulaz3.txt, rb)
40E784049B7C0000:error:10000080:BIO routines:BIO_new_file:no such file:../crypto/bio/bss_file.c:75:
Error opening signature file potpis.txtulaz40.txt
40C7CD7696700000:error:80000002:system library:BIO_new_file:No such file or directory:../crypto/bio/bss_file.c:67:calling fopen(potpis.txtulaz40.txt, rb)
40C7CD7696700000:error:10000080:BIO routines:BIO_new_file:no such file:../crypto/bio/bss_file.c:75:
Error opening signature file potpis.txtulaz41.txt
40771275BF790000:error:80000002:system library:BIO_new_file:No such file or directory:../crypto/bio/bss_file.c:67:calling fopen(potpis.txtulaz41.txt, rb)
40771275BF790000:error:10000080:BIO routines:BIO_new_file:no such file:../crypto/bio/bss_file.c:75:
Error opening signature file potpis.txtulaz42.txt
40A7D44827770000:error:80000002:system library:BIO_new_file:No such file or directory:../crypto/bio/bss_file.c:67:calling fopen(potpis.txtulaz42.txt, rb)
40A7D44827770000:error:10000080:BIO routines:BIO_new_file:no such file:../crypto/bio/bss_file.c:75:
Error opening signature file potpis.txtulaz43.txt
40E73E4765710000:error:80000002:system library:BIO_new_file:No such file or directory:../crypto/bio/bss_file.c:67:calling fopen(potpis.txtulaz43.txt, rb)
40E73E4765710000:error:10000080:BIO routines:BIO_new_file:no such file:../crypto/bio/bss_file.c:75:
Error opening signature file potpis.txtulaz44.txt
4007E69E34780000:error:80000002:system library:BIO_new_file:No such file or directory:../crypto/bio/bss_file.c:67:calling fopen(potpis.txtulaz44.txt, rb)
4007E69E34780000:error:10000080:BIO routines:BIO_new_file:no such file:../crypto/bio/bss_file.c:75:
Error opening signature file potpis.txtulaz45.txt
40376DFFD77D0000:error:80000002:system library:BIO_new_file:No such file or directory:../crypto/bio/bss_file.c:67:calling fopen(potpis.txtulaz45.txt, rb)
40376DFFD77D0000:error:10000080:BIO routines:BIO_new_file:no such file:../crypto/bio/bss_file.c:75:
Error opening signature file potpis.txtulaz46.txt
409785A65D760000:error:80000002:system library:BIO_new_file:No such file or directory:../crypto/bio/bss_file.c:67:calling fopen(potpis.txtulaz46.txt, rb)
409785A65D760000:error:10000080:BIO routines:BIO_new_file:no such file:../crypto/bio/bss_file.c:75:
Error opening signature file potpis.txtulaz47.txt
40973D8A047F0000:error:80000002:system library:BIO_new_file:No such file or directory:../crypto/bio/bss_file.c:67:calling fopen(potpis.txtulaz47.txt, rb)
40973D8A047F0000:error:10000080:BIO routines:BIO_new_file:no such file:../crypto/bio/bss_file.c:75:
Error opening signature file potpis.txtulaz48.txt
400718C7A47C0000:error:80000002:system library:BIO_new_file:No such file or directory:../crypto/bio/bss_file.c:67:calling fopen(potpis.txtulaz48.txt, rb)
400718C7A47C0000:error:10000080:BIO routines:BIO_new_file:no such file:../crypto/bio/bss_file.c:75:
Error opening signature file potpis.txtulaz49.txt
4037BF6EDF7E0000:error:80000002:system library:BIO_new_file:No such file or directory:../crypto/bio/bss_file.c:67:calling fopen(potpis.txtulaz49.txt, rb)
4037BF6EDF7E0000:error:10000080:BIO routines:BIO_new_file:no such file:../crypto/bio/bss_file.c:75:
Error opening signature file potpis.txtulaz4.txt
4027CB683A760000:error:80000002:system library:BIO_new_file:No such file or directory:../crypto/bio/bss_file.c:67:calling fopen(potpis.txtulaz4.txt, rb)
4027CB683A760000:error:10000080:BIO routines:BIO_new_file:no such file:../crypto/bio/bss_file.c:75:
Error opening signature file potpis.txtulaz50.txt
40C763A0E37F0000:error:80000002:system library:BIO_new_file:No such file or directory:../crypto/bio/bss_file.c:67:calling fopen(potpis.txtulaz50.txt, rb)
40C763A0E37F0000:error:10000080:BIO routines:BIO_new_file:no such file:../crypto/bio/bss_file.c:75:
Error opening signature file potpis.txtulaz5.txt
40B7CFA85F7D0000:error:80000002:system library:BIO_new_file:No such file or directory:../crypto/bio/bss_file.c:67:calling fopen(potpis.txtulaz5.txt, rb)
40B7CFA85F7D0000:error:10000080:BIO routines:BIO_new_file:no such file:../crypto/bio/bss_file.c:75:
Error opening signature file potpis.txtulaz6.txt
4047D4D29C700000:error:80000002:system library:BIO_new_file:No such file or directory:../crypto/bio/bss_file.c:67:calling fopen(potpis.txtulaz6.txt, rb)
4047D4D29C700000:error:10000080:BIO routines:BIO_new_file:no such file:../crypto/bio/bss_file.c:75:
Error opening signature file potpis.txtulaz7.txt
40D73045B1790000:error:80000002:system library:BIO_new_file:No such file or directory:../crypto/bio/bss_file.c:67:calling fopen(potpis.txtulaz7.txt, rb)
40D73045B1790000:error:10000080:BIO routines:BIO_new_file:no such file:../crypto/bio/bss_file.c:75:
Error opening signature file potpis.txtulaz8.txt
409706E5B9760000:error:80000002:system library:BIO_new_file:No such file or directory:../crypto/bio/bss_file.c:67:calling fopen(potpis.txtulaz8.txt, rb)
409706E5B9760000:error:10000080:BIO routines:BIO_new_file:no such file:../crypto/bio/bss_file.c:75:
Error opening signature file potpis.txtulaz9.txt
40A7256D6C730000:error:80000002:system library:BIO_new_file:No such file or directory:../crypto/bio/bss_file.c:67:calling fopen(potpis.txtulaz9.txt, rb)
40A7256D6C730000:error:10000080:BIO routines:BIO_new_file:no such file:../crypto/bio/bss_file.c:75:
Error opening signature file potpis.txtulaz10.txt
40A7F082E6790000:error:80000002:system library:BIO_new_file:No such file or directory:../crypto/bio/bss_file.c:67:calling fopen(potpis.txtulaz10.txt, rb)
40A7F082E6790000:error:10000080:BIO routines:BIO_new_file:no such file:../crypto/bio/bss_file.c:75:
Error opening signature file potpis.txtulaz11.txt
40E74782227D0000:error:80000002:system library:BIO_new_file:No such file or directory:../crypto/bio/bss_file.c:67:calling fopen(potpis.txtulaz11.txt, rb)
40E74782227D0000:error:10000080:BIO routines:BIO_new_file:no such file:../crypto/bio/bss_file.c:75:
Error opening signature file potpis.txtulaz12.txt
40C79F827F750000:error:80000002:system library:BIO_new_file:No such file or directory:../crypto/bio/bss_file.c:67:calling fopen(potpis.txtulaz12.txt, rb)
40C79F827F750000:error:10000080:BIO routines:BIO_new_file:no such file:../crypto/bio/bss_file.c:75:
Error opening signature file potpis.txtulaz13.txt
40D713ECD8710000:error:80000002:system library:BIO_new_file:No such file or directory:../crypto/bio/bss_file.c:67:calling fopen(potpis.txtulaz13.txt, rb)
40D713ECD8710000:error:10000080:BIO routines:BIO_new_file:no such file:../crypto/bio/bss_file.c:75:
Error opening signature file potpis.txtulaz14.txt
40277AC115760000:error:80000002:system library:BIO_new_file:No such file or directory:../crypto/bio/bss_file.c:67:calling fopen(potpis.txtulaz14.txt, rb)
40277AC115760000:error:10000080:BIO routines:BIO_new_file:no such file:../crypto/bio/bss_file.c:75:
Error opening signature file potpis.txtulaz15.txt
40772AD2E4790000:error:80000002:system library:BIO_new_file:No such file or directory:../crypto/bio/bss_file.c:67:calling fopen(potpis.txtulaz15.txt, rb)
40772AD2E4790000:error:10000080:BIO routines:BIO_new_file:no such file:../crypto/bio/bss_file.c:75:
Error opening signature file potpis.txtulaz16.txt
40B700ECF9770000:error:80000002:system library:BIO_new_file:No such file or directory:../crypto/bio/bss_file.c:67:calling fopen(potpis.txtulaz16.txt, rb)
40B700ECF9770000:error:10000080:BIO routines:BIO_new_file:no such file:../crypto/bio/bss_file.c:75:
Error opening signature file potpis.txtulaz17.txt
40274DF624790000:error:80000002:system library:BIO_new_file:No such file or directory:../crypto/bio/bss_file.c:67:calling fopen(potpis.txtulaz17.txt, rb)
40274DF624790000:error:10000080:BIO routines:BIO_new_file:no such file:../crypto/bio/bss_file.c:75:
Error opening signature file potpis.txtulaz18.txt
406719DE1A730000:error:80000002:system library:BIO_new_file:No such file or directory:../crypto/bio/bss_file.c:67:calling fopen(potpis.txtulaz18.txt, rb)
406719DE1A730000:error:10000080:BIO routines:BIO_new_file:no such file:../crypto/bio/bss_file.c:75:
Error opening signature file potpis.txtulaz19.txt
40173896BB790000:error:80000002:system library:BIO_new_file:No such file or directory:../crypto/bio/bss_file.c:67:calling fopen(potpis.txtulaz19.txt, rb)
40173896BB790000:error:10000080:BIO routines:BIO_new_file:no such file:../crypto/bio/bss_file.c:75:
Error opening signature file potpis.txtulaz1.txt
4007B6E7627F0000:error:80000002:system library:BIO_new_file:No such file or directory:../crypto/bio/bss_file.c:67:calling fopen(potpis.txtulaz1.txt, rb)
4007B6E7627F0000:error:10000080:BIO routines:BIO_new_file:no such file:../crypto/bio/bss_file.c:75:
Error opening signature file potpis.txtulaz20.txt
4027D5A237770000:error:80000002:system library:BIO_new_file:No such file or directory:../crypto/bio/bss_file.c:67:calling fopen(potpis.txtulaz20.txt, rb)
4027D5A237770000:error:10000080:BIO routines:BIO_new_file:no such file:../crypto/bio/bss_file.c:75:
Error opening signature file potpis.txtulaz21.txt
4097111E08790000:error:80000002:system library:BIO_new_file:No such file or directory:../crypto/bio/bss_file.c:67:calling fopen(potpis.txtulaz21.txt, rb)
4097111E08790000:error:10000080:BIO routines:BIO_new_file:no such file:../crypto/bio/bss_file.c:75:
Error opening signature file potpis.txtulaz22.txt
40579695AD710000:error:80000002:system library:BIO_new_file:No such file or directory:../crypto/bio/bss_file.c:67:calling fopen(potpis.txtulaz22.txt, rb)
40579695AD710000:error:10000080:BIO routines:BIO_new_file:no such file:../crypto/bio/bss_file.c:75:
Error opening signature file potpis.txtulaz23.txt
406700DBBD740000:error:80000002:system library:BIO_new_file:No such file or directory:../crypto/bio/bss_file.c:67:calling fopen(potpis.txtulaz23.txt, rb)
406700DBBD740000:error:10000080:BIO routines:BIO_new_file:no such file:../crypto/bio/bss_file.c:75:
Error opening signature file potpis.txtulaz24.txt
40D71DF86C710000:error:80000002:system library:BIO_new_file:No such file or directory:../crypto/bio/bss_file.c:67:calling fopen(potpis.txtulaz24.txt, rb)
40D71DF86C710000:error:10000080:BIO routines:BIO_new_file:no such file:../crypto/bio/bss_file.c:75:
Error opening signature file potpis.txtulaz25.txt
4077F58B4C7C0000:error:80000002:system library:BIO_new_file:No such file or directory:../crypto/bio/bss_file.c:67:calling fopen(potpis.txtulaz25.txt, rb)
4077F58B4C7C0000:error:10000080:BIO routines:BIO_new_file:no such file:../crypto/bio/bss_file.c:75:
Error opening signature file potpis.txtulaz26.txt
4067C1CFA2760000:error:80000002:system library:BIO_new_file:No such file or directory:../crypto/bio/bss_file.c:67:calling fopen(potpis.txtulaz26.txt, rb)
4067C1CFA2760000:error:10000080:BIO routines:BIO_new_file:no such file:../crypto/bio/bss_file.c:75:
Error opening signature file potpis.txtulaz27.txt
4007DA7172790000:error:80000002:system library:BIO_new_file:No such file or directory:../crypto/bio/bss_file.c:67:calling fopen(potpis.txtulaz27.txt, rb)
4007DA7172790000:error:10000080:BIO routines:BIO_new_file:no such file:../crypto/bio/bss_file.c:75:
Error opening signature file potpis.txtulaz28.txt
4037809A21770000:error:80000002:system library:BIO_new_file:No such file or directory:../crypto/bio/bss_file.c:67:calling fopen(potpis.txtulaz28.txt, rb)
4037809A21770000:error:10000080:BIO routines:BIO_new_file:no such file:../crypto/bio/bss_file.c:75:
Error opening signature file potpis.txtulaz29.txt
4087633027790000:error:80000002:system library:BIO_new_file:No such file or directory:../crypto/bio/bss_file.c:67:calling fopen(potpis.txtulaz29.txt, rb)
4087633027790000:error:10000080:BIO routines:BIO_new_file:no such file:../crypto/bio/bss_file.c:75:
Error opening signature file potpis.txtulaz2.txt
40776B4C71720000:error:80000002:system library:BIO_new_file:No such file or directory:../crypto/bio/bss_file.c:67:calling fopen(potpis.txtulaz2.txt, rb)
40776B4C71720000:error:10000080:BIO routines:BIO_new_file:no such file:../crypto/bio/bss_file.c:75:
Error opening signature file potpis.txtulaz30.txt
40F784B5EA700000:error:80000002:system library:BIO_new_file:No such file or directory:../crypto/bio/bss_file.c:67:calling fopen(potpis.txtulaz30.txt, rb)
40F784B5EA700000:error:10000080:BIO routines:BIO_new_file:no such file:../crypto/bio/bss_file.c:75:
Error opening signature file potpis.txtulaz31.txt
405797116D710000:error:80000002:system library:BIO_new_file:No such file or directory:../crypto/bio/bss_file.c:67:calling fopen(potpis.txtulaz31.txt, rb)
405797116D710000:error:10000080:BIO routines:BIO_new_file:no such file:../crypto/bio/bss_file.c:75:
Error opening signature file potpis.txtulaz32.txt
40676239B0770000:error:80000002:system library:BIO_new_file:No such file or directory:../crypto/bio/bss_file.c:67:calling fopen(potpis.txtulaz32.txt, rb)
40676239B0770000:error:10000080:BIO routines:BIO_new_file:no such file:../crypto/bio/bss_file.c:75:
Error opening signature file potpis.txtulaz33.txt
4087961D1F740000:error:80000002:system library:BIO_new_file:No such file or directory:../crypto/bio/bss_file.c:67:calling fopen(potpis.txtulaz33.txt, rb)
4087961D1F740000:error:10000080:BIO routines:BIO_new_file:no such file:../crypto/bio/bss_file.c:75:
Error opening signature file potpis.txtulaz34.txt
40A72FFC807E0000:error:80000002:system library:BIO_new_file:No such file or directory:../crypto/bio/bss_file.c:67:calling fopen(potpis.txtulaz34.txt, rb)
40A72FFC807E0000:error:10000080:BIO routines:BIO_new_file:no such file:../crypto/bio/bss_file.c:75:
Error opening signature file potpis.txtulaz35.txt
4047BC30D77B0000:error:80000002:system library:BIO_new_file:No such file or directory:../crypto/bio/bss_file.c:67:calling fopen(potpis.txtulaz35.txt, rb)
4047BC30D77B0000:error:10000080:BIO routines:BIO_new_file:no such file:../crypto/bio/bss_file.c:75:
Error opening signature file potpis.txtulaz36.txt
40671D76BC760000:error:80000002:system library:BIO_new_file:No such file or directory:../crypto/bio/bss_file.c:67:calling fopen(potpis.txtulaz36.txt, rb)
40671D76BC760000:error:10000080:BIO routines:BIO_new_file:no such file:../crypto/bio/bss_file.c:75:
Error opening signature file potpis.txtulaz37.txt
40F741605F760000:error:80000002:system library:BIO_new_file:No such file or directory:../crypto/bio/bss_file.c:67:calling fopen(potpis.txtulaz37.txt, rb)
40F741605F760000:error:10000080:BIO routines:BIO_new_file:no such file:../crypto/bio/bss_file.c:75:
Error opening signature file potpis.txtulaz38.txt
4037D2C533740000:error:80000002:system library:BIO_new_file:No such file or directory:../crypto/bio/bss_file.c:67:calling fopen(potpis.txtulaz38.txt, rb)
4037D2C533740000:error:10000080:BIO routines:BIO_new_file:no such file:../crypto/bio/bss_file.c:75:
Error opening signature file potpis.txtulaz39.txt
405767F5B3770000:error:80000002:system library:BIO_new_file:No such file or directory:../crypto/bio/bss_file.c:67:calling fopen(potpis.txtulaz39.txt, rb)
405767F5B3770000:error:10000080:BIO routines:BIO_new_file:no such file:../crypto/bio/bss_file.c:75:
Error opening signature file potpis.txtulaz3.txt
40075A5E0C780000:error:80000002:system library:BIO_new_file:No such file or directory:../crypto/bio/bss_file.c:67:calling fopen(potpis.txtulaz3.txt, rb)
40075A5E0C780000:error:10000080:BIO routines:BIO_new_file:no such file:../crypto/bio/bss_file.c:75:
Error opening signature file potpis.txtulaz40.txt
40F7EFD1E2780000:error:80000002:system library:BIO_new_file:No such file or directory:../crypto/bio/bss_file.c:67:calling fopen(potpis.txtulaz40.txt, rb)
40F7EFD1E2780000:error:10000080:BIO routines:BIO_new_file:no such file:../crypto/bio/bss_file.c:75:
Error opening signature file potpis.txtulaz41.txt
4037196AD5710000:error:80000002:system library:BIO_new_file:No such file or directory:../crypto/bio/bss_file.c:67:calling fopen(potpis.txtulaz41.txt, rb)
4037196AD5710000:error:10000080:BIO routines:BIO_new_file:no such file:../crypto/bio/bss_file.c:75:
Error opening signature file potpis.txtulaz42.txt
406700C53E710000:error:80000002:system library:BIO_new_file:No such file or directory:../crypto/bio/bss_file.c:67:calling fopen(potpis.txtulaz42.txt, rb)
406700C53E710000:error:10000080:BIO routines:BIO_new_file:no such file:../crypto/bio/bss_file.c:75:
Error opening signature file potpis.txtulaz43.txt
40A76685EF720000:error:80000002:system library:BIO_new_file:No such file or directory:../crypto/bio/bss_file.c:67:calling fopen(potpis.txtulaz43.txt, rb)
40A76685EF720000:error:10000080:BIO routines:BIO_new_file:no such file:../crypto/bio/bss_file.c:75:
Error opening signature file potpis.txtulaz44.txt
40B7CEA61E740000:error:80000002:system library:BIO_new_file:No such file or directory:../crypto/bio/bss_file.c:67:calling fopen(potpis.txtulaz44.txt, rb)
40B7CEA61E740000:error:10000080:BIO routines:BIO_new_file:no such file:../crypto/bio/bss_file.c:75:
Error opening signature file potpis.txtulaz45.txt
40F72404BD760000:error:80000002:system library:BIO_new_file:No such file or directory:../crypto/bio/bss_file.c:67:calling fopen(potpis.txtulaz45.txt, rb)
40F72404BD760000:error:10000080:BIO routines:BIO_new_file:no such file:../crypto/bio/bss_file.c:75:
Error opening signature file potpis.txtulaz46.txt
4067D772CB790000:error:80000002:system library:BIO_new_file:No such file or directory:../crypto/bio/bss_file.c:67:calling fopen(potpis.txtulaz46.txt, rb)
4067D772CB790000:error:10000080:BIO routines:BIO_new_file:no such file:../crypto/bio/bss_file.c:75:
Error opening signature file potpis.txtulaz47.txt
40677DEE597D0000:error:80000002:system library:BIO_new_file:No such file or directory:../crypto/bio/bss_file.c:67:calling fopen(potpis.txtulaz47.txt, rb)
40677DEE597D0000:error:10000080:BIO routines:BIO_new_file:no such file:../crypto/bio/bss_file.c:75:
Error opening signature file potpis.txtulaz48.txt
400783CA577D0000:error:80000002:system library:BIO_new_file:No such file or directory:../crypto/bio/bss_file.c:67:calling fopen(potpis.txtulaz48.txt, rb)
400783CA577D0000:error:10000080:BIO routines:BIO_new_file:no such file:../crypto/bio/bss_file.c:75:
Error opening signature file potpis.txtulaz49.txt
4097567E3C760000:error:80000002:system library:BIO_new_file:No such file or directory:../crypto/bio/bss_file.c:67:calling fopen(potpis.txtulaz49.txt, rb)
4097567E3C760000:error:10000080:BIO routines:BIO_new_file:no such file:../crypto/bio/bss_file.c:75:
Error opening signature file potpis.txtulaz4.txt
4087704B4D710000:error:80000002:system library:BIO_new_file:No such file or directory:../crypto/bio/bss_file.c:67:calling fopen(potpis.txtulaz4.txt, rb)
4087704B4D710000:error:10000080:BIO routines:BIO_new_file:no such file:../crypto/bio/bss_file.c:75:
Error opening signature file potpis.txtulaz50.txt
4017146ECE7A0000:error:80000002:system library:BIO_new_file:No such file or directory:../crypto/bio/bss_file.c:67:calling fopen(potpis.txtulaz50.txt, rb)
4017146ECE7A0000:error:10000080:BIO routines:BIO_new_file:no such file:../crypto/bio/bss_file.c:75:
Error opening signature file potpis.txtulaz5.txt
40A721A0FE7D0000:error:80000002:system library:BIO_new_file:No such file or directory:../crypto/bio/bss_file.c:67:calling fopen(potpis.txtulaz5.txt, rb)
40A721A0FE7D0000:error:10000080:BIO routines:BIO_new_file:no such file:../crypto/bio/bss_file.c:75:
Error opening signature file potpis.txtulaz6.txt
4067546D747A0000:error:80000002:system library:BIO_new_file:No such file or directory:../crypto/bio/bss_file.c:67:calling fopen(potpis.txtulaz6.txt, rb)
4067546D747A0000:error:10000080:BIO routines:BIO_new_file:no such file:../crypto/bio/bss_file.c:75:
Error opening signature file potpis.txtulaz7.txt
401757EA2B760000:error:80000002:system library:BIO_new_file:No such file or directory:../crypto/bio/bss_file.c:67:calling fopen(potpis.txtulaz7.txt, rb)
401757EA2B760000:error:10000080:BIO routines:BIO_new_file:no such file:../crypto/bio/bss_file.c:75:
Error opening signature file potpis.txtulaz8.txt
4037CF5A4C750000:error:80000002:system library:BIO_new_file:No such file or directory:../crypto/bio/bss_file.c:67:calling fopen(potpis.txtulaz8.txt, rb)
4037CF5A4C750000:error:10000080:BIO routines:BIO_new_file:no such file:../crypto/bio/bss_file.c:75:
Error opening signature file potpis.txtulaz9.txt
40177AD6497A0000:error:80000002:system library:BIO_new_file:No such file or directory:../crypto/bio/bss_file.c:67:calling fopen(potpis.txtulaz9.txt, rb)
40177AD6497A0000:error:10000080:BIO routines:BIO_new_file:no such file:../crypto/bio/bss_file.c:75:
Error opening signature file potpis.txtulaz10.txt
4097D04B167F0000:error:80000002:system library:BIO_new_file:No such file or directory:../crypto/bio/bss_file.c:67:calling fopen(potpis.txtulaz10.txt, rb)
4097D04B167F0000:error:10000080:BIO routines:BIO_new_file:no such file:../crypto/bio/bss_file.c:75:
Error opening signature file potpis.txtulaz11.txt
40875A11FF790000:error:80000002:system library:BIO_new_file:No such file or directory:../crypto/bio/bss_file.c:67:calling fopen(potpis.txtulaz11.txt, rb)
40875A11FF790000:error:10000080:BIO routines:BIO_new_file:no such file:../crypto/bio/bss_file.c:75:
Error opening signature file potpis.txtulaz12.txt
40C7D4EE397A0000:error:80000002:system library:BIO_new_file:No such file or directory:../crypto/bio/bss_file.c:67:calling fopen(potpis.txtulaz12.txt, rb)
40C7D4EE397A0000:error:10000080:BIO routines:BIO_new_file:no such file:../crypto/bio/bss_file.c:75:
Error opening signature file potpis.txtulaz13.txt
4077BBACB4700000:error:80000002:system library:BIO_new_file:No such file or directory:../crypto/bio/bss_file.c:67:calling fopen(potpis.txtulaz13.txt, rb)
4077BBACB4700000:error:10000080:BIO routines:BIO_new_file:no such file:../crypto/bio/bss_file.c:75:
Error opening signature file potpis.txtulaz14.txt
40A70FE748700000:error:80000002:system library:BIO_new_file:No such file or directory:../crypto/bio/bss_file.c:67:calling fopen(potpis.txtulaz14.txt, rb)
40A70FE748700000:error:10000080:BIO routines:BIO_new_file:no such file:../crypto/bio/bss_file.c:75:
Error opening signature file potpis.txtulaz15.txt
4087415AAC720000:error:80000002:system library:BIO_new_file:No such file or directory:../crypto/bio/bss_file.c:67:calling fopen(potpis.txtulaz15.txt, rb)
4087415AAC720000:error:10000080:BIO routines:BIO_new_file:no such file:../crypto/bio/bss_file.c:75:
Error opening signature file potpis.txtulaz16.txt
40075683D9730000:error:80000002:system library:BIO_new_file:No such file or directory:../crypto/bio/bss_file.c:67:calling fopen(potpis.txtulaz16.txt, rb)
40075683D9730000:error:10000080:BIO routines:BIO_new_file:no such file:../crypto/bio/bss_file.c:75:
Error opening signature file potpis.txtulaz17.txt
40E789E259730000:error:80000002:system library:BIO_new_file:No such file or directory:../crypto/bio/bss_file.c:67:calling fopen(potpis.txtulaz17.txt, rb)
40E789E259730000:error:10000080:BIO routines:BIO_new_file:no such file:../crypto/bio/bss_file.c:75:
Error opening signature file potpis.txtulaz18.txt
4007A40E21730000:error:80000002:system library:BIO_new_file:No such file or directory:../crypto/bio/bss_file.c:67:calling fopen(potpis.txtulaz18.txt, rb)
4007A40E21730000:error:10000080:BIO routines:BIO_new_file:no such file:../crypto/bio/bss_file.c:75:
Error opening signature file potpis.txtulaz19.txt
40D7F3B5D1780000:error:80000002:system library:BIO_new_file:No such file or directory:../crypto/bio/bss_file.c:67:calling fopen(potpis.txtulaz19.txt, rb)
40D7F3B5D1780000:error:10000080:BIO routines:BIO_new_file:no such file:../crypto/bio/bss_file.c:75:
Error opening signature file potpis.txtulaz1.txt
4057E5E1E2720000:error:80000002:system library:BIO_new_file:No such file or directory:../crypto/bio/bss_file.c:67:calling fopen(potpis.txtulaz1.txt, rb)
4057E5E1E2720000:error:10000080:BIO routines:BIO_new_file:no such file:../crypto/bio/bss_file.c:75:
Error opening signature file potpis.txtulaz20.txt
40E7BF9607720000:error:80000002:system library:BIO_new_file:No such file or directory:../crypto/bio/bss_file.c:67:calling fopen(potpis.txtulaz20.txt, rb)
40E7BF9607720000:error:10000080:BIO routines:BIO_new_file:no such file:../crypto/bio/bss_file.c:75:
Error opening signature file potpis.txtulaz21.txt
4097856593770000:error:80000002:system library:BIO_new_file:No such file or directory:../crypto/bio/bss_file.c:67:calling fopen(potpis.txtulaz21.txt, rb)
4097856593770000:error:10000080:BIO routines:BIO_new_file:no such file:../crypto/bio/bss_file.c:75:
Error opening signature file potpis.txtulaz22.txt
400759DDE9730000:error:80000002:system library:BIO_new_file:No such file or directory:../crypto/bio/bss_file.c:67:calling fopen(potpis.txtulaz22.txt, rb)
400759DDE9730000:error:10000080:BIO routines:BIO_new_file:no such file:../crypto/bio/bss_file.c:75:
Error opening signature file potpis.txtulaz23.txt
40C7C41844790000:error:80000002:system library:BIO_new_file:No such file or directory:../crypto/bio/bss_file.c:67:calling fopen(potpis.txtulaz23.txt, rb)
40C7C41844790000:error:10000080:BIO routines:BIO_new_file:no such file:../crypto/bio/bss_file.c:75:
Error opening signature file potpis.txtulaz24.txt
40079FC915710000:error:80000002:system library:BIO_new_file:No such file or directory:../crypto/bio/bss_file.c:67:calling fopen(potpis.txtulaz24.txt, rb)
40079FC915710000:error:10000080:BIO routines:BIO_new_file:no such file:../crypto/bio/bss_file.c:75:
Error opening signature file potpis.txtulaz25.txt
40C7558C037E0000:error:80000002:system library:BIO_new_file:No such file or directory:../crypto/bio/bss_file.c:67:calling fopen(potpis.txtulaz25.txt, rb)
40C7558C037E0000:error:10000080:BIO routines:BIO_new_file:no such file:../crypto/bio/bss_file.c:75:
Error opening signature file potpis.txtulaz26.txt
40077870CB7E0000:error:80000002:system library:BIO_new_file:No such file or directory:../crypto/bio/bss_file.c:67:calling fopen(potpis.txtulaz26.txt, rb)
40077870CB7E0000:error:10000080:BIO routines:BIO_new_file:no such file:../crypto/bio/bss_file.c:75:
Error opening signature file potpis.txtulaz27.txt
40172E4344730000:error:80000002:system library:BIO_new_file:No such file or directory:../crypto/bio/bss_file.c:67:calling fopen(potpis.txtulaz27.txt, rb)
40172E4344730000:error:10000080:BIO routines:BIO_new_file:no such file:../crypto/bio/bss_file.c:75:
Error opening signature file potpis.txtulaz28.txt
40E79182BE750000:error:80000002:system library:BIO_new_file:No such file or directory:../crypto/bio/bss_file.c:67:calling fopen(potpis.txtulaz28.txt, rb)
40E79182BE750000:error:10000080:BIO routines:BIO_new_file:no such file:../crypto/bio/bss_file.c:75:
Error opening signature file potpis.txtulaz29.txt
4027EA150C710000:error:80000002:system library:BIO_new_file:No such file or directory:../crypto/bio/bss_file.c:67:calling fopen(potpis.txtulaz29.txt, rb)
4027EA150C710000:error:10000080:BIO routines:BIO_new_file:no such file:../crypto/bio/bss_file.c:75:
Error opening signature file potpis.txtulaz2.txt
4067FEFD4E760000:error:80000002:system library:BIO_new_file:No such file or directory:../crypto/bio/bss_file.c:67:calling fopen(potpis.txtulaz2.txt, rb)
4067FEFD4E760000:error:10000080:BIO routines:BIO_new_file:no such file:../crypto/bio/bss_file.c:75:
Error opening signature file potpis.txtulaz30.txt
40A7C9591E760000:error:80000002:system library:BIO_new_file:No such file or directory:../crypto/bio/bss_file.c:67:calling fopen(potpis.txtulaz30.txt, rb)
40A7C9591E760000:error:10000080:BIO routines:BIO_new_file:no such file:../crypto/bio/bss_file.c:75:
Error opening signature file potpis.txtulaz31.txt
402761FEF2780000:error:80000002:system library:BIO_new_file:No such file or directory:../crypto/bio/bss_file.c:67:calling fopen(potpis.txtulaz31.txt, rb)
402761FEF2780000:error:10000080:BIO routines:BIO_new_file:no such file:../crypto/bio/bss_file.c:75:
Error opening signature file potpis.txtulaz32.txt
40072FC4D3750000:error:80000002:system library:BIO_new_file:No such file or directory:../crypto/bio/bss_file.c:67:calling fopen(potpis.txtulaz32.txt, rb)
40072FC4D3750000:error:10000080:BIO routines:BIO_new_file:no such file:../crypto/bio/bss_file.c:75:
Error opening signature file potpis.txtulaz33.txt
4007683D6E790000:error:80000002:system library:BIO_new_file:No such file or directory:../crypto/bio/bss_file.c:67:calling fopen(potpis.txtulaz33.txt, rb)
4007683D6E790000:error:10000080:BIO routines:BIO_new_file:no such file:../crypto/bio/bss_file.c:75:
Error opening signature file potpis.txtulaz34.txt
40072E64F5730000:error:80000002:system library:BIO_new_file:No such file or directory:../crypto/bio/bss_file.c:67:calling fopen(potpis.txtulaz34.txt, rb)
40072E64F5730000:error:10000080:BIO routines:BIO_new_file:no such file:../crypto/bio/bss_file.c:75:
Error opening signature file potpis.txtulaz35.txt
40A7E6B82F780000:error:80000002:system library:BIO_new_file:No such file or directory:../crypto/bio/bss_file.c:67:calling fopen(potpis.txtulaz35.txt, rb)
40A7E6B82F780000:error:10000080:BIO routines:BIO_new_file:no such file:../crypto/bio/bss_file.c:75:
Error opening signature file potpis.txtulaz36.txt
40B74E9FE67A0000:error:80000002:system library:BIO_new_file:No such file or directory:../crypto/bio/bss_file.c:67:calling fopen(potpis.txtulaz36.txt, rb)
40B74E9FE67A0000:error:10000080:BIO routines:BIO_new_file:no such file:../crypto/bio/bss_file.c:75:
Error opening signature file potpis.txtulaz37.txt
40279F71817F0000:error:80000002:system library:BIO_new_file:No such file or directory:../crypto/bio/bss_file.c:67:calling fopen(potpis.txtulaz37.txt, rb)
40279F71817F0000:error:10000080:BIO routines:BIO_new_file:no such file:../crypto/bio/bss_file.c:75:
Error opening signature file potpis.txtulaz38.txt
40B71D6D49700000:error:80000002:system library:BIO_new_file:No such file or directory:../crypto/bio/bss_file.c:67:calling fopen(potpis.txtulaz38.txt, rb)
40B71D6D49700000:error:10000080:BIO routines:BIO_new_file:no such file:../crypto/bio/bss_file.c:75:
Error opening signature file potpis.txtulaz39.txt
4027EB6F1B7F0000:error:80000002:system library:BIO_new_file:No such file or directory:../crypto/bio/bss_file.c:67:calling fopen(potpis.txtulaz39.txt, rb)
4027EB6F1B7F0000:error:10000080:BIO routines:BIO_new_file:no such file:../crypto/bio/bss_file.c:75:
Error opening signature file potpis.txtulaz3.txt
40574A24207C0000:error:80000002:system library:BIO_new_file:No such file or directory:../crypto/bio/bss_file.c:67:calling fopen(potpis.txtulaz3.txt, rb)
40574A24207C0000:error:10000080:BIO routines:BIO_new_file:no such file:../crypto/bio/bss_file.c:75:
Error opening signature file potpis.txtulaz40.txt
401739126B700000:error:80000002:system library:BIO_new_file:No such file or directory:../crypto/bio/bss_file.c:67:calling fopen(potpis.txtulaz40.txt, rb)
401739126B700000:error:10000080:BIO routines:BIO_new_file:no such file:../crypto/bio/bss_file.c:75:
Error opening signature file potpis.txtulaz41.txt
4057D215E2700000:error:80000002:system library:BIO_new_file:No such file or directory:../crypto/bio/bss_file.c:67:calling fopen(potpis.txtulaz41.txt, rb)
4057D215E2700000:error:10000080:BIO routines:BIO_new_file:no such file:../crypto/bio/bss_file.c:75:
Error opening signature file potpis.txtulaz42.txt
400742CAAB780000:error:80000002:system library:BIO_new_file:No such file or directory:../crypto/bio/bss_file.c:67:calling fopen(potpis.txtulaz42.txt, rb)
400742CAAB780000:error:10000080:BIO routines:BIO_new_file:no such file:../crypto/bio/bss_file.c:75:
Error opening signature file potpis.txtulaz43.txt
40473BECF3720000:error:80000002:system library:BIO_new_file:No such file or directory:../crypto/bio/bss_file.c:67:calling fopen(potpis.txtulaz43.txt, rb)
40473BECF3720000:error:10000080:BIO routines:BIO_new_file:no such file:../crypto/bio/bss_file.c:75:
Error opening signature file potpis.txtulaz44.txt
4067ECC297790000:error:80000002:system library:BIO_new_file:No such file or directory:../crypto/bio/bss_file.c:67:calling fopen(potpis.txtulaz44.txt, rb)
4067ECC297790000:error:10000080:BIO routines:BIO_new_file:no such file:../crypto/bio/bss_file.c:75:
Error opening signature file potpis.txtulaz45.txt
401717D887780000:error:80000002:system library:BIO_new_file:No such file or directory:../crypto/bio/bss_file.c:67:calling fopen(potpis.txtulaz45.txt, rb)
401717D887780000:error:10000080:BIO routines:BIO_new_file:no such file:../crypto/bio/bss_file.c:75:
Error opening signature file potpis.txtulaz46.txt
4007896700740000:error:80000002:system library:BIO_new_file:No such file or directory:../crypto/bio/bss_file.c:67:calling fopen(potpis.txtulaz46.txt, rb)
4007896700740000:error:10000080:BIO routines:BIO_new_file:no such file:../crypto/bio/bss_file.c:75:
Error opening signature file potpis.txtulaz47.txt
4037DB0E64780000:error:80000002:system library:BIO_new_file:No such file or directory:../crypto/bio/bss_file.c:67:calling fopen(potpis.txtulaz47.txt, rb)
4037DB0E64780000:error:10000080:BIO routines:BIO_new_file:no such file:../crypto/bio/bss_file.c:75:
Error opening signature file potpis.txtulaz48.txt
4027AFFD92720000:error:80000002:system library:BIO_new_file:No such file or directory:../crypto/bio/bss_file.c:67:calling fopen(potpis.txtulaz48.txt, rb)
4027AFFD92720000:error:10000080:BIO routines:BIO_new_file:no such file:../crypto/bio/bss_file.c:75:
Error opening signature file potpis.txtulaz49.txt
40870AA09B7C0000:error:80000002:system library:BIO_new_file:No such file or directory:../crypto/bio/bss_file.c:67:calling fopen(potpis.txtulaz49.txt, rb)
40870AA09B7C0000:error:10000080:BIO routines:BIO_new_file:no such file:../crypto/bio/bss_file.c:75:
Error opening signature file potpis.txtulaz4.txt
40D73B51B3780000:error:80000002:system library:BIO_new_file:No such file or directory:../crypto/bio/bss_file.c:67:calling fopen(potpis.txtulaz4.txt, rb)
40D73B51B3780000:error:10000080:BIO routines:BIO_new_file:no such file:../crypto/bio/bss_file.c:75:
Error opening signature file potpis.txtulaz50.txt
4067FF61947F0000:error:80000002:system library:BIO_new_file:No such file or directory:../crypto/bio/bss_file.c:67:calling fopen(potpis.txtulaz50.txt, rb)
4067FF61947F0000:error:10000080:BIO routines:BIO_new_file:no such file:../crypto/bio/bss_file.c:75:
Error opening signature file potpis.txtulaz5.txt
4027EE69FF7B0000:error:80000002:system library:BIO_new_file:No such file or directory:../crypto/bio/bss_file.c:67:calling fopen(potpis.txtulaz5.txt, rb)
4027EE69FF7B0000:error:10000080:BIO routines:BIO_new_file:no such file:../crypto/bio/bss_file.c:75:
Error opening signature file potpis.txtulaz6.txt
40078C821A790000:error:80000002:system library:BIO_new_file:No such file or directory:../crypto/bio/bss_file.c:67:calling fopen(potpis.txtulaz6.txt, rb)
40078C821A790000:error:10000080:BIO routines:BIO_new_file:no such file:../crypto/bio/bss_file.c:75:
Error opening signature file potpis.txtulaz7.txt
40D7E34DFC6F0000:error:80000002:system library:BIO_new_file:No such file or directory:../crypto/bio/bss_file.c:67:calling fopen(potpis.txtulaz7.txt, rb)
40D7E34DFC6F0000:error:10000080:BIO routines:BIO_new_file:no such file:../crypto/bio/bss_file.c:75:
Error opening signature file potpis.txtulaz8.txt
40171B7F9E770000:error:80000002:system library:BIO_new_file:No such file or directory:../crypto/bio/bss_file.c:67:calling fopen(potpis.txtulaz8.txt, rb)
40171B7F9E770000:error:10000080:BIO routines:BIO_new_file:no such file:../crypto/bio/bss_file.c:75:
Error opening signature file potpis.txtulaz9.txt
40F7527490790000:error:80000002:system library:BIO_new_file:No such file or directory:../crypto/bio/bss_file.c:67:calling fopen(potpis.txtulaz9.txt, rb)
40F7527490790000:error:10000080:BIO routines:BIO_new_file:no such file:../crypto/bio/bss_file.c:75:
Error opening signature file potpis.txtulaz10.txt
4017368C267F0000:error:80000002:system library:BIO_new_file:No such file or directory:../crypto/bio/bss_file.c:67:calling fopen(potpis.txtulaz10.txt, rb)
4017368C267F0000:error:10000080:BIO routines:BIO_new_file:no such file:../crypto/bio/bss_file.c:75:
Error opening signature file potpis.txtulaz11.txt
40473788467E0000:error:80000002:system library:BIO_new_file:No such file or directory:../crypto/bio/bss_file.c:67:calling fopen(potpis.txtulaz11.txt, rb)
40473788467E0000:error:10000080:BIO routines:BIO_new_file:no such file:../crypto/bio/bss_file.c:75:
Error opening signature file potpis.txtulaz12.txt
40479538087E0000:error:80000002:system library:BIO_new_file:No such file or directory:../crypto/bio/bss_file.c:67:calling fopen(potpis.txtulaz12.txt, rb)
40479538087E0000:error:10000080:BIO routines:BIO_new_file:no such file:../crypto/bio/bss_file.c:75:
Error opening signature file potpis.txtulaz13.txt
4017B079DC750000:error:80000002:system library:BIO_new_file:No such file or directory:../crypto/bio/bss_file.c:67:calling fopen(potpis.txtulaz13.txt, rb)
4017B079DC750000:error:10000080:BIO routines:BIO_new_file:no such file:../crypto/bio/bss_file.c:75:
Error opening signature file potpis.txtulaz14.txt
4057ACF460790000:error:80000002:system library:BIO_new_file:No such file or directory:../crypto/bio/bss_file.c:67:calling fopen(potpis.txtulaz14.txt, rb)
4057ACF460790000:error:10000080:BIO routines:BIO_new_file:no such file:../crypto/bio/bss_file.c:75:
Error opening signature file potpis.txtulaz15.txt
40B7D1AE4F7C0000:error:80000002:system library:BIO_new_file:No such file or directory:../crypto/bio/bss_file.c:67:calling fopen(potpis.txtulaz15.txt, rb)
40B7D1AE4F7C0000:error:10000080:BIO routines:BIO_new_file:no such file:../crypto/bio/bss_file.c:75:
Error opening signature file potpis.txtulaz16.txt
40A751A6D4790000:error:80000002:system library:BIO_new_file:No such file or directory:../crypto/bio/bss_file.c:67:calling fopen(potpis.txtulaz16.txt, rb)
40A751A6D4790000:error:10000080:BIO routines:BIO_new_file:no such file:../crypto/bio/bss_file.c:75:
Error opening signature file potpis.txtulaz17.txt
4077923FEC7E0000:error:80000002:system library:BIO_new_file:No such file or directory:../crypto/bio/bss_file.c:67:calling fopen(potpis.txtulaz17.txt, rb)
4077923FEC7E0000:error:10000080:BIO routines:BIO_new_file:no such file:../crypto/bio/bss_file.c:75:
Error opening signature file potpis.txtulaz18.txt
40171022387C0000:error:80000002:system library:BIO_new_file:No such file or directory:../crypto/bio/bss_file.c:67:calling fopen(potpis.txtulaz18.txt, rb)
40171022387C0000:error:10000080:BIO routines:BIO_new_file:no such file:../crypto/bio/bss_file.c:75:
Error opening signature file potpis.txtulaz19.txt
4077914664750000:error:80000002:system library:BIO_new_file:No such file or directory:../crypto/bio/bss_file.c:67:calling fopen(potpis.txtulaz19.txt, rb)
4077914664750000:error:10000080:BIO routines:BIO_new_file:no such file:../crypto/bio/bss_file.c:75:
Error opening signature file potpis.txtulaz1.txt
4057ACFC98780000:error:80000002:system library:BIO_new_file:No such file or directory:../crypto/bio/bss_file.c:67:calling fopen(potpis.txtulaz1.txt, rb)
4057ACFC98780000:error:10000080:BIO routines:BIO_new_file:no such file:../crypto/bio/bss_file.c:75:
Error opening signature file potpis.txtulaz20.txt
40F7B003BD7F0000:error:80000002:system library:BIO_new_file:No such file or directory:../crypto/bio/bss_file.c:67:calling fopen(potpis.txtulaz20.txt, rb)
40F7B003BD7F0000:error:10000080:BIO routines:BIO_new_file:no such file:../crypto/bio/bss_file.c:75:
Error opening signature file potpis.txtulaz21.txt
4007A4B992730000:error:80000002:system library:BIO_new_file:No such file or directory:../crypto/bio/bss_file.c:67:calling fopen(potpis.txtulaz21.txt, rb)
4007A4B992730000:error:10000080:BIO routines:BIO_new_file:no such file:../crypto/bio/bss_file.c:75:
Error opening signature file potpis.txtulaz22.txt
40E7C528A97D0000:error:80000002:system library:BIO_new_file:No such file or directory:../crypto/bio/bss_file.c:67:calling fopen(potpis.txtulaz22.txt, rb)
40E7C528A97D0000:error:10000080:BIO routines:BIO_new_file:no such file:../crypto/bio/bss_file.c:75:
Error opening signature file potpis.txtulaz23.txt
40F73CD08E750000:error:80000002:system library:BIO_new_file:No such file or directory:../crypto/bio/bss_file.c:67:calling fopen(potpis.txtulaz23.txt, rb)
40F73CD08E750000:error:10000080:BIO routines:BIO_new_file:no such file:../crypto/bio/bss_file.c:75:
Error opening signature file potpis.txtulaz24.txt
40F76CBFA3750000:error:80000002:system library:BIO_new_file:No such file or directory:../crypto/bio/bss_file.c:67:calling fopen(potpis.txtulaz24.txt, rb)
40F76CBFA3750000:error:10000080:BIO routines:BIO_new_file:no such file:../crypto/bio/bss_file.c:75:
Error opening signature file potpis.txtulaz25.txt
40475D23507F0000:error:80000002:system library:BIO_new_file:No such file or directory:../crypto/bio/bss_file.c:67:calling fopen(potpis.txtulaz25.txt, rb)
40475D23507F0000:error:10000080:BIO routines:BIO_new_file:no such file:../crypto/bio/bss_file.c:75:
Error opening signature file potpis.txtulaz26.txt
40074545F5710000:error:80000002:system library:BIO_new_file:No such file or directory:../crypto/bio/bss_file.c:67:calling fopen(potpis.txtulaz26.txt, rb)
40074545F5710000:error:10000080:BIO routines:BIO_new_file:no such file:../crypto/bio/bss_file.c:75:
Error opening signature file potpis.txtulaz27.txt
40B7DD969E770000:error:80000002:system library:BIO_new_file:No such file or directory:../crypto/bio/bss_file.c:67:calling fopen(potpis.txtulaz27.txt, rb)
40B7DD969E770000:error:10000080:BIO routines:BIO_new_file:no such file:../crypto/bio/bss_file.c:75:
Error opening signature file potpis.txtulaz28.txt
4047DFB49A710000:error:80000002:system library:BIO_new_file:No such file or directory:../crypto/bio/bss_file.c:67:calling fopen(potpis.txtulaz28.txt, rb)
4047DFB49A710000:error:10000080:BIO routines:BIO_new_file:no such file:../crypto/bio/bss_file.c:75:
Error opening signature file potpis.txtulaz29.txt
4017DCBB77780000:error:80000002:system library:BIO_new_file:No such file or directory:../crypto/bio/bss_file.c:67:calling fopen(potpis.txtulaz29.txt, rb)
4017DCBB77780000:error:10000080:BIO routines:BIO_new_file:no such file:../crypto/bio/bss_file.c:75:
Error opening signature file potpis.txtulaz2.txt
4027C54F9E7C0000:error:80000002:system library:BIO_new_file:No such file or directory:../crypto/bio/bss_file.c:67:calling fopen(potpis.txtulaz2.txt, rb)
4027C54F9E7C0000:error:10000080:BIO routines:BIO_new_file:no such file:../crypto/bio/bss_file.c:75:
Error opening signature file potpis.txtulaz30.txt
4007E6FC317C0000:error:80000002:system library:BIO_new_file:No such file or directory:../crypto/bio/bss_file.c:67:calling fopen(potpis.txtulaz30.txt, rb)
4007E6FC317C0000:error:10000080:BIO routines:BIO_new_file:no such file:../crypto/bio/bss_file.c:75:
Error opening signature file potpis.txtulaz31.txt
40472073B9700000:error:80000002:system library:BIO_new_file:No such file or directory:../crypto/bio/bss_file.c:67:calling fopen(potpis.txtulaz31.txt, rb)
40472073B9700000:error:10000080:BIO routines:BIO_new_file:no such file:../crypto/bio/bss_file.c:75:
Error opening signature file potpis.txtulaz32.txt
400790D5C47C0000:error:80000002:system library:BIO_new_file:No such file or directory:../crypto/bio/bss_file.c:67:calling fopen(potpis.txtulaz32.txt, rb)
400790D5C47C0000:error:10000080:BIO routines:BIO_new_file:no such file:../crypto/bio/bss_file.c:75:
Error opening signature file potpis.txtulaz33.txt
40D7B5A750740000:error:80000002:system library:BIO_new_file:No such file or directory:../crypto/bio/bss_file.c:67:calling fopen(potpis.txtulaz33.txt, rb)
40D7B5A750740000:error:10000080:BIO routines:BIO_new_file:no such file:../crypto/bio/bss_file.c:75:
Error opening signature file potpis.txtulaz34.txt
4017B469F77C0000:error:80000002:system library:BIO_new_file:No such file or directory:../crypto/bio/bss_file.c:67:calling fopen(potpis.txtulaz34.txt, rb)
4017B469F77C0000:error:10000080:BIO routines:BIO_new_file:no such file:../crypto/bio/bss_file.c:75:
Error opening signature file potpis.txtulaz35.txt
400710826B750000:error:80000002:system library:BIO_new_file:No such file or directory:../crypto/bio/bss_file.c:67:calling fopen(potpis.txtulaz35.txt, rb)
400710826B750000:error:10000080:BIO routines:BIO_new_file:no such file:../crypto/bio/bss_file.c:75:
Error opening signature file potpis.txtulaz36.txt
40D7719D02750000:error:80000002:system library:BIO_new_file:No such file or directory:../crypto/bio/bss_file.c:67:calling fopen(potpis.txtulaz36.txt, rb)
40D7719D02750000:error:10000080:BIO routines:BIO_new_file:no such file:../crypto/bio/bss_file.c:75:
Error opening signature file potpis.txtulaz37.txt
4007B6F16B780000:error:80000002:system library:BIO_new_file:No such file or directory:../crypto/bio/bss_file.c:67:calling fopen(potpis.txtulaz37.txt, rb)
4007B6F16B780000:error:10000080:BIO routines:BIO_new_file:no such file:../crypto/bio/bss_file.c:75:
Error opening signature file potpis.txtulaz38.txt
402735EC1A760000:error:80000002:system library:BIO_new_file:No such file or directory:../crypto/bio/bss_file.c:67:calling fopen(potpis.txtulaz38.txt, rb)
402735EC1A760000:error:10000080:BIO routines:BIO_new_file:no such file:../crypto/bio/bss_file.c:75:
Error opening signature file potpis.txtulaz39.txt
4007C5BDB17A0000:error:80000002:system library:BIO_new_file:No such file or directory:../crypto/bio/bss_file.c:67:calling fopen(potpis.txtulaz39.txt, rb)
4007C5BDB17A0000:error:10000080:BIO routines:BIO_new_file:no such file:../crypto/bio/bss_file.c:75:
Error opening signature file potpis.txtulaz3.txt
40A729D088720000:error:80000002:system library:BIO_new_file:No such file or directory:../crypto/bio/bss_file.c:67:calling fopen(potpis.txtulaz3.txt, rb)
40A729D088720000:error:10000080:BIO routines:BIO_new_file:no such file:../crypto/bio/bss_file.c:75:
Error opening signature file potpis.txtulaz40.txt
4067EF17BD770000:error:80000002:system library:BIO_new_file:No such file or directory:../crypto/bio/bss_file.c:67:calling fopen(potpis.txtulaz40.txt, rb)
4067EF17BD770000:error:10000080:BIO routines:BIO_new_file:no such file:../crypto/bio/bss_file.c:75:
Error opening signature file potpis.txtulaz41.txt
4027884C817E0000:error:80000002:system library:BIO_new_file:No such file or directory:../crypto/bio/bss_file.c:67:calling fopen(potpis.txtulaz41.txt, rb)
4027884C817E0000:error:10000080:BIO routines:BIO_new_file:no such file:../crypto/bio/bss_file.c:75:
Error opening signature file potpis.txtulaz42.txt
40A73388867E0000:error:80000002:system library:BIO_new_file:No such file or directory:../crypto/bio/bss_file.c:67:calling fopen(potpis.txtulaz42.txt, rb)
40A73388867E0000:error:10000080:BIO routines:BIO_new_file:no such file:../crypto/bio/bss_file.c:75:
Error opening signature file potpis.txtulaz43.txt
4037FD375D7C0000:error:80000002:system library:BIO_new_file:No such file or directory:../crypto/bio/bss_file.c:67:calling fopen(potpis.txtulaz43.txt, rb)
4037FD375D7C0000:error:10000080:BIO routines:BIO_new_file:no such file:../crypto/bio/bss_file.c:75:
Error opening signature file potpis.txtulaz44.txt
40174579A7710000:error:80000002:system library:BIO_new_file:No such file or directory:../crypto/bio/bss_file.c:67:calling fopen(potpis.txtulaz44.txt, rb)
40174579A7710000:error:10000080:BIO routines:BIO_new_file:no such file:../crypto/bio/bss_file.c:75:
Error opening signature file potpis.txtulaz45.txt
405734EC9A700000:error:80000002:system library:BIO_new_file:No such file or directory:../crypto/bio/bss_file.c:67:calling fopen(potpis.txtulaz45.txt, rb)
405734EC9A700000:error:10000080:BIO routines:BIO_new_file:no such file:../crypto/bio/bss_file.c:75:
Error opening signature file potpis.txtulaz46.txt
4007752D55700000:error:80000002:system library:BIO_new_file:No such file or directory:../crypto/bio/bss_file.c:67:calling fopen(potpis.txtulaz46.txt, rb)
4007752D55700000:error:10000080:BIO routines:BIO_new_file:no such file:../crypto/bio/bss_file.c:75:
Error opening signature file potpis.txtulaz47.txt
40D7DF275C7D0000:error:80000002:system library:BIO_new_file:No such file or directory:../crypto/bio/bss_file.c:67:calling fopen(potpis.txtulaz47.txt, rb)
40D7DF275C7D0000:error:10000080:BIO routines:BIO_new_file:no such file:../crypto/bio/bss_file.c:75:
Error opening signature file potpis.txtulaz48.txt
40B729D580740000:error:80000002:system library:BIO_new_file:No such file or directory:../crypto/bio/bss_file.c:67:calling fopen(potpis.txtulaz48.txt, rb)
40B729D580740000:error:10000080:BIO routines:BIO_new_file:no such file:../crypto/bio/bss_file.c:75:
Error opening signature file potpis.txtulaz49.txt
4097A96686760000:error:80000002:system library:BIO_new_file:No such file or directory:../crypto/bio/bss_file.c:67:calling fopen(potpis.txtulaz49.txt, rb)
4097A96686760000:error:10000080:BIO routines:BIO_new_file:no such file:../crypto/bio/bss_file.c:75:
Error opening signature file potpis.txtulaz4.txt
40B77CE0467E0000:error:80000002:system library:BIO_new_file:No such file or directory:../crypto/bio/bss_file.c:67:calling fopen(potpis.txtulaz4.txt, rb)
40B77CE0467E0000:error:10000080:BIO routines:BIO_new_file:no such file:../crypto/bio/bss_file.c:75:
Error opening signature file potpis.txtulaz50.txt
40071746A9790000:error:80000002:system library:BIO_new_file:No such file or directory:../crypto/bio/bss_file.c:67:calling fopen(potpis.txtulaz50.txt, rb)
40071746A9790000:error:10000080:BIO routines:BIO_new_file:no such file:../crypto/bio/bss_file.c:75:
Error opening signature file potpis.txtulaz5.txt
40B78069D17E0000:error:80000002:system library:BIO_new_file:No such file or directory:../crypto/bio/bss_file.c:67:calling fopen(potpis.txtulaz5.txt, rb)
40B78069D17E0000:error:10000080:BIO routines:BIO_new_file:no such file:../crypto/bio/bss_file.c:75:
Error opening signature file potpis.txtulaz6.txt
40C74E89F77E0000:error:80000002:system library:BIO_new_file:No such file or directory:../crypto/bio/bss_file.c:67:calling fopen(potpis.txtulaz6.txt, rb)
40C74E89F77E0000:error:10000080:BIO routines:BIO_new_file:no such file:../crypto/bio/bss_file.c:75:
Error opening signature file potpis.txtulaz7.txt
40179992FC760000:error:80000002:system library:BIO_new_file:No such file or directory:../crypto/bio/bss_file.c:67:calling fopen(potpis.txtulaz7.txt, rb)
40179992FC760000:error:10000080:BIO routines:BIO_new_file:no such file:../crypto/bio/bss_file.c:75:
Error opening signature file potpis.txtulaz8.txt
402706DCBC770000:error:80000002:system library:BIO_new_file:No such file or directory:../crypto/bio/bss_file.c:67:calling fopen(potpis.txtulaz8.txt, rb)
402706DCBC770000:error:10000080:BIO routines:BIO_new_file:no such file:../crypto/bio/bss_file.c:75:
Error opening signature file potpis.txtulaz9.txt
40F70E6D9E740000:error:80000002:system library:BIO_new_file:No such file or directory:../crypto/bio/bss_file.c:67:calling fopen(potpis.txtulaz9.txt, rb)
40F70E6D9E740000:error:10000080:BIO routines:BIO_new_file:no such file:../crypto/bio/bss_file.c:75:
Error opening signature file potpis.txtulaz10.txt
40471C72C27F0000:error:80000002:system library:BIO_new_file:No such file or directory:../crypto/bio/bss_file.c:67:calling fopen(potpis.txtulaz10.txt, rb)
40471C72C27F0000:error:10000080:BIO routines:BIO_new_file:no such file:../crypto/bio/bss_file.c:75:
Error opening signature file potpis.txtulaz11.txt
40E787D7E27B0000:error:80000002:system library:BIO_new_file:No such file or directory:../crypto/bio/bss_file.c:67:calling fopen(potpis.txtulaz11.txt, rb)
40E787D7E27B0000:error:10000080:BIO routines:BIO_new_file:no such file:../crypto/bio/bss_file.c:75:
Error opening signature file potpis.txtulaz12.txt
40A77AA2BF7C0000:error:80000002:system library:BIO_new_file:No such file or directory:../crypto/bio/bss_file.c:67:calling fopen(potpis.txtulaz12.txt, rb)
40A77AA2BF7C0000:error:10000080:BIO routines:BIO_new_file:no such file:../crypto/bio/bss_file.c:75:
Error opening signature file potpis.txtulaz13.txt
404733B4E9770000:error:80000002:system library:BIO_new_file:No such file or directory:../crypto/bio/bss_file.c:67:calling fopen(potpis.txtulaz13.txt, rb)
404733B4E9770000:error:10000080:BIO routines:BIO_new_file:no such file:../crypto/bio/bss_file.c:75:
Error opening signature file potpis.txtulaz14.txt
40B796CC8E7E0000:error:80000002:system library:BIO_new_file:No such file or directory:../crypto/bio/bss_file.c:67:calling fopen(potpis.txtulaz14.txt, rb)
40B796CC8E7E0000:error:10000080:BIO routines:BIO_new_file:no such file:../crypto/bio/bss_file.c:75:
Error opening signature file potpis.txtulaz15.txt
40971BBB0E710000:error:80000002:system library:BIO_new_file:No such file or directory:../crypto/bio/bss_file.c:67:calling fopen(potpis.txtulaz15.txt, rb)
40971BBB0E710000:error:10000080:BIO routines:BIO_new_file:no such file:../crypto/bio/bss_file.c:75:
Error opening signature file potpis.txtulaz16.txt
40C7BD93C6730000:error:80000002:system library:BIO_new_file:No such file or directory:../crypto/bio/bss_file.c:67:calling fopen(potpis.txtulaz16.txt, rb)
40C7BD93C6730000:error:10000080:BIO routines:BIO_new_file:no such file:../crypto/bio/bss_file.c:75:
Error opening signature file potpis.txtulaz17.txt
40D71BCEBB7D0000:error:80000002:system library:BIO_new_file:No such file or directory:../crypto/bio/bss_file.c:67:calling fopen(potpis.txtulaz17.txt, rb)
40D71BCEBB7D0000:error:10000080:BIO routines:BIO_new_file:no such file:../crypto/bio/bss_file.c:75:
Error opening signature file potpis.txtulaz18.txt
40C7BE9BD7760000:error:80000002:system library:BIO_new_file:No such file or directory:../crypto/bio/bss_file.c:67:calling fopen(potpis.txtulaz18.txt, rb)
40C7BE9BD7760000:error:10000080:BIO routines:BIO_new_file:no such file:../crypto/bio/bss_file.c:75:
Error opening signature file potpis.txtulaz19.txt
40C75F3513770000:error:80000002:system library:BIO_new_file:No such file or directory:../crypto/bio/bss_file.c:67:calling fopen(potpis.txtulaz19.txt, rb)
40C75F3513770000:error:10000080:BIO routines:BIO_new_file:no such file:../crypto/bio/bss_file.c:75:
Error opening signature file potpis.txtulaz1.txt
4037FC114A710000:error:80000002:system library:BIO_new_file:No such file or directory:../crypto/bio/bss_file.c:67:calling fopen(potpis.txtulaz1.txt, rb)
4037FC114A710000:error:10000080:BIO routines:BIO_new_file:no such file:../crypto/bio/bss_file.c:75:
Error opening signature file potpis.txtulaz20.txt
40F70C25FF720000:error:80000002:system library:BIO_new_file:No such file or directory:../crypto/bio/bss_file.c:67:calling fopen(potpis.txtulaz20.txt, rb)
40F70C25FF720000:error:10000080:BIO routines:BIO_new_file:no such file:../crypto/bio/bss_file.c:75:
Error opening signature file potpis.txtulaz21.txt
4047C4A1AA700000:error:80000002:system library:BIO_new_file:No such file or directory:../crypto/bio/bss_file.c:67:calling fopen(potpis.txtulaz21.txt, rb)
4047C4A1AA700000:error:10000080:BIO routines:BIO_new_file:no such file:../crypto/bio/bss_file.c:75:
Error opening signature file potpis.txtulaz22.txt
40D7375C8B7B0000:error:80000002:system library:BIO_new_file:No such file or directory:../crypto/bio/bss_file.c:67:calling fopen(potpis.txtulaz22.txt, rb)
40D7375C8B7B0000:error:10000080:BIO routines:BIO_new_file:no such file:../crypto/bio/bss_file.c:75:
Error opening signature file potpis.txtulaz23.txt
4007E8E621730000:error:80000002:system library:BIO_new_file:No such file or directory:../crypto/bio/bss_file.c:67:calling fopen(potpis.txtulaz23.txt, rb)
4007E8E621730000:error:10000080:BIO routines:BIO_new_file:no such file:../crypto/bio/bss_file.c:75:
Error opening signature file potpis.txtulaz24.txt
403750E6F8730000:error:80000002:system library:BIO_new_file:No such file or directory:../crypto/bio/bss_file.c:67:calling fopen(potpis.txtulaz24.txt, rb)
403750E6F8730000:error:10000080:BIO routines:BIO_new_file:no such file:../crypto/bio/bss_file.c:75:
Error opening signature file potpis.txtulaz25.txt
40D7603F9C7B0000:error:80000002:system library:BIO_new_file:No such file or directory:../crypto/bio/bss_file.c:67:calling fopen(potpis.txtulaz25.txt, rb)
40D7603F9C7B0000:error:10000080:BIO routines:BIO_new_file:no such file:../crypto/bio/bss_file.c:75:
Error opening signature file potpis.txtulaz26.txt
4027E8041F700000:error:80000002:system library:BIO_new_file:No such file or directory:../crypto/bio/bss_file.c:67:calling fopen(potpis.txtulaz26.txt, rb)
4027E8041F700000:error:10000080:BIO routines:BIO_new_file:no such file:../crypto/bio/bss_file.c:75:
Error opening signature file potpis.txtulaz27.txt
4027D89ACD7A0000:error:80000002:system library:BIO_new_file:No such file or directory:../crypto/bio/bss_file.c:67:calling fopen(potpis.txtulaz27.txt, rb)
4027D89ACD7A0000:error:10000080:BIO routines:BIO_new_file:no such file:../crypto/bio/bss_file.c:75:
Error opening signature file potpis.txtulaz28.txt
4017A7E180700000:error:80000002:system library:BIO_new_file:No such file or directory:../crypto/bio/bss_file.c:67:calling fopen(potpis.txtulaz28.txt, rb)
4017A7E180700000:error:10000080:BIO routines:BIO_new_file:no such file:../crypto/bio/bss_file.c:75:
Error opening signature file potpis.txtulaz29.txt
40A7215C2B7A0000:error:80000002:system library:BIO_new_file:No such file or directory:../crypto/bio/bss_file.c:67:calling fopen(potpis.txtulaz29.txt, rb)
40A7215C2B7A0000:error:10000080:BIO routines:BIO_new_file:no such file:../crypto/bio/bss_file.c:75:
Error opening signature file potpis.txtulaz2.txt
4007E202D17E0000:error:80000002:system library:BIO_new_file:No such file or directory:../crypto/bio/bss_file.c:67:calling fopen(potpis.txtulaz2.txt, rb)
4007E202D17E0000:error:10000080:BIO routines:BIO_new_file:no such file:../crypto/bio/bss_file.c:75:
Error opening signature file potpis.txtulaz30.txt
40973187AE770000:error:80000002:system library:BIO_new_file:No such file or directory:../crypto/bio/bss_file.c:67:calling fopen(potpis.txtulaz30.txt, rb)
40973187AE770000:error:10000080:BIO routines:BIO_new_file:no such file:../crypto/bio/bss_file.c:75:
Error opening signature file potpis.txtulaz31.txt
40E73D1CD0730000:error:80000002:system library:BIO_new_file:No such file or directory:../crypto/bio/bss_file.c:67:calling fopen(potpis.txtulaz31.txt, rb)
40E73D1CD0730000:error:10000080:BIO routines:BIO_new_file:no such file:../crypto/bio/bss_file.c:75:
Error opening signature file potpis.txtulaz32.txt
40B7B4D166760000:error:80000002:system library:BIO_new_file:No such file or directory:../crypto/bio/bss_file.c:67:calling fopen(potpis.txtulaz32.txt, rb)
40B7B4D166760000:error:10000080:BIO routines:BIO_new_file:no such file:../crypto/bio/bss_file.c:75:
Error opening signature file potpis.txtulaz33.txt
40476862367D0000:error:80000002:system library:BIO_new_file:No such file or directory:../crypto/bio/bss_file.c:67:calling fopen(potpis.txtulaz33.txt, rb)
40476862367D0000:error:10000080:BIO routines:BIO_new_file:no such file:../crypto/bio/bss_file.c:75:
Error opening signature file potpis.txtulaz34.txt
4077AED7FA7B0000:error:80000002:system library:BIO_new_file:No such file or directory:../crypto/bio/bss_file.c:67:calling fopen(potpis.txtulaz34.txt, rb)
4077AED7FA7B0000:error:10000080:BIO routines:BIO_new_file:no such file:../crypto/bio/bss_file.c:75:
Error opening signature file potpis.txtulaz35.txt
402745F3ED7A0000:error:80000002:system library:BIO_new_file:No such file or directory:../crypto/bio/bss_file.c:67:calling fopen(potpis.txtulaz35.txt, rb)
402745F3ED7A0000:error:10000080:BIO routines:BIO_new_file:no such file:../crypto/bio/bss_file.c:75:
Error opening signature file potpis.txtulaz36.txt
401702C796770000:error:80000002:system library:BIO_new_file:No such file or directory:../crypto/bio/bss_file.c:67:calling fopen(potpis.txtulaz36.txt, rb)
401702C796770000:error:10000080:BIO routines:BIO_new_file:no such file:../crypto/bio/bss_file.c:75:
Error opening signature file potpis.txtulaz37.txt
40F7FDF68C7B0000:error:80000002:system library:BIO_new_file:No such file or directory:../crypto/bio/bss_file.c:67:calling fopen(potpis.txtulaz37.txt, rb)
40F7FDF68C7B0000:error:10000080:BIO routines:BIO_new_file:no such file:../crypto/bio/bss_file.c:75:
Error opening signature file potpis.txtulaz38.txt
408745940F740000:error:80000002:system library:BIO_new_file:No such file or directory:../crypto/bio/bss_file.c:67:calling fopen(potpis.txtulaz38.txt, rb)
408745940F740000:error:10000080:BIO routines:BIO_new_file:no such file:../crypto/bio/bss_file.c:75:
Error opening signature file potpis.txtulaz39.txt
40E73B3E6A790000:error:80000002:system library:BIO_new_file:No such file or directory:../crypto/bio/bss_file.c:67:calling fopen(potpis.txtulaz39.txt, rb)
40E73B3E6A790000:error:10000080:BIO routines:BIO_new_file:no such file:../crypto/bio/bss_file.c:75:
Error opening signature file potpis.txtulaz3.txt
4097D3147D760000:error:80000002:system library:BIO_new_file:No such file or directory:../crypto/bio/bss_file.c:67:calling fopen(potpis.txtulaz3.txt, rb)
4097D3147D760000:error:10000080:BIO routines:BIO_new_file:no such file:../crypto/bio/bss_file.c:75:
Error opening signature file potpis.txtulaz40.txt
40B7166F89790000:error:80000002:system library:BIO_new_file:No such file or directory:../crypto/bio/bss_file.c:67:calling fopen(potpis.txtulaz40.txt, rb)
40B7166F89790000:error:10000080:BIO routines:BIO_new_file:no such file:../crypto/bio/bss_file.c:75:
Error opening signature file potpis.txtulaz41.txt
40472AF6A8710000:error:80000002:system library:BIO_new_file:No such file or directory:../crypto/bio/bss_file.c:67:calling fopen(potpis.txtulaz41.txt, rb)
40472AF6A8710000:error:10000080:BIO routines:BIO_new_file:no such file:../crypto/bio/bss_file.c:75:
Error opening signature file potpis.txtulaz42.txt
40B724C512730000:error:80000002:system library:BIO_new_file:No such file or directory:../crypto/bio/bss_file.c:67:calling fopen(potpis.txtulaz42.txt, rb)
40B724C512730000:error:10000080:BIO routines:BIO_new_file:no such file:../crypto/bio/bss_file.c:75:
Error opening signature file potpis.txtulaz43.txt
40C75D40F1760000:error:80000002:system library:BIO_new_file:No such file or directory:../crypto/bio/bss_file.c:67:calling fopen(potpis.txtulaz43.txt, rb)
40C75D40F1760000:error:10000080:BIO routines:BIO_new_file:no such file:../crypto/bio/bss_file.c:75:
Error opening signature file potpis.txtulaz44.txt
40D7030386710000:error:80000002:system library:BIO_new_file:No such file or directory:../crypto/bio/bss_file.c:67:calling fopen(potpis.txtulaz44.txt, rb)
40D7030386710000:error:10000080:BIO routines:BIO_new_file:no such file:../crypto/bio/bss_file.c:75:
Error opening signature file potpis.txtulaz45.txt
40075E16B37C0000:error:80000002:system library:BIO_new_file:No such file or directory:../crypto/bio/bss_file.c:67:calling fopen(potpis.txtulaz45.txt, rb)
40075E16B37C0000:error:10000080:BIO routines:BIO_new_file:no such file:../crypto/bio/bss_file.c:75:
Error opening signature file potpis.txtulaz46.txt
40075249A0700000:error:80000002:system library:BIO_new_file:No such file or directory:../crypto/bio/bss_file.c:67:calling fopen(potpis.txtulaz46.txt, rb)
40075249A0700000:error:10000080:BIO routines:BIO_new_file:no such file:../crypto/bio/bss_file.c:75:
Error opening signature file potpis.txtulaz47.txt
4077043D237D0000:error:80000002:system library:BIO_new_file:No such file or directory:../crypto/bio/bss_file.c:67:calling fopen(potpis.txtulaz47.txt, rb)
4077043D237D0000:error:10000080:BIO routines:BIO_new_file:no such file:../crypto/bio/bss_file.c:75:
Error opening signature file potpis.txtulaz48.txt
4007050CAE720000:error:80000002:system library:BIO_new_file:No such file or directory:../crypto/bio/bss_file.c:67:calling fopen(potpis.txtulaz48.txt, rb)
4007050CAE720000:error:10000080:BIO routines:BIO_new_file:no such file:../crypto/bio/bss_file.c:75:
Error opening signature file potpis.txtulaz49.txt
4097134B8E770000:error:80000002:system library:BIO_new_file:No such file or directory:../crypto/bio/bss_file.c:67:calling fopen(potpis.txtulaz49.txt, rb)
4097134B8E770000:error:10000080:BIO routines:BIO_new_file:no such file:../crypto/bio/bss_file.c:75:
Error opening signature file potpis.txtulaz4.txt
40775962CE740000:error:80000002:system library:BIO_new_file:No such file or directory:../crypto/bio/bss_file.c:67:calling fopen(potpis.txtulaz4.txt, rb)
40775962CE740000:error:10000080:BIO routines:BIO_new_file:no such file:../crypto/bio/bss_file.c:75:
Error opening signature file potpis.txtulaz50.txt
40A7419C307C0000:error:80000002:system library:BIO_new_file:No such file or directory:../crypto/bio/bss_file.c:67:calling fopen(potpis.txtulaz50.txt, rb)
40A7419C307C0000:error:10000080:BIO routines:BIO_new_file:no such file:../crypto/bio/bss_file.c:75:
Error opening signature file potpis.txtulaz5.txt
4087BB9D417A0000:error:80000002:system library:BIO_new_file:No such file or directory:../crypto/bio/bss_file.c:67:calling fopen(potpis.txtulaz5.txt, rb)
4087BB9D417A0000:error:10000080:BIO routines:BIO_new_file:no such file:../crypto/bio/bss_file.c:75:
Error opening signature file potpis.txtulaz6.txt
40D71821CB7C0000:error:80000002:system library:BIO_new_file:No such file or directory:../crypto/bio/bss_file.c:67:calling fopen(potpis.txtulaz6.txt, rb)
40D71821CB7C0000:error:10000080:BIO routines:BIO_new_file:no such file:../crypto/bio/bss_file.c:75:
Error opening signature file potpis.txtulaz7.txt
40179ED1CB7F0000:error:80000002:system library:BIO_new_file:No such file or directory:../crypto/bio/bss_file.c:67:calling fopen(potpis.txtulaz7.txt, rb)
40179ED1CB7F0000:error:10000080:BIO routines:BIO_new_file:no such file:../crypto/bio/bss_file.c:75:
Error opening signature file potpis.txtulaz8.txt
4067D32499700000:error:80000002:system library:BIO_new_file:No such file or directory:../crypto/bio/bss_file.c:67:calling fopen(potpis.txtulaz8.txt, rb)
4067D32499700000:error:10000080:BIO routines:BIO_new_file:no such file:../crypto/bio/bss_file.c:75:
Error opening signature file potpis.txtulaz9.txt
4057CDCA007D0000:error:80000002:system library:BIO_new_file:No such file or directory:../crypto/bio/bss_file.c:67:calling fopen(potpis.txtulaz9.txt, rb)
4057CDCA007D0000:error:10000080:BIO routines:BIO_new_file:no such file:../crypto/bio/bss_file.c:75:
40F7AF0DE8730000:error:0200008A:rsa routines:RSA_padding_check_PKCS1_type_1:invalid padding:../crypto/rsa/rsa_pk1.c:79:
40F7AF0DE8730000:error:02000072:rsa routines:rsa_ossl_public_decrypt:padding check failed:../crypto/rsa/rsa_ossl.c:697:
40F7AF0DE8730000:error:1C880004:Provider routines:rsa_verify:RSA lib:../providers/implementations/signature/rsa_sig.c:774:
40D7FF0DA0720000:error:0200008A:rsa routines:RSA_padding_check_PKCS1_type_1:invalid padding:../crypto/rsa/rsa_pk1.c:79:
40D7FF0DA0720000:error:02000072:rsa routines:rsa_ossl_public_decrypt:padding check failed:../crypto/rsa/rsa_ossl.c:697:
40D7FF0DA0720000:error:1C880004:Provider routines:rsa_verify:RSA lib:../providers/implementations/signature/rsa_sig.c:774:
404744F2BD7A0000:error:0200008A:rsa routines:RSA_padding_check_PKCS1_type_1:invalid padding:../crypto/rsa/rsa_pk1.c:79:
404744F2BD7A0000:error:02000072:rsa routines:rsa_ossl_public_decrypt:padding check failed:../crypto/rsa/rsa_ossl.c:697:
404744F2BD7A0000:error:1C880004:Provider routines:rsa_verify:RSA lib:../providers/implementations/signature/rsa_sig.c:774:
40D77FFB76760000:error:0200008A:rsa routines:RSA_padding_check_PKCS1_type_1:invalid padding:../crypto/rsa/rsa_pk1.c:79:
40D77FFB76760000:error:02000072:rsa routines:rsa_ossl_public_decrypt:padding check failed:../crypto/rsa/rsa_ossl.c:697:
40D77FFB76760000:error:1C880004:Provider routines:rsa_verify:RSA lib:../providers/implementations/signature/rsa_sig.c:774:
4037EF6984710000:error:0200008A:rsa routines:RSA_padding_check_PKCS1_type_1:invalid padding:../crypto/rsa/rsa_pk1.c:79:
4037EF6984710000:error:02000072:rsa routines:rsa_ossl_public_decrypt:padding check failed:../crypto/rsa/rsa_ossl.c:697:
4037EF6984710000:error:1C880004:Provider routines:rsa_verify:RSA lib:../providers/implementations/signature/rsa_sig.c:774:
40A72F2020770000:error:0200008A:rsa routines:RSA_padding_check_PKCS1_type_1:invalid padding:../crypto/rsa/rsa_pk1.c:79:
40A72F2020770000:error:02000072:rsa routines:rsa_ossl_public_decrypt:padding check failed:../crypto/rsa/rsa_ossl.c:697:
40A72F2020770000:error:1C880004:Provider routines:rsa_verify:RSA lib:../providers/implementations/signature/rsa_sig.c:774:
4097C388B37F0000:error:0200008A:rsa routines:RSA_padding_check_PKCS1_type_1:invalid padding:../crypto/rsa/rsa_pk1.c:79:
4097C388B37F0000:error:02000072:rsa routines:rsa_ossl_public_decrypt:padding check failed:../crypto/rsa/rsa_ossl.c:697:
4097C388B37F0000:error:1C880004:Provider routines:rsa_verify:RSA lib:../providers/implementations/signature/rsa_sig.c:774:
4017B4D3E5710000:error:0200008A:rsa routines:RSA_padding_check_PKCS1_type_1:invalid padding:../crypto/rsa/rsa_pk1.c:79:
4017B4D3E5710000:error:02000072:rsa routines:rsa_ossl_public_decrypt:padding check failed:../crypto/rsa/rsa_ossl.c:697:
4017B4D3E5710000:error:1C880004:Provider routines:rsa_verify:RSA lib:../providers/implementations/signature/rsa_sig.c:774:
40A7D35E32760000:error:0200008A:rsa routines:RSA_padding_check_PKCS1_type_1:invalid padding:../crypto/rsa/rsa_pk1.c:79:
40A7D35E32760000:error:02000072:rsa routines:rsa_ossl_public_decrypt:padding check failed:../crypto/rsa/rsa_ossl.c:697:
40A7D35E32760000:error:1C880004:Provider routines:rsa_verify:RSA lib:../providers/implementations/signature/rsa_sig.c:774:
4087F72A93790000:error:0200008A:rsa routines:RSA_padding_check_PKCS1_type_1:invalid padding:../crypto/rsa/rsa_pk1.c:79:
4087F72A93790000:error:02000072:rsa routines:rsa_ossl_public_decrypt:padding check failed:../crypto/rsa/rsa_ossl.c:697:
4087F72A93790000:error:1C880004:Provider routines:rsa_verify:RSA lib:../providers/implementations/signature/rsa_sig.c:774:
40E74DD542760000:error:0200008A:rsa routines:RSA_padding_check_PKCS1_type_1:invalid padding:../crypto/rsa/rsa_pk1.c:79:
40E74DD542760000:error:02000072:rsa routines:rsa_ossl_public_decrypt:padding check failed:../crypto/rsa/rsa_ossl.c:697:
40E74DD542760000:error:1C880004:Provider routines:rsa_verify:RSA lib:../providers/implementations/signature/rsa_sig.c:774:
40A7E50675700000:error:0200008A:rsa routines:RSA_padding_check_PKCS1_type_1:invalid padding:../crypto/rsa/rsa_pk1.c:79:
40A7E50675700000:error:02000072:rsa routines:rsa_ossl_public_decrypt:padding check failed:../crypto/rsa/rsa_ossl.c:697:
40A7E50675700000:error:1C880004:Provider routines:rsa_verify:RSA lib:../providers/implementations/signature/rsa_sig.c:774:
40D7E2F2617B0000:error:0200008A:rsa routines:RSA_padding_check_PKCS1_type_1:invalid padding:../crypto/rsa/rsa_pk1.c:79:
40D7E2F2617B0000:error:02000072:rsa routines:rsa_ossl_public_decrypt:padding check failed:../crypto/rsa/rsa_ossl.c:697:
40D7E2F2617B0000:error:1C880004:Provider routines:rsa_verify:RSA lib:../providers/implementations/signature/rsa_sig.c:774:
400789416F7D0000:error:0200008A:rsa routines:RSA_padding_check_PKCS1_type_1:invalid padding:../crypto/rsa/rsa_pk1.c:79:
400789416F7D0000:error:02000072:rsa routines:rsa_ossl_public_decrypt:padding check failed:../crypto/rsa/rsa_ossl.c:697:
400789416F7D0000:error:1C880004:Provider routines:rsa_verify:RSA lib:../providers/implementations/signature/rsa_sig.c:774:
40A73DBA8C790000:error:0200008A:rsa routines:RSA_padding_check_PKCS1_type_1:invalid padding:../crypto/rsa/rsa_pk1.c:79:
40A73DBA8C790000:error:02000072:rsa routines:rsa_ossl_public_decrypt:padding check failed:../crypto/rsa/rsa_ossl.c:697:
40A73DBA8C790000:error:1C880004:Provider routines:rsa_verify:RSA lib:../providers/implementations/signature/rsa_sig.c:774:
40B721B13D770000:error:0200008A:rsa routines:RSA_padding_check_PKCS1_type_1:invalid padding:../crypto/rsa/rsa_pk1.c:79:
40B721B13D770000:error:02000072:rsa routines:rsa_ossl_public_decrypt:padding check failed:../crypto/rsa/rsa_ossl.c:697:
40B721B13D770000:error:1C880004:Provider routines:rsa_verify:RSA lib:../providers/implementations/signature/rsa_sig.c:774:
4047934B1A780000:error:0200008A:rsa routines:RSA_padding_check_PKCS1_type_1:invalid padding:../crypto/rsa/rsa_pk1.c:79:
4047934B1A780000:error:02000072:rsa routines:rsa_ossl_public_decrypt:padding check failed:../crypto/rsa/rsa_ossl.c:697:
4047934B1A780000:error:1C880004:Provider routines:rsa_verify:RSA lib:../providers/implementations/signature/rsa_sig.c:774:
40F786CE56730000:error:0200008A:rsa routines:RSA_padding_check_PKCS1_type_1:invalid padding:../crypto/rsa/rsa_pk1.c:79:
40F786CE56730000:error:02000072:rsa routines:rsa_ossl_public_decrypt:padding check failed:../crypto/rsa/rsa_ossl.c:697:
40F786CE56730000:error:1C880004:Provider routines:rsa_verify:RSA lib:../providers/implementations/signature/rsa_sig.c:774:
4037F002F1730000:error:0200008A:rsa routines:RSA_padding_check_PKCS1_type_1:invalid padding:../crypto/rsa/rsa_pk1.c:79:
4037F002F1730000:error:02000072:rsa routines:rsa_ossl_public_decrypt:padding check failed:../crypto/rsa/rsa_ossl.c:697:
4037F002F1730000:error:1C880004:Provider routines:rsa_verify:RSA lib:../providers/implementations/signature/rsa_sig.c:774:
40D7F3666B730000:error:0200008A:rsa routines:RSA_padding_check_PKCS1_type_1:invalid padding:../crypto/rsa/rsa_pk1.c:79:
40D7F3666B730000:error:02000072:rsa routines:rsa_ossl_public_decrypt:padding check failed:../crypto/rsa/rsa_ossl.c:697:
40D7F3666B730000:error:1C880004:Provider routines:rsa_verify:RSA lib:../providers/implementations/signature/rsa_sig.c:774:
40D7BD1FF7720000:error:0200008A:rsa routines:RSA_padding_check_PKCS1_type_1:invalid padding:../crypto/rsa/rsa_pk1.c:79:
40D7BD1FF7720000:error:02000072:rsa routines:rsa_ossl_public_decrypt:padding check failed:../crypto/rsa/rsa_ossl.c:697:
40D7BD1FF7720000:error:1C880004:Provider routines:rsa_verify:RSA lib:../providers/implementations/signature/rsa_sig.c:774:
40478876EF7E0000:error:0200008A:rsa routines:RSA_padding_check_PKCS1_type_1:invalid padding:../crypto/rsa/rsa_pk1.c:79:
40478876EF7E0000:error:02000072:rsa routines:rsa_ossl_public_decrypt:padding check failed:../crypto/rsa/rsa_ossl.c:697:
40478876EF7E0000:error:1C880004:Provider routines:rsa_verify:RSA lib:../providers/implementations/signature/rsa_sig.c:774:
406746444F730000:error:0200008A:rsa routines:RSA_padding_check_PKCS1_type_1:invalid padding:../crypto/rsa/rsa_pk1.c:79:
406746444F730000:error:02000072:rsa routines:rsa_ossl_public_decrypt:padding check failed:../crypto/rsa/rsa_ossl.c:697:
406746444F730000:error:1C880004:Provider routines:rsa_verify:RSA lib:../providers/implementations/signature/rsa_sig.c:774:
4017417B917C0000:error:0200008A:rsa routines:RSA_padding_check_PKCS1_type_1:invalid padding:../crypto/rsa/rsa_pk1.c:79:
4017417B917C0000:error:02000072:rsa routines:rsa_ossl_public_decrypt:padding check failed:../crypto/rsa/rsa_ossl.c:697:
4017417B917C0000:error:1C880004:Provider routines:rsa_verify:RSA lib:../providers/implementations/signature/rsa_sig.c:774:
40B7067BBF770000:error:0200008A:rsa routines:RSA_padding_check_PKCS1_type_1:invalid padding:../crypto/rsa/rsa_pk1.c:79:
40B7067BBF770000:error:02000072:rsa routines:rsa_ossl_public_decrypt:padding check failed:../crypto/rsa/rsa_ossl.c:697:
40B7067BBF770000:error:1C880004:Provider routines:rsa_verify:RSA lib:../providers/implementations/signature/rsa_sig.c:774:
40070F8A28700000:error:0200008A:rsa routines:RSA_padding_check_PKCS1_type_1:invalid padding:../crypto/rsa/rsa_pk1.c:79:
40070F8A28700000:error:02000072:rsa routines:rsa_ossl_public_decrypt:padding check failed:../crypto/rsa/rsa_ossl.c:697:
40070F8A28700000:error:1C880004:Provider routines:rsa_verify:RSA lib:../providers/implementations/signature/rsa_sig.c:774:
40C7DF703E770000:error:0200008A:rsa routines:RSA_padding_check_PKCS1_type_1:invalid padding:../crypto/rsa/rsa_pk1.c:79:
40C7DF703E770000:error:02000072:rsa routines:rsa_ossl_public_decrypt:padding check failed:../crypto/rsa/rsa_ossl.c:697:
40C7DF703E770000:error:1C880004:Provider routines:rsa_verify:RSA lib:../providers/implementations/signature/rsa_sig.c:774:
4017C9F528760000:error:0200008A:rsa routines:RSA_padding_check_PKCS1_type_1:invalid padding:../crypto/rsa/rsa_pk1.c:79:
4017C9F528760000:error:02000072:rsa routines:rsa_ossl_public_decrypt:padding check failed:../crypto/rsa/rsa_ossl.c:697:
4017C9F528760000:error:1C880004:Provider routines:rsa_verify:RSA lib:../providers/implementations/signature/rsa_sig.c:774:
40879EEEEC7D0000:error:0200008A:rsa routines:RSA_padding_check_PKCS1_type_1:invalid padding:../crypto/rsa/rsa_pk1.c:79:
40879EEEEC7D0000:error:02000072:rsa routines:rsa_ossl_public_decrypt:padding check failed:../crypto/rsa/rsa_ossl.c:697:
40879EEEEC7D0000:error:1C880004:Provider routines:rsa_verify:RSA lib:../providers/implementations/signature/rsa_sig.c:774:
4027E9ADCB720000:error:0200008A:rsa routines:RSA_padding_check_PKCS1_type_1:invalid padding:../crypto/rsa/rsa_pk1.c:79:
4027E9ADCB720000:error:02000072:rsa routines:rsa_ossl_public_decrypt:padding check failed:../crypto/rsa/rsa_ossl.c:697:
4027E9ADCB720000:error:1C880004:Provider routines:rsa_verify:RSA lib:../providers/implementations/signature/rsa_sig.c:774:
406715D466790000:error:0200008A:rsa routines:RSA_padding_check_PKCS1_type_1:invalid padding:../crypto/rsa/rsa_pk1.c:79:
406715D466790000:error:02000072:rsa routines:rsa_ossl_public_decrypt:padding check failed:../crypto/rsa/rsa_ossl.c:697:
406715D466790000:error:1C880004:Provider routines:rsa_verify:RSA lib:../providers/implementations/signature/rsa_sig.c:774:
4027C393E87A0000:error:0200008A:rsa routines:RSA_padding_check_PKCS1_type_1:invalid padding:../crypto/rsa/rsa_pk1.c:79:
4027C393E87A0000:error:02000072:rsa routines:rsa_ossl_public_decrypt:padding check failed:../crypto/rsa/rsa_ossl.c:697:
4027C393E87A0000:error:1C880004:Provider routines:rsa_verify:RSA lib:../providers/implementations/signature/rsa_sig.c:774:
402744D80D740000:error:0200008A:rsa routines:RSA_padding_check_PKCS1_type_1:invalid padding:../crypto/rsa/rsa_pk1.c:79:
402744D80D740000:error:02000072:rsa routines:rsa_ossl_public_decrypt:padding check failed:../crypto/rsa/rsa_ossl.c:697:
402744D80D740000:error:1C880004:Provider routines:rsa_verify:RSA lib:../providers/implementations/signature/rsa_sig.c:774:
40678AE3F47A0000:error:0200008A:rsa routines:RSA_padding_check_PKCS1_type_1:invalid padding:../crypto/rsa/rsa_pk1.c:79:
40678AE3F47A0000:error:02000072:rsa routines:rsa_ossl_public_decrypt:padding check failed:../crypto/rsa/rsa_ossl.c:697:
40678AE3F47A0000:error:1C880004:Provider routines:rsa_verify:RSA lib:../providers/implementations/signature/rsa_sig.c:774:
4087EFBE50760000:error:0200008A:rsa routines:RSA_padding_check_PKCS1_type_1:invalid padding:../crypto/rsa/rsa_pk1.c:79:
4087EFBE50760000:error:02000072:rsa routines:rsa_ossl_public_decrypt:padding check failed:../crypto/rsa/rsa_ossl.c:697:
4087EFBE50760000:error:1C880004:Provider routines:rsa_verify:RSA lib:../providers/implementations/signature/rsa_sig.c:774:
40079D881D760000:error:0200008A:rsa routines:RSA_padding_check_PKCS1_type_1:invalid padding:../crypto/rsa/rsa_pk1.c:79:
40079D881D760000:error:02000072:rsa routines:rsa_ossl_public_decrypt:padding check failed:../crypto/rsa/rsa_ossl.c:697:
40079D881D760000:error:1C880004:Provider routines:rsa_verify:RSA lib:../providers/implementations/signature/rsa_sig.c:774:
4057D0DC317B0000:error:0200008A:rsa routines:RSA_padding_check_PKCS1_type_1:invalid padding:../crypto/rsa/rsa_pk1.c:79:
4057D0DC317B0000:error:02000072:rsa routines:rsa_ossl_public_decrypt:padding check failed:../crypto/rsa/rsa_ossl.c:697:
4057D0DC317B0000:error:1C880004:Provider routines:rsa_verify:RSA lib:../providers/implementations/signature/rsa_sig.c:774:
40C7219D27790000:error:0200008A:rsa routines:RSA_padding_check_PKCS1_type_1:invalid padding:../crypto/rsa/rsa_pk1.c:79:
40C7219D27790000:error:02000072:rsa routines:rsa_ossl_public_decrypt:padding check failed:../crypto/rsa/rsa_ossl.c:697:
40C7219D27790000:error:1C880004:Provider routines:rsa_verify:RSA lib:../providers/implementations/signature/rsa_sig.c:774:
40E74FDE90710000:error:0200008A:rsa routines:RSA_padding_check_PKCS1_type_1:invalid padding:../crypto/rsa/rsa_pk1.c:79:
40E74FDE90710000:error:02000072:rsa routines:rsa_ossl_public_decrypt:padding check failed:../crypto/rsa/rsa_ossl.c:697:
40E74FDE90710000:error:1C880004:Provider routines:rsa_verify:RSA lib:../providers/implementations/signature/rsa_sig.c:774:
40470AC4BB780000:error:0200008A:rsa routines:RSA_padding_check_PKCS1_type_1:invalid padding:../crypto/rsa/rsa_pk1.c:79:
40470AC4BB780000:error:02000072:rsa routines:rsa_ossl_public_decrypt:padding check failed:../crypto/rsa/rsa_ossl.c:697:
40470AC4BB780000:error:1C880004:Provider routines:rsa_verify:RSA lib:../providers/implementations/signature/rsa_sig.c:774:
40F7C3BCF07F0000:error:0200008A:rsa routines:RSA_padding_check_PKCS1_type_1:invalid padding:../crypto/rsa/rsa_pk1.c:79:
40F7C3BCF07F0000:error:02000072:rsa routines:rsa_ossl_public_decrypt:padding check failed:../crypto/rsa/rsa_ossl.c:697:
40F7C3BCF07F0000:error:1C880004:Provider routines:rsa_verify:RSA lib:../providers/implementations/signature/rsa_sig.c:774:
40A7B71E687C0000:error:0200008A:rsa routines:RSA_padding_check_PKCS1_type_1:invalid padding:../crypto/rsa/rsa_pk1.c:79:
40A7B71E687C0000:error:02000072:rsa routines:rsa_ossl_public_decrypt:padding check failed:../crypto/rsa/rsa_ossl.c:697:
40A7B71E687C0000:error:1C880004:Provider routines:rsa_verify:RSA lib:../providers/implementations/signature/rsa_sig.c:774:
40C726954F7D0000:error:0200008A:rsa routines:RSA_padding_check_PKCS1_type_1:invalid padding:../crypto/rsa/rsa_pk1.c:79:
40C726954F7D0000:error:02000072:rsa routines:rsa_ossl_public_decrypt:padding check failed:../crypto/rsa/rsa_ossl.c:697:
40C726954F7D0000:error:1C880004:Provider routines:rsa_verify:RSA lib:../providers/implementations/signature/rsa_sig.c:774:
40D78C7936710000:error:0200008A:rsa routines:RSA_padding_check_PKCS1_type_1:invalid padding:../crypto/rsa/rsa_pk1.c:79:
40D78C7936710000:error:02000072:rsa routines:rsa_ossl_public_decrypt:padding check failed:../crypto/rsa/rsa_ossl.c:697:
40D78C7936710000:error:1C880004:Provider routines:rsa_verify:RSA lib:../providers/implementations/signature/rsa_sig.c:774:
40B7E99F9A7B0000:error:0200008A:rsa routines:RSA_padding_check_PKCS1_type_1:invalid padding:../crypto/rsa/rsa_pk1.c:79:
40B7E99F9A7B0000:error:02000072:rsa routines:rsa_ossl_public_decrypt:padding check failed:../crypto/rsa/rsa_ossl.c:697:
40B7E99F9A7B0000:error:1C880004:Provider routines:rsa_verify:RSA lib:../providers/implementations/signature/rsa_sig.c:774:
40C7B91EB57C0000:error:0200008A:rsa routines:RSA_padding_check_PKCS1_type_1:invalid padding:../crypto/rsa/rsa_pk1.c:79:
40C7B91EB57C0000:error:02000072:rsa routines:rsa_ossl_public_decrypt:padding check failed:../crypto/rsa/rsa_ossl.c:697:
40C7B91EB57C0000:error:1C880004:Provider routines:rsa_verify:RSA lib:../providers/implementations/signature/rsa_sig.c:774:
40670870ED730000:error:0200008A:rsa routines:RSA_padding_check_PKCS1_type_1:invalid padding:../crypto/rsa/rsa_pk1.c:79:
40670870ED730000:error:02000072:rsa routines:rsa_ossl_public_decrypt:padding check failed:../crypto/rsa/rsa_ossl.c:697:
40670870ED730000:error:1C880004:Provider routines:rsa_verify:RSA lib:../providers/implementations/signature/rsa_sig.c:774:
4037B911507A0000:error:0200008A:rsa routines:RSA_padding_check_PKCS1_type_1:invalid padding:../crypto/rsa/rsa_pk1.c:79:
4037B911507A0000:error:02000072:rsa routines:rsa_ossl_public_decrypt:padding check failed:../crypto/rsa/rsa_ossl.c:697:
4037B911507A0000:error:1C880004:Provider routines:rsa_verify:RSA lib:../providers/implementations/signature/rsa_sig.c:774:
40A7B43F54760000:error:0200008A:rsa routines:RSA_padding_check_PKCS1_type_1:invalid padding:../crypto/rsa/rsa_pk1.c:79:
40A7B43F54760000:error:02000072:rsa routines:rsa_ossl_public_decrypt:padding check failed:../crypto/rsa/rsa_ossl.c:697:
40A7B43F54760000:error:1C880004:Provider routines:rsa_verify:RSA lib:../providers/implementations/signature/rsa_sig.c:774:
40D7C0CF377A0000:error:0200008A:rsa routines:RSA_padding_check_PKCS1_type_1:invalid padding:../crypto/rsa/rsa_pk1.c:79:
40D7C0CF377A0000:error:02000072:rsa routines:rsa_ossl_public_decrypt:padding check failed:../crypto/rsa/rsa_ossl.c:697:
40D7C0CF377A0000:error:1C880004:Provider routines:rsa_verify:RSA lib:../providers/implementations/signature/rsa_sig.c:774:
40E7EF379B720000:error:02000068:rsa routines:ossl_rsa_verify:bad signature:../crypto/rsa/rsa_sign.c:430:
40E7EF379B720000:error:1C880004:Provider routines:rsa_verify:RSA lib:../providers/implementations/signature/rsa_sig.c:774:
40571CE3987F0000:error:02000068:rsa routines:ossl_rsa_verify:bad signature:../crypto/rsa/rsa_sign.c:430:
40571CE3987F0000:error:1C880004:Provider routines:rsa_verify:RSA lib:../providers/implementations/signature/rsa_sig.c:774:
40A77E87D8760000:error:02000068:rsa routines:ossl_rsa_verify:bad signature:../crypto/rsa/rsa_sign.c:430:
40A77E87D8760000:error:1C880004:Provider routines:rsa_verify:RSA lib:../providers/implementations/signature/rsa_sig.c:774:
40073764B0720000:error:02000068:rsa routines:ossl_rsa_verify:bad signature:../crypto/rsa/rsa_sign.c:430:
40073764B0720000:error:1C880004:Provider routines:rsa_verify:RSA lib:../providers/implementations/signature/rsa_sig.c:774:
40C7E22B6C780000:error:02000068:rsa routines:ossl_rsa_verify:bad signature:../crypto/rsa/rsa_sign.c:430:
40C7E22B6C780000:error:1C880004:Provider routines:rsa_verify:RSA lib:../providers/implementations/signature/rsa_sig.c:774:
40B788E7977B0000:error:02000068:rsa routines:ossl_rsa_verify:bad signature:../crypto/rsa/rsa_sign.c:430:
40B788E7977B0000:error:1C880004:Provider routines:rsa_verify:RSA lib:../providers/implementations/signature/rsa_sig.c:774:
405743679B770000:error:02000068:rsa routines:ossl_rsa_verify:bad signature:../crypto/rsa/rsa_sign.c:430:
405743679B770000:error:1C880004:Provider routines:rsa_verify:RSA lib:../providers/implementations/signature/rsa_sig.c:774:
40177B13C8730000:error:02000068:rsa routines:ossl_rsa_verify:bad signature:../crypto/rsa/rsa_sign.c:430:
40177B13C8730000:error:1C880004:Provider routines:rsa_verify:RSA lib:../providers/implementations/signature/rsa_sig.c:774:
40874047B2710000:error:02000068:rsa routines:ossl_rsa_verify:bad signature:../crypto/rsa/rsa_sign.c:430:
40874047B2710000:error:1C880004:Provider routines:rsa_verify:RSA lib:../providers/implementations/signature/rsa_sig.c:774:
40E75A65E57E0000:error:02000068:rsa routines:ossl_rsa_verify:bad signature:../crypto/rsa/rsa_sign.c:430:
40E75A65E57E0000:error:1C880004:Provider routines:rsa_verify:RSA lib:../providers/implementations/signature/rsa_sig.c:774:
40477FB411760000:error:02000068:rsa routines:ossl_rsa_verify:bad signature:../crypto/rsa/rsa_sign.c:430:
40477FB411760000:error:1C880004:Provider routines:rsa_verify:RSA lib:../providers/implementations/signature/rsa_sig.c:774:
4037008E7D740000:error:02000068:rsa routines:ossl_rsa_verify:bad signature:../crypto/rsa/rsa_sign.c:430:
4037008E7D740000:error:1C880004:Provider routines:rsa_verify:RSA lib:../providers/implementations/signature/rsa_sig.c:774:
40C7686BA17D0000:error:02000068:rsa routines:ossl_rsa_verify:bad signature:../crypto/rsa/rsa_sign.c:430:
40C7686BA17D0000:error:1C880004:Provider routines:rsa_verify:RSA lib:../providers/implementations/signature/rsa_sig.c:774:
40C7056150740000:error:02000068:rsa routines:ossl_rsa_verify:bad signature:../crypto/rsa/rsa_sign.c:430:
40C7056150740000:error:1C880004:Provider routines:rsa_verify:RSA lib:../providers/implementations/signature/rsa_sig.c:774:
40E7226CB3740000:error:02000068:rsa routines:ossl_rsa_verify:bad signature:../crypto/rsa/rsa_sign.c:430:
40E7226CB3740000:error:1C880004:Provider routines:rsa_verify:RSA lib:../providers/implementations/signature/rsa_sig.c:774:
40C75F81A9700000:error:02000068:rsa routines:ossl_rsa_verify:bad signature:../crypto/rsa/rsa_sign.c:430:
40C75F81A9700000:error:1C880004:Provider routines:rsa_verify:RSA lib:../providers/implementations/signature/rsa_sig.c:774:
4067D99DDB7F0000:error:02000068:rsa routines:ossl_rsa_verify:bad signature:../crypto/rsa/rsa_sign.c:430:
4067D99DDB7F0000:error:1C880004:Provider routines:rsa_verify:RSA lib:../providers/implementations/signature/rsa_sig.c:774:
4037351F9E770000:error:02000068:rsa routines:ossl_rsa_verify:bad signature:../crypto/rsa/rsa_sign.c:430:
4037351F9E770000:error:1C880004:Provider routines:rsa_verify:RSA lib:../providers/implementations/signature/rsa_sig.c:774:
4077BAA8FF6F0000:error:02000068:rsa routines:ossl_rsa_verify:bad signature:../crypto/rsa/rsa_sign.c:430:
4077BAA8FF6F0000:error:1C880004:Provider routines:rsa_verify:RSA lib:../providers/implementations/signature/rsa_sig.c:774:
40478D83F67D0000:error:02000068:rsa routines:ossl_rsa_verify:bad signature:../crypto/rsa/rsa_sign.c:430:
40478D83F67D0000:error:1C880004:Provider routines:rsa_verify:RSA lib:../providers/implementations/signature/rsa_sig.c:774:
4077C49895740000:error:02000068:rsa routines:ossl_rsa_verify:bad signature:../crypto/rsa/rsa_sign.c:430:
4077C49895740000:error:1C880004:Provider routines:rsa_verify:RSA lib:../providers/implementations/signature/rsa_sig.c:774:
40D7B7F6A67B0000:error:02000068:rsa routines:ossl_rsa_verify:bad signature:../crypto/rsa/rsa_sign.c:430:
40D7B7F6A67B0000:error:1C880004:Provider routines:rsa_verify:RSA lib:../providers/implementations/signature/rsa_sig.c:774:
40970DD4B67E0000:error:02000068:rsa routines:ossl_rsa_verify:bad signature:../crypto/rsa/rsa_sign.c:430:
40970DD4B67E0000:error:1C880004:Provider routines:rsa_verify:RSA lib:../providers/implementations/signature/rsa_sig.c:774:
40C7A3CC357A0000:error:02000068:rsa routines:ossl_rsa_verify:bad signature:../crypto/rsa/rsa_sign.c:430:
40C7A3CC357A0000:error:1C880004:Provider routines:rsa_verify:RSA lib:../providers/implementations/signature/rsa_sig.c:774:
40E71AAB1F760000:error:02000068:rsa routines:ossl_rsa_verify:bad signature:../crypto/rsa/rsa_sign.c:430:
40E71AAB1F760000:error:1C880004:Provider routines:rsa_verify:RSA lib:../providers/implementations/signature/rsa_sig.c:774:
40077AE67A780000:error:02000068:rsa routines:ossl_rsa_verify:bad signature:../crypto/rsa/rsa_sign.c:430:
40077AE67A780000:error:1C880004:Provider routines:rsa_verify:RSA lib:../providers/implementations/signature/rsa_sig.c:774:
4087BA586A700000:error:02000068:rsa routines:ossl_rsa_verify:bad signature:../crypto/rsa/rsa_sign.c:430:
4087BA586A700000:error:1C880004:Provider routines:rsa_verify:RSA lib:../providers/implementations/signature/rsa_sig.c:774:
4007DEC5B4760000:error:02000068:rsa routines:ossl_rsa_verify:bad signature:../crypto/rsa/rsa_sign.c:430:
4007DEC5B4760000:error:1C880004:Provider routines:rsa_verify:RSA lib:../providers/implementations/signature/rsa_sig.c:774:
4097C4C34D790000:error:02000068:rsa routines:ossl_rsa_verify:bad signature:../crypto/rsa/rsa_sign.c:430:
4097C4C34D790000:error:1C880004:Provider routines:rsa_verify:RSA lib:../providers/implementations/signature/rsa_sig.c:774:
40871930797B0000:error:02000068:rsa routines:ossl_rsa_verify:bad signature:../crypto/rsa/rsa_sign.c:430:
40871930797B0000:error:1C880004:Provider routines:rsa_verify:RSA lib:../providers/implementations/signature/rsa_sig.c:774:
40A7619DE17C0000:error:02000068:rsa routines:ossl_rsa_verify:bad signature:../crypto/rsa/rsa_sign.c:430:
40A7619DE17C0000:error:1C880004:Provider routines:rsa_verify:RSA lib:../providers/implementations/signature/rsa_sig.c:774:
4037AE96777A0000:error:02000068:rsa routines:ossl_rsa_verify:bad signature:../crypto/rsa/rsa_sign.c:430:
4037AE96777A0000:error:1C880004:Provider routines:rsa_verify:RSA lib:../providers/implementations/signature/rsa_sig.c:774:
40E798B602770000:error:02000068:rsa routines:ossl_rsa_verify:bad signature:../crypto/rsa/rsa_sign.c:430:
40E798B602770000:error:1C880004:Provider routines:rsa_verify:RSA lib:../providers/implementations/signature/rsa_sig.c:774:
4027E6CECA7C0000:error:02000068:rsa routines:ossl_rsa_verify:bad signature:../crypto/rsa/rsa_sign.c:430:
4027E6CECA7C0000:error:1C880004:Provider routines:rsa_verify:RSA lib:../providers/implementations/signature/rsa_sig.c:774:
4017F458527D0000:error:02000068:rsa routines:ossl_rsa_verify:bad signature:../crypto/rsa/rsa_sign.c:430:
4017F458527D0000:error:1C880004:Provider routines:rsa_verify:RSA lib:../providers/implementations/signature/rsa_sig.c:774:
4017508DAD7D0000:error:02000068:rsa routines:ossl_rsa_verify:bad signature:../crypto/rsa/rsa_sign.c:430:
4017508DAD7D0000:error:1C880004:Provider routines:rsa_verify:RSA lib:../providers/implementations/signature/rsa_sig.c:774:
40E770B390750000:error:02000068:rsa routines:ossl_rsa_verify:bad signature:../crypto/rsa/rsa_sign.c:430:
40E770B390750000:error:1C880004:Provider routines:rsa_verify:RSA lib:../providers/implementations/signature/rsa_sig.c:774:
403708D0A8710000:error:02000068:rsa routines:ossl_rsa_verify:bad signature:../crypto/rsa/rsa_sign.c:430:
403708D0A8710000:error:1C880004:Provider routines:rsa_verify:RSA lib:../providers/implementations/signature/rsa_sig.c:774:
4097AD1E637B0000:error:02000068:rsa routines:ossl_rsa_verify:bad signature:../crypto/rsa/rsa_sign.c:430:
4097AD1E637B0000:error:1C880004:Provider routines:rsa_verify:RSA lib:../providers/implementations/signature/rsa_sig.c:774:
40D73F74EC790000:error:02000068:rsa routines:ossl_rsa_verify:bad signature:../crypto/rsa/rsa_sign.c:430:
40D73F74EC790000:error:1C880004:Provider routines:rsa_verify:RSA lib:../providers/implementations/signature/rsa_sig.c:774:
4057D44DE4740000:error:02000068:rsa routines:ossl_rsa_verify:bad signature:../crypto/rsa/rsa_sign.c:430:
4057D44DE4740000:error:1C880004:Provider routines:rsa_verify:RSA lib:../providers/implementations/signature/rsa_sig.c:774:
40578DB365780000:error:02000068:rsa routines:ossl_rsa_verify:bad signature:../crypto/rsa/rsa_sign.c:430:
40578DB365780000:error:1C880004:Provider routines:rsa_verify:RSA lib:../providers/implementations/signature/rsa_sig.c:774:
40771E4E117D0000:error:02000068:rsa routines:ossl_rsa_verify:bad signature:../crypto/rsa/rsa_sign.c:430:
40771E4E117D0000:error:1C880004:Provider routines:rsa_verify:RSA lib:../providers/implementations/signature/rsa_sig.c:774:
40B79F4418740000:error:02000068:rsa routines:ossl_rsa_verify:bad signature:../crypto/rsa/rsa_sign.c:430:
40B79F4418740000:error:1C880004:Provider routines:rsa_verify:RSA lib:../providers/implementations/signature/rsa_sig.c:774:
4007B70E567D0000:error:02000068:rsa routines:ossl_rsa_verify:bad signature:../crypto/rsa/rsa_sign.c:430:
4007B70E567D0000:error:1C880004:Provider routines:rsa_verify:RSA lib:../providers/implementations/signature/rsa_sig.c:774:
4097AFD8C07D0000:error:02000068:rsa routines:ossl_rsa_verify:bad signature:../crypto/rsa/rsa_sign.c:430:
4097AFD8C07D0000:error:1C880004:Provider routines:rsa_verify:RSA lib:../providers/implementations/signature/rsa_sig.c:774:
40D75781B3790000:error:02000068:rsa routines:ossl_rsa_verify:bad signature:../crypto/rsa/rsa_sign.c:430:
40D75781B3790000:error:1C880004:Provider routines:rsa_verify:RSA lib:../providers/implementations/signature/rsa_sig.c:774:
40D72936CE7C0000:error:02000068:rsa routines:ossl_rsa_verify:bad signature:../crypto/rsa/rsa_sign.c:430:
40D72936CE7C0000:error:1C880004:Provider routines:rsa_verify:RSA lib:../providers/implementations/signature/rsa_sig.c:774:
4067EC9897710000:error:02000068:rsa routines:ossl_rsa_verify:bad signature:../crypto/rsa/rsa_sign.c:430:
4067EC9897710000:error:1C880004:Provider routines:rsa_verify:RSA lib:../providers/implementations/signature/rsa_sig.c:774:
40A7816648710000:error:02000068:rsa routines:ossl_rsa_verify:bad signature:../crypto/rsa/rsa_sign.c:430:
40A7816648710000:error:1C880004:Provider routines:rsa_verify:RSA lib:../providers/implementations/signature/rsa_sig.c:774:
403733F17F750000:error:02000068:rsa routines:ossl_rsa_verify:bad signature:../crypto/rsa/rsa_sign.c:430:
403733F17F750000:error:1C880004:Provider routines:rsa_verify:RSA lib:../providers/implementations/signature/rsa_sig.c:774:
40A7FD76387E0000:error:02000068:rsa routines:ossl_rsa_verify:bad signature:../crypto/rsa/rsa_sign.c:430:
40A7FD76387E0000:error:1C880004:Provider routines:rsa_verify:RSA lib:../providers/implementations/signature/rsa_sig.c:774:
40276AA45D7E0000:error:02000068:rsa routines:ossl_rsa_verify:bad signature:../crypto/rsa/rsa_sign.c:430:
40276AA45D7E0000:error:1C880004:Provider routines:rsa_verify:RSA lib:../providers/implementations/signature/rsa_sig.c:774:
40A77D7C54750000:error:02000068:rsa routines:ossl_rsa_verify:bad signature:../crypto/rsa/rsa_sign.c:430:
40A77D7C54750000:error:1C880004:Provider routines:rsa_verify:RSA lib:../providers/implementations/signature/rsa_sig.c:774:
40D7F8E1B2740000:error:02000068:rsa routines:ossl_rsa_verify:bad signature:../crypto/rsa/rsa_sign.c:430:
40D7F8E1B2740000:error:1C880004:Provider routines:rsa_verify:RSA lib:../providers/implementations/signature/rsa_sig.c:774:
40279F5431710000:error:02000068:rsa routines:ossl_rsa_verify:bad signature:../crypto/rsa/rsa_sign.c:430:
40279F5431710000:error:1C880004:Provider routines:rsa_verify:RSA lib:../providers/implementations/signature/rsa_sig.c:774:
4037B2E203780000:error:02000068:rsa routines:ossl_rsa_verify:bad signature:../crypto/rsa/rsa_sign.c:430:
4037B2E203780000:error:1C880004:Provider routines:rsa_verify:RSA lib:../providers/implementations/signature/rsa_sig.c:774:
403750DF4E750000:error:02000068:rsa routines:ossl_rsa_verify:bad signature:../crypto/rsa/rsa_sign.c:430:
403750DF4E750000:error:1C880004:Provider routines:rsa_verify:RSA lib:../providers/implementations/signature/rsa_sig.c:774:
40F7A3D3E5730000:error:02000068:rsa routines:ossl_rsa_verify:bad signature:../crypto/rsa/rsa_sign.c:430:
40F7A3D3E5730000:error:1C880004:Provider routines:rsa_verify:RSA lib:../providers/implementations/signature/rsa_sig.c:774:
40C7F54FD7720000:error:02000068:rsa routines:ossl_rsa_verify:bad signature:../crypto/rsa/rsa_sign.c:430:
40C7F54FD7720000:error:1C880004:Provider routines:rsa_verify:RSA lib:../providers/implementations/signature/rsa_sig.c:774:
40E781B7207B0000:error:02000068:rsa routines:ossl_rsa_verify:bad signature:../crypto/rsa/rsa_sign.c:430:
40E781B7207B0000:error:1C880004:Provider routines:rsa_verify:RSA lib:../providers/implementations/signature/rsa_sig.c:774:
4047C83C78750000:error:02000068:rsa routines:ossl_rsa_verify:bad signature:../crypto/rsa/rsa_sign.c:430:
4047C83C78750000:error:1C880004:Provider routines:rsa_verify:RSA lib:../providers/implementations/signature/rsa_sig.c:774:
4057A1F7FA700000:error:02000068:rsa routines:ossl_rsa_verify:bad signature:../crypto/rsa/rsa_sign.c:430:
4057A1F7FA700000:error:1C880004:Provider routines:rsa_verify:RSA lib:../providers/implementations/signature/rsa_sig.c:774:
40074E647F7A0000:error:02000068:rsa routines:ossl_rsa_verify:bad signature:../crypto/rsa/rsa_sign.c:430:
40074E647F7A0000:error:1C880004:Provider routines:rsa_verify:RSA lib:../providers/implementations/signature/rsa_sig.c:774:
4057C8977F7A0000:error:02000068:rsa routines:ossl_rsa_verify:bad signature:../crypto/rsa/rsa_sign.c:430:
4057C8977F7A0000:error:1C880004:Provider routines:rsa_verify:RSA lib:../providers/implementations/signature/rsa_sig.c:774:
4087B70001760000:error:02000068:rsa routines:ossl_rsa_verify:bad signature:../crypto/rsa/rsa_sign.c:430:
4087B70001760000:error:1C880004:Provider routines:rsa_verify:RSA lib:../providers/implementations/signature/rsa_sig.c:774:
4017E5775B770000:error:02000068:rsa routines:ossl_rsa_verify:bad signature:../crypto/rsa/rsa_sign.c:430:
4017E5775B770000:error:1C880004:Provider routines:rsa_verify:RSA lib:../providers/implementations/signature/rsa_sig.c:774:
408701769B700000:error:02000068:rsa routines:ossl_rsa_verify:bad signature:../crypto/rsa/rsa_sign.c:430:
408701769B700000:error:1C880004:Provider routines:rsa_verify:RSA lib:../providers/implementations/signature/rsa_sig.c:774:
40875B488B7C0000:error:02000068:rsa routines:ossl_rsa_verify:bad signature:../crypto/rsa/rsa_sign.c:430:
40875B488B7C0000:error:1C880004:Provider routines:rsa_verify:RSA lib:../providers/implementations/signature/rsa_sig.c:774:
4077641FFF730000:error:02000068:rsa routines:ossl_rsa_verify:bad signature:../crypto/rsa/rsa_sign.c:430:
4077641FFF730000:error:1C880004:Provider routines:rsa_verify:RSA lib:../providers/implementations/signature/rsa_sig.c:774:
4027D5A02E790000:error:02000068:rsa routines:ossl_rsa_verify:bad signature:../crypto/rsa/rsa_sign.c:430:
4027D5A02E790000:error:1C880004:Provider routines:rsa_verify:RSA lib:../providers/implementations/signature/rsa_sig.c:774:
40E700BAAD700000:error:02000068:rsa routines:ossl_rsa_verify:bad signature:../crypto/rsa/rsa_sign.c:430:
40E700BAAD700000:error:1C880004:Provider routines:rsa_verify:RSA lib:../providers/implementations/signature/rsa_sig.c:774:
4057A8E582720000:error:02000068:rsa routines:ossl_rsa_verify:bad signature:../crypto/rsa/rsa_sign.c:430:
4057A8E582720000:error:1C880004:Provider routines:rsa_verify:RSA lib:../providers/implementations/signature/rsa_sig.c:774:
4077846D59720000:error:02000068:rsa routines:ossl_rsa_verify:bad signature:../crypto/rsa/rsa_sign.c:430:
4077846D59720000:error:1C880004:Provider routines:rsa_verify:RSA lib:../providers/implementations/signature/rsa_sig.c:774:
40970395C5770000:error:02000068:rsa routines:ossl_rsa_verify:bad signature:../crypto/rsa/rsa_sign.c:430:
40970395C5770000:error:1C880004:Provider routines:rsa_verify:RSA lib:../providers/implementations/signature/rsa_sig.c:774:
40B73F52C5790000:error:02000068:rsa routines:ossl_rsa_verify:bad signature:../crypto/rsa/rsa_sign.c:430:
40B73F52C5790000:error:1C880004:Provider routines:rsa_verify:RSA lib:../providers/implementations/signature/rsa_sig.c:774:
40978145C57E0000:error:02000068:rsa routines:ossl_rsa_verify:bad signature:../crypto/rsa/rsa_sign.c:430:
40978145C57E0000:error:1C880004:Provider routines:rsa_verify:RSA lib:../providers/implementations/signature/rsa_sig.c:774:
4007AFFEB37B0000:error:02000068:rsa routines:ossl_rsa_verify:bad signature:../crypto/rsa/rsa_sign.c:430:
4007AFFEB37B0000:error:1C880004:Provider routines:rsa_verify:RSA lib:../providers/implementations/signature/rsa_sig.c:774:
40C78BF7EC7C0000:error:02000068:rsa routines:ossl_rsa_verify:bad signature:../crypto/rsa/rsa_sign.c:430:
40C78BF7EC7C0000:error:1C880004:Provider routines:rsa_verify:RSA lib:../providers/implementations/signature/rsa_sig.c:774:
40B7F57001750000:error:02000068:rsa routines:ossl_rsa_verify:bad signature:../crypto/rsa/rsa_sign.c:430:
40B7F57001750000:error:1C880004:Provider routines:rsa_verify:RSA lib:../providers/implementations/signature/rsa_sig.c:774:
40B7EFAEAB730000:error:02000068:rsa routines:ossl_rsa_verify:bad signature:../crypto/rsa/rsa_sign.c:430:
40B7EFAEAB730000:error:1C880004:Provider routines:rsa_verify:RSA lib:../providers/implementations/signature/rsa_sig.c:774:
404705EB517C0000:error:02000068:rsa routines:ossl_rsa_verify:bad signature:../crypto/rsa/rsa_sign.c:430:
404705EB517C0000:error:1C880004:Provider routines:rsa_verify:RSA lib:../providers/implementations/signature/rsa_sig.c:774:
40B71F4FDF790000:error:02000068:rsa routines:ossl_rsa_verify:bad signature:../crypto/rsa/rsa_sign.c:430:
40B71F4FDF790000:error:1C880004:Provider routines:rsa_verify:RSA lib:../providers/implementations/signature/rsa_sig.c:774:
40D7A5B570740000:error:02000068:rsa routines:ossl_rsa_verify:bad signature:../crypto/rsa/rsa_sign.c:430:
40D7A5B570740000:error:1C880004:Provider routines:rsa_verify:RSA lib:../providers/implementations/signature/rsa_sig.c:774:
40D763B5E57B0000:error:02000068:rsa routines:ossl_rsa_verify:bad signature:../crypto/rsa/rsa_sign.c:430:
40D763B5E57B0000:error:1C880004:Provider routines:rsa_verify:RSA lib:../providers/implementations/signature/rsa_sig.c:774:
4097F7B09D720000:error:02000068:rsa routines:ossl_rsa_verify:bad signature:../crypto/rsa/rsa_sign.c:430:
4097F7B09D720000:error:1C880004:Provider routines:rsa_verify:RSA lib:../providers/implementations/signature/rsa_sig.c:774:
40E7A215567B0000:error:02000068:rsa routines:ossl_rsa_verify:bad signature:../crypto/rsa/rsa_sign.c:430:
40E7A215567B0000:error:1C880004:Provider routines:rsa_verify:RSA lib:../providers/implementations/signature/rsa_sig.c:774:
40F7A79D48740000:error:02000068:rsa routines:ossl_rsa_verify:bad signature:../crypto/rsa/rsa_sign.c:430:
40F7A79D48740000:error:1C880004:Provider routines:rsa_verify:RSA lib:../providers/implementations/signature/rsa_sig.c:774:
40A7C38EFA760000:error:02000068:rsa routines:ossl_rsa_verify:bad signature:../crypto/rsa/rsa_sign.c:430:
40A7C38EFA760000:error:1C880004:Provider routines:rsa_verify:RSA lib:../providers/implementations/signature/rsa_sig.c:774:
4047AC1E237D0000:error:02000068:rsa routines:ossl_rsa_verify:bad signature:../crypto/rsa/rsa_sign.c:430:
4047AC1E237D0000:error:1C880004:Provider routines:rsa_verify:RSA lib:../providers/implementations/signature/rsa_sig.c:774:
404791C8357A0000:error:02000068:rsa routines:ossl_rsa_verify:bad signature:../crypto/rsa/rsa_sign.c:430:
404791C8357A0000:error:1C880004:Provider routines:rsa_verify:RSA lib:../providers/implementations/signature/rsa_sig.c:774:
40675B2B587F0000:error:02000068:rsa routines:ossl_rsa_verify:bad signature:../crypto/rsa/rsa_sign.c:430:
40675B2B587F0000:error:1C880004:Provider routines:rsa_verify:RSA lib:../providers/implementations/signature/rsa_sig.c:774:
4027DB1720770000:error:02000068:rsa routines:ossl_rsa_verify:bad signature:../crypto/rsa/rsa_sign.c:430:
4027DB1720770000:error:1C880004:Provider routines:rsa_verify:RSA lib:../providers/implementations/signature/rsa_sig.c:774:
4017ECADC8750000:error:02000068:rsa routines:ossl_rsa_verify:bad signature:../crypto/rsa/rsa_sign.c:430:
4017ECADC8750000:error:1C880004:Provider routines:rsa_verify:RSA lib:../providers/implementations/signature/rsa_sig.c:774:
402760E9B6770000:error:02000068:rsa routines:ossl_rsa_verify:bad signature:../crypto/rsa/rsa_sign.c:430:
402760E9B6770000:error:1C880004:Provider routines:rsa_verify:RSA lib:../providers/implementations/signature/rsa_sig.c:774:
4007B0C0587B0000:error:02000068:rsa routines:ossl_rsa_verify:bad signature:../crypto/rsa/rsa_sign.c:430:
4007B0C0587B0000:error:1C880004:Provider routines:rsa_verify:RSA lib:../providers/implementations/signature/rsa_sig.c:774:
4057DC8440710000:error:02000068:rsa routines:ossl_rsa_verify:bad signature:../crypto/rsa/rsa_sign.c:430:
4057DC8440710000:error:1C880004:Provider routines:rsa_verify:RSA lib:../providers/implementations/signature/rsa_sig.c:774:
40676637157F0000:error:02000068:rsa routines:ossl_rsa_verify:bad signature:../crypto/rsa/rsa_sign.c:430:
40676637157F0000:error:1C880004:Provider routines:rsa_verify:RSA lib:../providers/implementations/signature/rsa_sig.c:774:
406781A12A7E0000:error:02000068:rsa routines:ossl_rsa_verify:bad signature:../crypto/rsa/rsa_sign.c:430:
406781A12A7E0000:error:1C880004:Provider routines:rsa_verify:RSA lib:../providers/implementations/signature/rsa_sig.c:774:
4017E9C081710000:error:02000068:rsa routines:ossl_rsa_verify:bad signature:../crypto/rsa/rsa_sign.c:430:
4017E9C081710000:error:1C880004:Provider routines:rsa_verify:RSA lib:../providers/implementations/signature/rsa_sig.c:774:
403752019E740000:error:02000068:rsa routines:ossl_rsa_verify:bad signature:../crypto/rsa/rsa_sign.c:430:
403752019E740000:error:1C880004:Provider routines:rsa_verify:RSA lib:../providers/implementations/signature/rsa_sig.c:774:
40D7DC420D730000:error:02000068:rsa routines:ossl_rsa_verify:bad signature:../crypto/rsa/rsa_sign.c:430:
40D7DC420D730000:error:1C880004:Provider routines:rsa_verify:RSA lib:../providers/implementations/signature/rsa_sig.c:774:
40070D639B720000:error:02000068:rsa routines:ossl_rsa_verify:bad signature:../crypto/rsa/rsa_sign.c:430:
40070D639B720000:error:1C880004:Provider routines:rsa_verify:RSA lib:../providers/implementations/signature/rsa_sig.c:774:
4057EE9CB1790000:error:02000068:rsa routines:ossl_rsa_verify:bad signature:../crypto/rsa/rsa_sign.c:430:
4057EE9CB1790000:error:1C880004:Provider routines:rsa_verify:RSA lib:../providers/implementations/signature/rsa_sig.c:774:
40E749C8E3730000:error:02000068:rsa routines:ossl_rsa_verify:bad signature:../crypto/rsa/rsa_sign.c:430:
40E749C8E3730000:error:1C880004:Provider routines:rsa_verify:RSA lib:../providers/implementations/signature/rsa_sig.c:774:
40B7D5B1F6770000:error:02000068:rsa routines:ossl_rsa_verify:bad signature:../crypto/rsa/rsa_sign.c:430:
40B7D5B1F6770000:error:1C880004:Provider routines:rsa_verify:RSA lib:../providers/implementations/signature/rsa_sig.c:774:
40276B7C94770000:error:02000068:rsa routines:ossl_rsa_verify:bad signature:../crypto/rsa/rsa_sign.c:430:
40276B7C94770000:error:1C880004:Provider routines:rsa_verify:RSA lib:../providers/implementations/signature/rsa_sig.c:774:
40170A4FA2730000:error:02000068:rsa routines:ossl_rsa_verify:bad signature:../crypto/rsa/rsa_sign.c:430:
40170A4FA2730000:error:1C880004:Provider routines:rsa_verify:RSA lib:../providers/implementations/signature/rsa_sig.c:774:
40C7D9D5C0760000:error:02000068:rsa routines:ossl_rsa_verify:bad signature:../crypto/rsa/rsa_sign.c:430:
40C7D9D5C0760000:error:1C880004:Provider routines:rsa_verify:RSA lib:../providers/implementations/signature/rsa_sig.c:774:
4097E248EA740000:error:02000068:rsa routines:ossl_rsa_verify:bad signature:../crypto/rsa/rsa_sign.c:430:
4097E248EA740000:error:1C880004:Provider routines:rsa_verify:RSA lib:../providers/implementations/signature/rsa_sig.c:774:
4047E2B657730000:error:02000068:rsa routines:ossl_rsa_verify:bad signature:../crypto/rsa/rsa_sign.c:430:
4047E2B657730000:error:1C880004:Provider routines:rsa_verify:RSA lib:../providers/implementations/signature/rsa_sig.c:774:
4027FDB1947A0000:error:02000068:rsa routines:ossl_rsa_verify:bad signature:../crypto/rsa/rsa_sign.c:430:
4027FDB1947A0000:error:1C880004:Provider routines:rsa_verify:RSA lib:../providers/implementations/signature/rsa_sig.c:774:
40C7AA11ED760000:error:02000068:rsa routines:ossl_rsa_verify:bad signature:../crypto/rsa/rsa_sign.c:430:
40C7AA11ED760000:error:1C880004:Provider routines:rsa_verify:RSA lib:../providers/implementations/signature/rsa_sig.c:774:
40B76D27B2720000:error:02000068:rsa routines:ossl_rsa_verify:bad signature:../crypto/rsa/rsa_sign.c:430:
40B76D27B2720000:error:1C880004:Provider routines:rsa_verify:RSA lib:../providers/implementations/signature/rsa_sig.c:774:
4067609EAD760000:error:02000068:rsa routines:ossl_rsa_verify:bad signature:../crypto/rsa/rsa_sign.c:430:
4067609EAD760000:error:1C880004:Provider routines:rsa_verify:RSA lib:../providers/implementations/signature/rsa_sig.c:774:
4027BBB45B780000:error:02000068:rsa routines:ossl_rsa_verify:bad signature:../crypto/rsa/rsa_sign.c:430:
4027BBB45B780000:error:1C880004:Provider routines:rsa_verify:RSA lib:../providers/implementations/signature/rsa_sig.c:774:
40771741AE770000:error:02000068:rsa routines:ossl_rsa_verify:bad signature:../crypto/rsa/rsa_sign.c:430:
40771741AE770000:error:1C880004:Provider routines:rsa_verify:RSA lib:../providers/implementations/signature/rsa_sig.c:774:
40075BCBDE7F0000:error:02000068:rsa routines:ossl_rsa_verify:bad signature:../crypto/rsa/rsa_sign.c:430:
40075BCBDE7F0000:error:1C880004:Provider routines:rsa_verify:RSA lib:../providers/implementations/signature/rsa_sig.c:774:
40F7A024DB740000:error:02000068:rsa routines:ossl_rsa_verify:bad signature:../crypto/rsa/rsa_sign.c:430:
40F7A024DB740000:error:1C880004:Provider routines:rsa_verify:RSA lib:../providers/implementations/signature/rsa_sig.c:774:
4047E03CB9770000:error:02000068:rsa routines:ossl_rsa_verify:bad signature:../crypto/rsa/rsa_sign.c:430:
4047E03CB9770000:error:1C880004:Provider routines:rsa_verify:RSA lib:../providers/implementations/signature/rsa_sig.c:774:
40872CE0E37D0000:error:02000068:rsa routines:ossl_rsa_verify:bad signature:../crypto/rsa/rsa_sign.c:430:
40872CE0E37D0000:error:1C880004:Provider routines:rsa_verify:RSA lib:../providers/implementations/signature/rsa_sig.c:774:
40675EE7EE7C0000:error:02000068:rsa routines:ossl_rsa_verify:bad signature:../crypto/rsa/rsa_sign.c:430:
40675EE7EE7C0000:error:1C880004:Provider routines:rsa_verify:RSA lib:../providers/implementations/signature/rsa_sig.c:774:
40A76E12347D0000:error:02000068:rsa routines:ossl_rsa_verify:bad signature:../crypto/rsa/rsa_sign.c:430:
40A76E12347D0000:error:1C880004:Provider routines:rsa_verify:RSA lib:../providers/implementations/signature/rsa_sig.c:774:
40F786B66C7D0000:error:02000068:rsa routines:ossl_rsa_verify:bad signature:../crypto/rsa/rsa_sign.c:430:
40F786B66C7D0000:error:1C880004:Provider routines:rsa_verify:RSA lib:../providers/implementations/signature/rsa_sig.c:774:
4077242799750000:error:02000068:rsa routines:ossl_rsa_verify:bad signature:../crypto/rsa/rsa_sign.c:430:
4077242799750000:error:1C880004:Provider routines:rsa_verify:RSA lib:../providers/implementations/signature/rsa_sig.c:774:
4027CF2A6A730000:error:02000068:rsa routines:ossl_rsa_verify:bad signature:../crypto/rsa/rsa_sign.c:430:
4027CF2A6A730000:error:1C880004:Provider routines:rsa_verify:RSA lib:../providers/implementations/signature/rsa_sig.c:774:
40C7272F597C0000:error:02000068:rsa routines:ossl_rsa_verify:bad signature:../crypto/rsa/rsa_sign.c:430:
40C7272F597C0000:error:1C880004:Provider routines:rsa_verify:RSA lib:../providers/implementations/signature/rsa_sig.c:774:
405770DE477B0000:error:02000068:rsa routines:ossl_rsa_verify:bad signature:../crypto/rsa/rsa_sign.c:430:
405770DE477B0000:error:1C880004:Provider routines:rsa_verify:RSA lib:../providers/implementations/signature/rsa_sig.c:774:
4067C5D16E7D0000:error:02000068:rsa routines:ossl_rsa_verify:bad signature:../crypto/rsa/rsa_sign.c:430:
4067C5D16E7D0000:error:1C880004:Provider routines:rsa_verify:RSA lib:../providers/implementations/signature/rsa_sig.c:774:
40C79709D4750000:error:02000068:rsa routines:ossl_rsa_verify:bad signature:../crypto/rsa/rsa_sign.c:430:
40C79709D4750000:error:1C880004:Provider routines:rsa_verify:RSA lib:../providers/implementations/signature/rsa_sig.c:774:
40F7980F09720000:error:02000068:rsa routines:ossl_rsa_verify:bad signature:../crypto/rsa/rsa_sign.c:430:
40F7980F09720000:error:1C880004:Provider routines:rsa_verify:RSA lib:../providers/implementations/signature/rsa_sig.c:774:
400768D7AC700000:error:02000068:rsa routines:ossl_rsa_verify:bad signature:../crypto/rsa/rsa_sign.c:430:
400768D7AC700000:error:1C880004:Provider routines:rsa_verify:RSA lib:../providers/implementations/signature/rsa_sig.c:774:
40A78D9E5A7B0000:error:02000068:rsa routines:ossl_rsa_verify:bad signature:../crypto/rsa/rsa_sign.c:430:
40A78D9E5A7B0000:error:1C880004:Provider routines:rsa_verify:RSA lib:../providers/implementations/signature/rsa_sig.c:774:
4067D84B847C0000:error:02000068:rsa routines:ossl_rsa_verify:bad signature:../crypto/rsa/rsa_sign.c:430:
4067D84B847C0000:error:1C880004:Provider routines:rsa_verify:RSA lib:../providers/implementations/signature/rsa_sig.c:774:
4057524A00780000:error:02000068:rsa routines:ossl_rsa_verify:bad signature:../crypto/rsa/rsa_sign.c:430:
4057524A00780000:error:1C880004:Provider routines:rsa_verify:RSA lib:../providers/implementations/signature/rsa_sig.c:774:
40C7A1A7E3710000:error:02000068:rsa routines:ossl_rsa_verify:bad signature:../crypto/rsa/rsa_sign.c:430:
40C7A1A7E3710000:error:1C880004:Provider routines:rsa_verify:RSA lib:../providers/implementations/signature/rsa_sig.c:774:
40F7C3C796720000:error:02000068:rsa routines:ossl_rsa_verify:bad signature:../crypto/rsa/rsa_sign.c:430:
40F7C3C796720000:error:1C880004:Provider routines:rsa_verify:RSA lib:../providers/implementations/signature/rsa_sig.c:774:
4077DF9E31740000:error:02000068:rsa routines:ossl_rsa_verify:bad signature:../crypto/rsa/rsa_sign.c:430:
4077DF9E31740000:error:1C880004:Provider routines:rsa_verify:RSA lib:../providers/implementations/signature/rsa_sig.c:774:
40376773A5760000:error:02000068:rsa routines:ossl_rsa_verify:bad signature:../crypto/rsa/rsa_sign.c:430:
40376773A5760000:error:1C880004:Provider routines:rsa_verify:RSA lib:../providers/implementations/signature/rsa_sig.c:774:
40977495B4710000:error:02000068:rsa routines:ossl_rsa_verify:bad signature:../crypto/rsa/rsa_sign.c:430:
40977495B4710000:error:1C880004:Provider routines:rsa_verify:RSA lib:../providers/implementations/signature/rsa_sig.c:774:
4037AC57BC740000:error:02000068:rsa routines:ossl_rsa_verify:bad signature:../crypto/rsa/rsa_sign.c:430:
4037AC57BC740000:error:1C880004:Provider routines:rsa_verify:RSA lib:../providers/implementations/signature/rsa_sig.c:774:
40179B594D770000:error:02000068:rsa routines:ossl_rsa_verify:bad signature:../crypto/rsa/rsa_sign.c:430:
40179B594D770000:error:1C880004:Provider routines:rsa_verify:RSA lib:../providers/implementations/signature/rsa_sig.c:774:
40075BA03E740000:error:02000068:rsa routines:ossl_rsa_verify:bad signature:../crypto/rsa/rsa_sign.c:430:
40075BA03E740000:error:1C880004:Provider routines:rsa_verify:RSA lib:../providers/implementations/signature/rsa_sig.c:774:
40E73D7A317E0000:error:02000068:rsa routines:ossl_rsa_verify:bad signature:../crypto/rsa/rsa_sign.c:430:
40E73D7A317E0000:error:1C880004:Provider routines:rsa_verify:RSA lib:../providers/implementations/signature/rsa_sig.c:774:
40F7279AF0760000:error:02000068:rsa routines:ossl_rsa_verify:bad signature:../crypto/rsa/rsa_sign.c:430:
40F7279AF0760000:error:1C880004:Provider routines:rsa_verify:RSA lib:../providers/implementations/signature/rsa_sig.c:774:
4017E273FF7C0000:error:02000068:rsa routines:ossl_rsa_verify:bad signature:../crypto/rsa/rsa_sign.c:430:
4017E273FF7C0000:error:1C880004:Provider routines:rsa_verify:RSA lib:../providers/implementations/signature/rsa_sig.c:774:
40C7E752BC720000:error:02000068:rsa routines:ossl_rsa_verify:bad signature:../crypto/rsa/rsa_sign.c:430:
40C7E752BC720000:error:1C880004:Provider routines:rsa_verify:RSA lib:../providers/implementations/signature/rsa_sig.c:774:
40D765C4E6790000:error:02000068:rsa routines:ossl_rsa_verify:bad signature:../crypto/rsa/rsa_sign.c:430:
40D765C4E6790000:error:1C880004:Provider routines:rsa_verify:RSA lib:../providers/implementations/signature/rsa_sig.c:774:
401737B965760000:error:02000068:rsa routines:ossl_rsa_verify:bad signature:../crypto/rsa/rsa_sign.c:430:
401737B965760000:error:1C880004:Provider routines:rsa_verify:RSA lib:../providers/implementations/signature/rsa_sig.c:774:
409743C06F770000:error:02000068:rsa routines:ossl_rsa_verify:bad signature:../crypto/rsa/rsa_sign.c:430:
409743C06F770000:error:1C880004:Provider routines:rsa_verify:RSA lib:../providers/implementations/signature/rsa_sig.c:774:
40E771F166730000:error:02000068:rsa routines:ossl_rsa_verify:bad signature:../crypto/rsa/rsa_sign.c:430:
40E771F166730000:error:1C880004:Provider routines:rsa_verify:RSA lib:../providers/implementations/signature/rsa_sig.c:774:
40E7DE85B2750000:error:02000068:rsa routines:ossl_rsa_verify:bad signature:../crypto/rsa/rsa_sign.c:430:
40E7DE85B2750000:error:1C880004:Provider routines:rsa_verify:RSA lib:../providers/implementations/signature/rsa_sig.c:774:
4067E45BF77A0000:error:02000068:rsa routines:ossl_rsa_verify:bad signature:../crypto/rsa/rsa_sign.c:430:
4067E45BF77A0000:error:1C880004:Provider routines:rsa_verify:RSA lib:../providers/implementations/signature/rsa_sig.c:774:
4077BA321D730000:error:02000068:rsa routines:ossl_rsa_verify:bad signature:../crypto/rsa/rsa_sign.c:430:
4077BA321D730000:error:1C880004:Provider routines:rsa_verify:RSA lib:../providers/implementations/signature/rsa_sig.c:774:
4097109FC87D0000:error:02000068:rsa routines:ossl_rsa_verify:bad signature:../crypto/rsa/rsa_sign.c:430:
4097109FC87D0000:error:1C880004:Provider routines:rsa_verify:RSA lib:../providers/implementations/signature/rsa_sig.c:774:
4097D2A270740000:error:02000068:rsa routines:ossl_rsa_verify:bad signature:../crypto/rsa/rsa_sign.c:430:
4097D2A270740000:error:1C880004:Provider routines:rsa_verify:RSA lib:../providers/implementations/signature/rsa_sig.c:774:
40B73788807E0000:error:02000068:rsa routines:ossl_rsa_verify:bad signature:../crypto/rsa/rsa_sign.c:430:
40B73788807E0000:error:1C880004:Provider routines:rsa_verify:RSA lib:../providers/implementations/signature/rsa_sig.c:774:
4007B67F0C750000:error:02000068:rsa routines:ossl_rsa_verify:bad signature:../crypto/rsa/rsa_sign.c:430:
4007B67F0C750000:error:1C880004:Provider routines:rsa_verify:RSA lib:../providers/implementations/signature/rsa_sig.c:774:
40570C231A7D0000:error:02000068:rsa routines:ossl_rsa_verify:bad signature:../crypto/rsa/rsa_sign.c:430:
40570C231A7D0000:error:1C880004:Provider routines:rsa_verify:RSA lib:../providers/implementations/signature/rsa_sig.c:774:
4037E2BCF77E0000:error:02000068:rsa routines:ossl_rsa_verify:bad signature:../crypto/rsa/rsa_sign.c:430:
4037E2BCF77E0000:error:1C880004:Provider routines:rsa_verify:RSA lib:../providers/implementations/signature/rsa_sig.c:774:
4037DA2F357A0000:error:02000068:rsa routines:ossl_rsa_verify:bad signature:../crypto/rsa/rsa_sign.c:430:
4037DA2F357A0000:error:1C880004:Provider routines:rsa_verify:RSA lib:../providers/implementations/signature/rsa_sig.c:774:
4057093192780000:error:02000068:rsa routines:ossl_rsa_verify:bad signature:../crypto/rsa/rsa_sign.c:430:
4057093192780000:error:1C880004:Provider routines:rsa_verify:RSA lib:../providers/implementations/signature/rsa_sig.c:774:
40179E04B0740000:error:02000068:rsa routines:ossl_rsa_verify:bad signature:../crypto/rsa/rsa_sign.c:430:
40179E04B0740000:error:1C880004:Provider routines:rsa_verify:RSA lib:../providers/implementations/signature/rsa_sig.c:774:
4027C56E9A710000:error:02000068:rsa routines:ossl_rsa_verify:bad signature:../crypto/rsa/rsa_sign.c:430:
4027C56E9A710000:error:1C880004:Provider routines:rsa_verify:RSA lib:../providers/implementations/signature/rsa_sig.c:774:
4017C1066E700000:error:02000068:rsa routines:ossl_rsa_verify:bad signature:../crypto/rsa/rsa_sign.c:430:
4017C1066E700000:error:1C880004:Provider routines:rsa_verify:RSA lib:../providers/implementations/signature/rsa_sig.c:774:
4087B72CDE700000:error:02000068:rsa routines:ossl_rsa_verify:bad signature:../crypto/rsa/rsa_sign.c:430:
4087B72CDE700000:error:1C880004:Provider routines:rsa_verify:RSA lib:../providers/implementations/signature/rsa_sig.c:774:
4047D5B397730000:error:02000068:rsa routines:ossl_rsa_verify:bad signature:../crypto/rsa/rsa_sign.c:430:
4047D5B397730000:error:1C880004:Provider routines:rsa_verify:RSA lib:../providers/implementations/signature/rsa_sig.c:774:
40279F882A7D0000:error:02000068:rsa routines:ossl_rsa_verify:bad signature:../crypto/rsa/rsa_sign.c:430:
40279F882A7D0000:error:1C880004:Provider routines:rsa_verify:RSA lib:../providers/implementations/signature/rsa_sig.c:774:
40670EC4767F0000:error:02000068:rsa routines:ossl_rsa_verify:bad signature:../crypto/rsa/rsa_sign.c:430:
40670EC4767F0000:error:1C880004:Provider routines:rsa_verify:RSA lib:../providers/implementations/signature/rsa_sig.c:774:
4057ECF16B760000:error:02000068:rsa routines:ossl_rsa_verify:bad signature:../crypto/rsa/rsa_sign.c:430:
4057ECF16B760000:error:1C880004:Provider routines:rsa_verify:RSA lib:../providers/implementations/signature/rsa_sig.c:774:
40273583FB710000:error:02000068:rsa routines:ossl_rsa_verify:bad signature:../crypto/rsa/rsa_sign.c:430:
40273583FB710000:error:1C880004:Provider routines:rsa_verify:RSA lib:../providers/implementations/signature/rsa_sig.c:774:
40172EDD657E0000:error:02000068:rsa routines:ossl_rsa_verify:bad signature:../crypto/rsa/rsa_sign.c:430:
40172EDD657E0000:error:1C880004:Provider routines:rsa_verify:RSA lib:../providers/implementations/signature/rsa_sig.c:774:
40B7459A84780000:error:02000068:rsa routines:ossl_rsa_verify:bad signature:../crypto/rsa/rsa_sign.c:430:
40B7459A84780000:error:1C880004:Provider routines:rsa_verify:RSA lib:../providers/implementations/signature/rsa_sig.c:774:
4057054533730000:error:02000068:rsa routines:ossl_rsa_verify:bad signature:../crypto/rsa/rsa_sign.c:430:
4057054533730000:error:1C880004:Provider routines:rsa_verify:RSA lib:../providers/implementations/signature/rsa_sig.c:774:
409769CE44750000:error:02000068:rsa routines:ossl_rsa_verify:bad signature:../crypto/rsa/rsa_sign.c:430:
409769CE44750000:error:1C880004:Provider routines:rsa_verify:RSA lib:../providers/implementations/signature/rsa_sig.c:774:
40B73DEF7E750000:error:02000068:rsa routines:ossl_rsa_verify:bad signature:../crypto/rsa/rsa_sign.c:430:
40B73DEF7E750000:error:1C880004:Provider routines:rsa_verify:RSA lib:../providers/implementations/signature/rsa_sig.c:774:
40B7665724710000:error:02000068:rsa routines:ossl_rsa_verify:bad signature:../crypto/rsa/rsa_sign.c:430:
40B7665724710000:error:1C880004:Provider routines:rsa_verify:RSA lib:../providers/implementations/signature/rsa_sig.c:774:
40F7DB2F767E0000:error:02000068:rsa routines:ossl_rsa_verify:bad signature:../crypto/rsa/rsa_sign.c:430:
40F7DB2F767E0000:error:1C880004:Provider routines:rsa_verify:RSA lib:../providers/implementations/signature/rsa_sig.c:774:
40A7A33028700000:error:02000068:rsa routines:ossl_rsa_verify:bad signature:../crypto/rsa/rsa_sign.c:430:
40A7A33028700000:error:1C880004:Provider routines:rsa_verify:RSA lib:../providers/implementations/signature/rsa_sig.c:774:
40B78161D8730000:error:02000068:rsa routines:ossl_rsa_verify:bad signature:../crypto/rsa/rsa_sign.c:430:
40B78161D8730000:error:1C880004:Provider routines:rsa_verify:RSA lib:../providers/implementations/signature/rsa_sig.c:774:
40375E7955780000:error:02000068:rsa routines:ossl_rsa_verify:bad signature:../crypto/rsa/rsa_sign.c:430:
40375E7955780000:error:1C880004:Provider routines:rsa_verify:RSA lib:../providers/implementations/signature/rsa_sig.c:774:
4057DF2EA2750000:error:02000068:rsa routines:ossl_rsa_verify:bad signature:../crypto/rsa/rsa_sign.c:430:
4057DF2EA2750000:error:1C880004:Provider routines:rsa_verify:RSA lib:../providers/implementations/signature/rsa_sig.c:774:
4067D10AA77A0000:error:02000068:rsa routines:ossl_rsa_verify:bad signature:../crypto/rsa/rsa_sign.c:430:
4067D10AA77A0000:error:1C880004:Provider routines:rsa_verify:RSA lib:../providers/implementations/signature/rsa_sig.c:774:
40B77E5411770000:error:02000068:rsa routines:ossl_rsa_verify:bad signature:../crypto/rsa/rsa_sign.c:430:
40B77E5411770000:error:1C880004:Provider routines:rsa_verify:RSA lib:../providers/implementations/signature/rsa_sig.c:774:
40072324517B0000:error:02000068:rsa routines:ossl_rsa_verify:bad signature:../crypto/rsa/rsa_sign.c:430:
40072324517B0000:error:1C880004:Provider routines:rsa_verify:RSA lib:../providers/implementations/signature/rsa_sig.c:774:
40B7B3ED9B7D0000:error:02000068:rsa routines:ossl_rsa_verify:bad signature:../crypto/rsa/rsa_sign.c:430:
40B7B3ED9B7D0000:error:1C880004:Provider routines:rsa_verify:RSA lib:../providers/implementations/signature/rsa_sig.c:774:
40D7F7C3B4760000:error:02000068:rsa routines:ossl_rsa_verify:bad signature:../crypto/rsa/rsa_sign.c:430:
40D7F7C3B4760000:error:1C880004:Provider routines:rsa_verify:RSA lib:../providers/implementations/signature/rsa_sig.c:774:
400736CDD07F0000:error:02000068:rsa routines:ossl_rsa_verify:bad signature:../crypto/rsa/rsa_sign.c:430:
400736CDD07F0000:error:1C880004:Provider routines:rsa_verify:RSA lib:../providers/implementations/signature/rsa_sig.c:774:
4067396291720000:error:02000068:rsa routines:ossl_rsa_verify:bad signature:../crypto/rsa/rsa_sign.c:430:
4067396291720000:error:1C880004:Provider routines:rsa_verify:RSA lib:../providers/implementations/signature/rsa_sig.c:774:
40770ACF2B7D0000:error:02000068:rsa routines:ossl_rsa_verify:bad signature:../crypto/rsa/rsa_sign.c:430:
40770ACF2B7D0000:error:1C880004:Provider routines:rsa_verify:RSA lib:../providers/implementations/signature/rsa_sig.c:774:
40978DE923710000:error:02000068:rsa routines:ossl_rsa_verify:bad signature:../crypto/rsa/rsa_sign.c:430:
40978DE923710000:error:1C880004:Provider routines:rsa_verify:RSA lib:../providers/implementations/signature/rsa_sig.c:774:
4067F17A6C710000:error:02000068:rsa routines:ossl_rsa_verify:bad signature:../crypto/rsa/rsa_sign.c:430:
4067F17A6C710000:error:1C880004:Provider routines:rsa_verify:RSA lib:../providers/implementations/signature/rsa_sig.c:774:
4087873DD77C0000:error:02000068:rsa routines:ossl_rsa_verify:bad signature:../crypto/rsa/rsa_sign.c:430:
4087873DD77C0000:error:1C880004:Provider routines:rsa_verify:RSA lib:../providers/implementations/signature/rsa_sig.c:774:
4087D6B6BB750000:error:02000068:rsa routines:ossl_rsa_verify:bad signature:../crypto/rsa/rsa_sign.c:430:
4087D6B6BB750000:error:1C880004:Provider routines:rsa_verify:RSA lib:../providers/implementations/signature/rsa_sig.c:774:
4067E68D28710000:error:02000068:rsa routines:ossl_rsa_verify:bad signature:../crypto/rsa/rsa_sign.c:430:
4067E68D28710000:error:1C880004:Provider routines:rsa_verify:RSA lib:../providers/implementations/signature/rsa_sig.c:774:
4007BB565C720000:error:02000068:rsa routines:ossl_rsa_verify:bad signature:../crypto/rsa/rsa_sign.c:430:
4007BB565C720000:error:1C880004:Provider routines:rsa_verify:RSA lib:../providers/implementations/signature/rsa_sig.c:774:
40A79DDD87780000:error:02000068:rsa routines:ossl_rsa_verify:bad signature:../crypto/rsa/rsa_sign.c:430:
40A79DDD87780000:error:1C880004:Provider routines:rsa_verify:RSA lib:../providers/implementations/signature/rsa_sig.c:774:
4037A1EC40760000:error:02000068:rsa routines:ossl_rsa_verify:bad signature:../crypto/rsa/rsa_sign.c:430:
4037A1EC40760000:error:1C880004:Provider routines:rsa_verify:RSA lib:../providers/implementations/signature/rsa_sig.c:774:
4047729DA47F0000:error:02000068:rsa routines:ossl_rsa_verify:bad signature:../crypto/rsa/rsa_sign.c:430:
4047729DA47F0000:error:1C880004:Provider routines:rsa_verify:RSA lib:../providers/implementations/signature/rsa_sig.c:774:
401796AF84720000:error:02000068:rsa routines:ossl_rsa_verify:bad signature:../crypto/rsa/rsa_sign.c:430:
401796AF84720000:error:1C880004:Provider routines:rsa_verify:RSA lib:../providers/implementations/signature/rsa_sig.c:774:
4017C11A74780000:error:02000068:rsa routines:ossl_rsa_verify:bad signature:../crypto/rsa/rsa_sign.c:430:
4017C11A74780000:error:1C880004:Provider routines:rsa_verify:RSA lib:../providers/implementations/signature/rsa_sig.c:774:
40F7695039790000:error:02000068:rsa routines:ossl_rsa_verify:bad signature:../crypto/rsa/rsa_sign.c:430:
40F7695039790000:error:1C880004:Provider routines:rsa_verify:RSA lib:../providers/implementations/signature/rsa_sig.c:774:
40376EB3847A0000:error:02000068:rsa routines:ossl_rsa_verify:bad signature:../crypto/rsa/rsa_sign.c:430:
40376EB3847A0000:error:1C880004:Provider routines:rsa_verify:RSA lib:../providers/implementations/signature/rsa_sig.c:774:
4067021ECC770000:error:02000068:rsa routines:ossl_rsa_verify:bad signature:../crypto/rsa/rsa_sign.c:430:
4067021ECC770000:error:1C880004:Provider routines:rsa_verify:RSA lib:../providers/implementations/signature/rsa_sig.c:774:
40F7DA9299740000:error:02000068:rsa routines:ossl_rsa_verify:bad signature:../crypto/rsa/rsa_sign.c:430:
40F7DA9299740000:error:1C880004:Provider routines:rsa_verify:RSA lib:../providers/implementations/signature/rsa_sig.c:774:
405761D3F17E0000:error:02000068:rsa routines:ossl_rsa_verify:bad signature:../crypto/rsa/rsa_sign.c:430:
405761D3F17E0000:error:1C880004:Provider routines:rsa_verify:RSA lib:../providers/implementations/signature/rsa_sig.c:774:
40F70058A67A0000:error:02000068:rsa routines:ossl_rsa_verify:bad signature:../crypto/rsa/rsa_sign.c:430:
40F70058A67A0000:error:1C880004:Provider routines:rsa_verify:RSA lib:../providers/implementations/signature/rsa_sig.c:774:
40F78C1A3C7C0000:error:02000068:rsa routines:ossl_rsa_verify:bad signature:../crypto/rsa/rsa_sign.c:430:
40F78C1A3C7C0000:error:1C880004:Provider routines:rsa_verify:RSA lib:../providers/implementations/signature/rsa_sig.c:774:
40F775278D7A0000:error:02000068:rsa routines:ossl_rsa_verify:bad signature:../crypto/rsa/rsa_sign.c:430:
40F775278D7A0000:error:1C880004:Provider routines:rsa_verify:RSA lib:../providers/implementations/signature/rsa_sig.c:774:
4057826844760000:error:02000068:rsa routines:ossl_rsa_verify:bad signature:../crypto/rsa/rsa_sign.c:430:
4057826844760000:error:1C880004:Provider routines:rsa_verify:RSA lib:../providers/implementations/signature/rsa_sig.c:774:
4047AD8B447F0000:error:02000068:rsa routines:ossl_rsa_verify:bad signature:../crypto/rsa/rsa_sign.c:430:
4047AD8B447F0000:error:1C880004:Provider routines:rsa_verify:RSA lib:../providers/implementations/signature/rsa_sig.c:774:
40B787AE47710000:error:02000068:rsa routines:ossl_rsa_verify:bad signature:../crypto/rsa/rsa_sign.c:430:
40B787AE47710000:error:1C880004:Provider routines:rsa_verify:RSA lib:../providers/implementations/signature/rsa_sig.c:774:
402704868D780000:error:02000068:rsa routines:ossl_rsa_verify:bad signature:../crypto/rsa/rsa_sign.c:430:
402704868D780000:error:1C880004:Provider routines:rsa_verify:RSA lib:../providers/implementations/signature/rsa_sig.c:774:
4077BDA494750000:error:02000068:rsa routines:ossl_rsa_verify:bad signature:../crypto/rsa/rsa_sign.c:430:
4077BDA494750000:error:1C880004:Provider routines:rsa_verify:RSA lib:../providers/implementations/signature/rsa_sig.c:774:
40C7B2C19A760000:error:02000068:rsa routines:ossl_rsa_verify:bad signature:../crypto/rsa/rsa_sign.c:430:
40C7B2C19A760000:error:1C880004:Provider routines:rsa_verify:RSA lib:../providers/implementations/signature/rsa_sig.c:774:
4037CEB3937D0000:error:02000068:rsa routines:ossl_rsa_verify:bad signature:../crypto/rsa/rsa_sign.c:430:
4037CEB3937D0000:error:1C880004:Provider routines:rsa_verify:RSA lib:../providers/implementations/signature/rsa_sig.c:774:
402730C7307A0000:error:02000068:rsa routines:ossl_rsa_verify:bad signature:../crypto/rsa/rsa_sign.c:430:
402730C7307A0000:error:1C880004:Provider routines:rsa_verify:RSA lib:../providers/implementations/signature/rsa_sig.c:774:
40379DEC43760000:error:02000068:rsa routines:ossl_rsa_verify:bad signature:../crypto/rsa/rsa_sign.c:430:
40379DEC43760000:error:1C880004:Provider routines:rsa_verify:RSA lib:../providers/implementations/signature/rsa_sig.c:774:
4057FD0AEF760000:error:02000068:rsa routines:ossl_rsa_verify:bad signature:../crypto/rsa/rsa_sign.c:430:
4057FD0AEF760000:error:1C880004:Provider routines:rsa_verify:RSA lib:../providers/implementations/signature/rsa_sig.c:774:
4037B3123B7B0000:error:02000068:rsa routines:ossl_rsa_verify:bad signature:../crypto/rsa/rsa_sign.c:430:
4037B3123B7B0000:error:1C880004:Provider routines:rsa_verify:RSA lib:../providers/implementations/signature/rsa_sig.c:774:
40C7914A59790000:error:02000068:rsa routines:ossl_rsa_verify:bad signature:../crypto/rsa/rsa_sign.c:430:
40C7914A59790000:error:1C880004:Provider routines:rsa_verify:RSA lib:../providers/implementations/signature/rsa_sig.c:774:
4087F4A2D7750000:error:02000068:rsa routines:ossl_rsa_verify:bad signature:../crypto/rsa/rsa_sign.c:430:
4087F4A2D7750000:error:1C880004:Provider routines:rsa_verify:RSA lib:../providers/implementations/signature/rsa_sig.c:774:
40D721F8807C0000:error:02000068:rsa routines:ossl_rsa_verify:bad signature:../crypto/rsa/rsa_sign.c:430:
40D721F8807C0000:error:1C880004:Provider routines:rsa_verify:RSA lib:../providers/implementations/signature/rsa_sig.c:774:
40178EF228760000:error:02000068:rsa routines:ossl_rsa_verify:bad signature:../crypto/rsa/rsa_sign.c:430:
40178EF228760000:error:1C880004:Provider routines:rsa_verify:RSA lib:../providers/implementations/signature/rsa_sig.c:774:
40071909D3780000:error:02000068:rsa routines:ossl_rsa_verify:bad signature:../crypto/rsa/rsa_sign.c:430:
40071909D3780000:error:1C880004:Provider routines:rsa_verify:RSA lib:../providers/implementations/signature/rsa_sig.c:774:
40B757FCA8710000:error:02000068:rsa routines:ossl_rsa_verify:bad signature:../crypto/rsa/rsa_sign.c:430:
40B757FCA8710000:error:1C880004:Provider routines:rsa_verify:RSA lib:../providers/implementations/signature/rsa_sig.c:774:
4077980286700000:error:02000068:rsa routines:ossl_rsa_verify:bad signature:../crypto/rsa/rsa_sign.c:430:
4077980286700000:error:1C880004:Provider routines:rsa_verify:RSA lib:../providers/implementations/signature/rsa_sig.c:774:
4057106FCB720000:error:02000068:rsa routines:ossl_rsa_verify:bad signature:../crypto/rsa/rsa_sign.c:430:
4057106FCB720000:error:1C880004:Provider routines:rsa_verify:RSA lib:../providers/implementations/signature/rsa_sig.c:774:
40479E7AF4740000:error:02000068:rsa routines:ossl_rsa_verify:bad signature:../crypto/rsa/rsa_sign.c:430:
40479E7AF4740000:error:1C880004:Provider routines:rsa_verify:RSA lib:../providers/implementations/signature/rsa_sig.c:774:
4007596A0A7F0000:error:02000068:rsa routines:ossl_rsa_verify:bad signature:../crypto/rsa/rsa_sign.c:430:
4007596A0A7F0000:error:1C880004:Provider routines:rsa_verify:RSA lib:../providers/implementations/signature/rsa_sig.c:774:
40072E79FB780000:error:02000068:rsa routines:ossl_rsa_verify:bad signature:../crypto/rsa/rsa_sign.c:430:
40072E79FB780000:error:1C880004:Provider routines:rsa_verify:RSA lib:../providers/implementations/signature/rsa_sig.c:774:
4057B94877760000:error:02000068:rsa routines:ossl_rsa_verify:bad signature:../crypto/rsa/rsa_sign.c:430:
4057B94877760000:error:1C880004:Provider routines:rsa_verify:RSA lib:../providers/implementations/signature/rsa_sig.c:774:
40277F060C7B0000:error:02000068:rsa routines:ossl_rsa_verify:bad signature:../crypto/rsa/rsa_sign.c:430:
40277F060C7B0000:error:1C880004:Provider routines:rsa_verify:RSA lib:../providers/implementations/signature/rsa_sig.c:774:
4057633730790000:error:02000068:rsa routines:ossl_rsa_verify:bad signature:../crypto/rsa/rsa_sign.c:430:
4057633730790000:error:1C880004:Provider routines:rsa_verify:RSA lib:../providers/implementations/signature/rsa_sig.c:774:
4007D316DF7B0000:error:02000068:rsa routines:ossl_rsa_verify:bad signature:../crypto/rsa/rsa_sign.c:430:
4007D316DF7B0000:error:1C880004:Provider routines:rsa_verify:RSA lib:../providers/implementations/signature/rsa_sig.c:774:
40474393B97D0000:error:02000068:rsa routines:ossl_rsa_verify:bad signature:../crypto/rsa/rsa_sign.c:430:
40474393B97D0000:error:1C880004:Provider routines:rsa_verify:RSA lib:../providers/implementations/signature/rsa_sig.c:774:
40B7318510730000:error:02000068:rsa routines:ossl_rsa_verify:bad signature:../crypto/rsa/rsa_sign.c:430:
40B7318510730000:error:1C880004:Provider routines:rsa_verify:RSA lib:../providers/implementations/signature/rsa_sig.c:774:
40E7D9648C700000:error:02000068:rsa routines:ossl_rsa_verify:bad signature:../crypto/rsa/rsa_sign.c:430:
40E7D9648C700000:error:1C880004:Provider routines:rsa_verify:RSA lib:../providers/implementations/signature/rsa_sig.c:774:
40178A36FC720000:error:02000068:rsa routines:ossl_rsa_verify:bad signature:../crypto/rsa/rsa_sign.c:430:
40178A36FC720000:error:1C880004:Provider routines:rsa_verify:RSA lib:../providers/implementations/signature/rsa_sig.c:774:
4077D23F6B770000:error:02000068:rsa routines:ossl_rsa_verify:bad signature:../crypto/rsa/rsa_sign.c:430:
4077D23F6B770000:error:1C880004:Provider routines:rsa_verify:RSA lib:../providers/implementations/signature/rsa_sig.c:774:
4037C32823750000:error:02000068:rsa routines:ossl_rsa_verify:bad signature:../crypto/rsa/rsa_sign.c:430:
4037C32823750000:error:1C880004:Provider routines:rsa_verify:RSA lib:../providers/implementations/signature/rsa_sig.c:774:
4057B82A07700000:error:02000068:rsa routines:ossl_rsa_verify:bad signature:../crypto/rsa/rsa_sign.c:430:
4057B82A07700000:error:1C880004:Provider routines:rsa_verify:RSA lib:../providers/implementations/signature/rsa_sig.c:774:
40B713CC0A700000:error:02000068:rsa routines:ossl_rsa_verify:bad signature:../crypto/rsa/rsa_sign.c:430:
40B713CC0A700000:error:1C880004:Provider routines:rsa_verify:RSA lib:../providers/implementations/signature/rsa_sig.c:774:
40273C2EE9720000:error:02000068:rsa routines:ossl_rsa_verify:bad signature:../crypto/rsa/rsa_sign.c:430:
40273C2EE9720000:error:1C880004:Provider routines:rsa_verify:RSA lib:../providers/implementations/signature/rsa_sig.c:774:
40E727268A7A0000:error:02000068:rsa routines:ossl_rsa_verify:bad signature:../crypto/rsa/rsa_sign.c:430:
40E727268A7A0000:error:1C880004:Provider routines:rsa_verify:RSA lib:../providers/implementations/signature/rsa_sig.c:774:
40F764D152740000:error:02000068:rsa routines:ossl_rsa_verify:bad signature:../crypto/rsa/rsa_sign.c:430:
40F764D152740000:error:1C880004:Provider routines:rsa_verify:RSA lib:../providers/implementations/signature/rsa_sig.c:774:
408733BB85770000:error:02000068:rsa routines:ossl_rsa_verify:bad signature:../crypto/rsa/rsa_sign.c:430:
408733BB85770000:error:1C880004:Provider routines:rsa_verify:RSA lib:../providers/implementations/signature/rsa_sig.c:774:
