*** WARNING : deprecated key derivation used.
Using -iter or -pbkdf2 would be better.
*** WARNING : deprecated key derivation used.
Using -iter or -pbkdf2 would be better.
*** WARNING : deprecated key derivation used.
Using -iter or -pbkdf2 would be better.
*** WARNING : deprecated key derivation used.
Using -iter or -pbkdf2 would be better.
*** WARNING : deprecated key derivation used.
Using -iter or -pbkdf2 would be better.
*** WARNING : deprecated key derivation used.
Using -iter or -pbkdf2 would be better.
*** WARNING : deprecated key derivation used.
Using -iter or -pbkdf2 would be better.
*** WARNING : deprecated key derivation used.
Using -iter or -pbkdf2 would be better.
*** WARNING : deprecated key derivation used.
Using -iter or -pbkdf2 would be better.
*** WARNING : deprecated key derivation used.
Using -iter or -pbkdf2 would be better.
*** WARNING : deprecated key derivation used.
Using -iter or -pbkdf2 would be better.
*** WARNING : deprecated key derivation used.
Using -iter or -pbkdf2 would be better.
*** WARNING : deprecated key derivation used.
Using -iter or -pbkdf2 would be better.
bad decrypt
4027EADB64770000:error:1C800064:Provider routines:ossl_cipher_unpadblock:bad decrypt:../providers/implementations/ciphers/ciphercommon_block.c:124:
*** WARNING : deprecated key derivation used.
Using -iter or -pbkdf2 would be better.
bad decrypt
401739308E790000:error:1C800064:Provider routines:ossl_cipher_unpadblock:bad decrypt:../providers/implementations/ciphers/ciphercommon_block.c:124:
*** WARNING : deprecated key derivation used.
Using -iter or -pbkdf2 would be better.
bad decrypt
402737D5A17A0000:error:1C800064:Provider routines:ossl_cipher_unpadblock:bad decrypt:../providers/implementations/ciphers/ciphercommon_block.c:124:
*** WARNING : deprecated key derivation used.
Using -iter or -pbkdf2 would be better.
*** WARNING : deprecated key derivation used.
Using -iter or -pbkdf2 would be better.
*** WARNING : deprecated key derivation used.
Using -iter or -pbkdf2 would be better.
*** WARNING : deprecated key derivation used.
Using -iter or -pbkdf2 would be better.
bad decrypt
40879B9EDA780000:error:1C800064:Provider routines:ossl_cipher_unpadblock:bad decrypt:../providers/implementations/ciphers/ciphercommon_block.c:129:
*** WARNING : deprecated key derivation used.
Using -iter or -pbkdf2 would be better.
bad decrypt
4067848E6F720000:error:1C800064:Provider routines:ossl_cipher_unpadblock:bad decrypt:../providers/implementations/ciphers/ciphercommon_block.c:124:
*** WARNING : deprecated key derivation used.
Using -iter or -pbkdf2 would be better.
bad decrypt
40579182A9730000:error:1C800064:Provider routines:ossl_cipher_unpadblock:bad decrypt:../providers/implementations/ciphers/ciphercommon_block.c:124:
*** WARNING : deprecated key derivation used.
Using -iter or -pbkdf2 would be better.
*** WARNING : deprecated key derivation used.
Using -iter or -pbkdf2 would be better.
*** WARNING : deprecated key derivation used.
Using -iter or -pbkdf2 would be better.
*** WARNING : deprecated key derivation used.
Using -iter or -pbkdf2 would be better.
*** WARNING : deprecated key derivation used.
Using -iter or -pbkdf2 would be better.
*** WARNING : deprecated key derivation used.
Using -iter or -pbkdf2 would be better.
*** WARNING : deprecated key derivation used.
Using -iter or -pbkdf2 would be better.
*** WARNING : deprecated key derivation used.
Using -iter or -pbkdf2 would be better.
*** WARNING : deprecated key derivation used.
Using -iter or -pbkdf2 would be better.
*** WARNING : deprecated key derivation used.
Using -iter or -pbkdf2 would be better.
*** WARNING : deprecated key derivation used.
Using -iter or -pbkdf2 would be better.
*** WARNING : deprecated key derivation used.
Using -iter or -pbkdf2 would be better.
*** WARNING : deprecated key derivation used.
Using -iter or -pbkdf2 would be better.
bad decrypt
40671A03D97A0000:error:1C800064:Provider routines:ossl_cipher_unpadblock:bad decrypt:../providers/implementations/ciphers/ciphercommon_block.c:124:
*** WARNING : deprecated key derivation used.
Using -iter or -pbkdf2 would be better.
bad decrypt
401775C3F7740000:error:1C800064:Provider routines:ossl_cipher_unpadblock:bad decrypt:../providers/implementations/ciphers/ciphercommon_block.c:124:
*** WARNING : deprecated key derivation used.
Using -iter or -pbkdf2 would be better.
bad decrypt
4007D9EF867A0000:error:1C800064:Provider routines:ossl_cipher_unpadblock:bad decrypt:../providers/implementations/ciphers/ciphercommon_block.c:124:
*** WARNING : deprecated key derivation used.
Using -iter or -pbkdf2 would be better.
*** WARNING : deprecated key derivation used.
Using -iter or -pbkdf2 would be better.
*** WARNING : deprecated key derivation used.
Using -iter or -pbkdf2 would be better.
*** WARNING : deprecated key derivation used.
Using -iter or -pbkdf2 would be better.
bad decrypt
40D7AF9FF7710000:error:1C800064:Provider routines:ossl_cipher_unpadblock:bad decrypt:../providers/implementations/ciphers/ciphercommon_block.c:124:
*** WARNING : deprecated key derivation used.
Using -iter or -pbkdf2 would be better.
bad decrypt
4057315E01780000:error:1C800064:Provider routines:ossl_cipher_unpadblock:bad decrypt:../providers/implementations/ciphers/ciphercommon_block.c:124:
*** WARNING : deprecated key derivation used.
Using -iter or -pbkdf2 would be better.
bad decrypt
40C7085E327F0000:error:1C800064:Provider routines:ossl_cipher_unpadblock:bad decrypt:../providers/implementations/ciphers/ciphercommon_block.c:124:
*** WARNING : deprecated key derivation used.
Using -iter or -pbkdf2 would be better.
*** WARNING : deprecated key derivation used.
Using -iter or -pbkdf2 would be better.
*** WARNING : deprecated key derivation used.
Using -iter or -pbkdf2 would be better.
*** WARNING : deprecated key derivation used.
Using -iter or -pbkdf2 would be better.
*** WARNING : deprecated key derivation used.
Using -iter or -pbkdf2 would be better.
*** WARNING : deprecated key derivation used.
Using -iter or -pbkdf2 would be better.
*** WARNING : deprecated key derivation used.
Using -iter or -pbkdf2 would be better.
*** WARNING : deprecated key derivation used.
Using -iter or -pbkdf2 would be better.
*** WARNING : deprecated key derivation used.
Using -iter or -pbkdf2 would be better.
*** WARNING : deprecated key derivation used.
Using -iter or -pbkdf2 would be better.
*** WARNING : deprecated key derivation used.
Using -iter or -pbkdf2 would be better.
*** WARNING : deprecated key derivation used.
Using -iter or -pbkdf2 would be better.
*** WARNING : deprecated key derivation used.
Using -iter or -pbkdf2 would be better.
bad decrypt
4017E2EF81710000:error:1C800064:Provider routines:ossl_cipher_unpadblock:bad decrypt:../providers/implementations/ciphers/ciphercommon_block.c:124:
*** WARNING : deprecated key derivation used.
Using -iter or -pbkdf2 would be better.
bad decrypt
4047398A50730000:error:1C800064:Provider routines:ossl_cipher_unpadblock:bad decrypt:../providers/implementations/ciphers/ciphercommon_block.c:124:
*** WARNING : deprecated key derivation used.
Using -iter or -pbkdf2 would be better.
bad decrypt
4087DBA60C7B0000:error:1C800064:Provider routines:ossl_cipher_unpadblock:bad decrypt:../providers/implementations/ciphers/ciphercommon_block.c:124:
*** WARNING : deprecated key derivation used.
Using -iter or -pbkdf2 would be better.
*** WARNING : deprecated key derivation used.
Using -iter or -pbkdf2 would be better.
*** WARNING : deprecated key derivation used.
Using -iter or -pbkdf2 would be better.
*** WARNING : deprecated key derivation used.
Using -iter or -pbkdf2 would be better.
bad decrypt
40879B98367F0000:error:1C800064:Provider routines:ossl_cipher_unpadblock:bad decrypt:../providers/implementations/ciphers/ciphercommon_block.c:124:
*** WARNING : deprecated key derivation used.
Using -iter or -pbkdf2 would be better.
bad decrypt
40975E4DCF730000:error:1C800064:Provider routines:ossl_cipher_unpadblock:bad decrypt:../providers/implementations/ciphers/ciphercommon_block.c:124:
*** WARNING : deprecated key derivation used.
Using -iter or -pbkdf2 would be better.
bad decrypt
40979E08597B0000:error:1C800064:Provider routines:ossl_cipher_unpadblock:bad decrypt:../providers/implementations/ciphers/ciphercommon_block.c:124:
*** WARNING : deprecated key derivation used.
Using -iter or -pbkdf2 would be better.
*** WARNING : deprecated key derivation used.
Using -iter or -pbkdf2 would be better.
*** WARNING : deprecated key derivation used.
Using -iter or -pbkdf2 would be better.
*** WARNING : deprecated key derivation used.
Using -iter or -pbkdf2 would be better.
*** WARNING : deprecated key derivation used.
Using -iter or -pbkdf2 would be better.
*** WARNING : deprecated key derivation used.
Using -iter or -pbkdf2 would be better.
*** WARNING : deprecated key derivation used.
Using -iter or -pbkdf2 would be better.
*** WARNING : deprecated key derivation used.
Using -iter or -pbkdf2 would be better.
*** WARNING : deprecated key derivation used.
Using -iter or -pbkdf2 would be better.
*** WARNING : deprecated key derivation used.
Using -iter or -pbkdf2 would be better.
*** WARNING : deprecated key derivation used.
Using -iter or -pbkdf2 would be better.
*** WARNING : deprecated key derivation used.
Using -iter or -pbkdf2 would be better.
*** WARNING : deprecated key derivation used.
Using -iter or -pbkdf2 would be better.
bad decrypt
40572F96B6780000:error:1C800064:Provider routines:ossl_cipher_unpadblock:bad decrypt:../providers/implementations/ciphers/ciphercommon_block.c:124:
*** WARNING : deprecated key derivation used.
Using -iter or -pbkdf2 would be better.
bad decrypt
400734692E710000:error:1C800064:Provider routines:ossl_cipher_unpadblock:bad decrypt:../providers/implementations/ciphers/ciphercommon_block.c:124:
*** WARNING : deprecated key derivation used.
Using -iter or -pbkdf2 would be better.
bad decrypt
4007E6B0FB770000:error:1C800064:Provider routines:ossl_cipher_unpadblock:bad decrypt:../providers/implementations/ciphers/ciphercommon_block.c:124:
*** WARNING : deprecated key derivation used.
Using -iter or -pbkdf2 would be better.
*** WARNING : deprecated key derivation used.
Using -iter or -pbkdf2 would be better.
*** WARNING : deprecated key derivation used.
Using -iter or -pbkdf2 would be better.
*** WARNING : deprecated key derivation used.
Using -iter or -pbkdf2 would be better.
bad decrypt
40C7E1F61F760000:error:1C800064:Provider routines:ossl_cipher_unpadblock:bad decrypt:../providers/implementations/ciphers/ciphercommon_block.c:129:
*** WARNING : deprecated key derivation used.
Using -iter or -pbkdf2 would be better.
bad decrypt
40D7393B9F7D0000:error:1C800064:Provider routines:ossl_cipher_unpadblock:bad decrypt:../providers/implementations/ciphers/ciphercommon_block.c:124:
*** WARNING : deprecated key derivation used.
Using -iter or -pbkdf2 would be better.
bad decrypt
4087AF392A7B0000:error:1C800064:Provider routines:ossl_cipher_unpadblock:bad decrypt:../providers/implementations/ciphers/ciphercommon_block.c:124:
*** WARNING : deprecated key derivation used.
Using -iter or -pbkdf2 would be better.
error writing output file
4077B0BFB6730000:error:1C800066:Provider routines:aes_wrap_cipher_internal:cipher operation failed:../providers/implementations/ciphers/cipher_aes_wrp.c:212:
4077B0BFB6730000:error:030000BD:digital envelope routines:EVP_DecryptUpdate:update error:../crypto/evp/evp_enc.c:837:
*** WARNING : deprecated key derivation used.
Using -iter or -pbkdf2 would be better.
*** WARNING : deprecated key derivation used.
Using -iter or -pbkdf2 would be better.
*** WARNING : deprecated key derivation used.
Using -iter or -pbkdf2 would be better.
bad decrypt
40D7AAA693740000:error:1C800064:Provider routines:ossl_cipher_unpadblock:bad decrypt:../providers/implementations/ciphers/ciphercommon_block.c:124:
*** WARNING : deprecated key derivation used.
Using -iter or -pbkdf2 would be better.
bad decrypt
40F7D5C7567D0000:error:1C800064:Provider routines:ossl_cipher_unpadblock:bad decrypt:../providers/implementations/ciphers/ciphercommon_block.c:124:
*** WARNING : deprecated key derivation used.
Using -iter or -pbkdf2 would be better.
bad decrypt
40A7B4FD25790000:error:1C800064:Provider routines:ossl_cipher_unpadblock:bad decrypt:../providers/implementations/ciphers/ciphercommon_block.c:124:
*** WARNING : deprecated key derivation used.
Using -iter or -pbkdf2 would be better.
error writing output file
406760C684790000:error:1C800066:Provider routines:aes_wrap_cipher_internal:cipher operation failed:../providers/implementations/ciphers/cipher_aes_wrp.c:212:
406760C684790000:error:030000BD:digital envelope routines:EVP_DecryptUpdate:update error:../crypto/evp/evp_enc.c:837:
*** WARNING : deprecated key derivation used.
Using -iter or -pbkdf2 would be better.
*** WARNING : deprecated key derivation used.
Using -iter or -pbkdf2 would be better.
*** WARNING : deprecated key derivation used.
Using -iter or -pbkdf2 would be better.
bad decrypt
40C7A59E307F0000:error:1C800064:Provider routines:ossl_cipher_unpadblock:bad decrypt:../providers/implementations/ciphers/ciphercommon_block.c:124:
*** WARNING : deprecated key derivation used.
Using -iter or -pbkdf2 would be better.
bad decrypt
4067A982C17D0000:error:1C800064:Provider routines:ossl_cipher_unpadblock:bad decrypt:../providers/implementations/ciphers/ciphercommon_block.c:124:
*** WARNING : deprecated key derivation used.
Using -iter or -pbkdf2 would be better.
bad decrypt
40B7FF283A760000:error:1C800064:Provider routines:ossl_cipher_unpadblock:bad decrypt:../providers/implementations/ciphers/ciphercommon_block.c:124:
*** WARNING : deprecated key derivation used.
Using -iter or -pbkdf2 would be better.
error writing output file
40D76C9981730000:error:1C800066:Provider routines:aes_wrap_cipher_internal:cipher operation failed:../providers/implementations/ciphers/cipher_aes_wrp.c:212:
40D76C9981730000:error:030000BD:digital envelope routines:EVP_DecryptUpdate:update error:../crypto/evp/evp_enc.c:837:
*** WARNING : deprecated key derivation used.
Using -iter or -pbkdf2 would be better.
*** WARNING : deprecated key derivation used.
Using -iter or -pbkdf2 would be better.
*** WARNING : deprecated key derivation used.
Using -iter or -pbkdf2 would be better.
bad decrypt
40771C4B3C780000:error:1C800064:Provider routines:ossl_cipher_unpadblock:bad decrypt:../providers/implementations/ciphers/ciphercommon_block.c:124:
*** WARNING : deprecated key derivation used.
Using -iter or -pbkdf2 would be better.
bad decrypt
40B7C801507A0000:error:1C800064:Provider routines:ossl_cipher_unpadblock:bad decrypt:../providers/implementations/ciphers/ciphercommon_block.c:124:
*** WARNING : deprecated key derivation used.
Using -iter or -pbkdf2 would be better.
bad decrypt
4087420083710000:error:1C800064:Provider routines:ossl_cipher_unpadblock:bad decrypt:../providers/implementations/ciphers/ciphercommon_block.c:124:
*** WARNING : deprecated key derivation used.
Using -iter or -pbkdf2 would be better.
*** WARNING : deprecated key derivation used.
Using -iter or -pbkdf2 would be better.
*** WARNING : deprecated key derivation used.
Using -iter or -pbkdf2 would be better.
*** WARNING : deprecated key derivation used.
Using -iter or -pbkdf2 would be better.
*** WARNING : deprecated key derivation used.
Using -iter or -pbkdf2 would be better.
*** WARNING : deprecated key derivation used.
Using -iter or -pbkdf2 would be better.
*** WARNING : deprecated key derivation used.
Using -iter or -pbkdf2 would be better.
*** WARNING : deprecated key derivation used.
Using -iter or -pbkdf2 would be better.
*** WARNING : deprecated key derivation used.
Using -iter or -pbkdf2 would be better.
*** WARNING : deprecated key derivation used.
Using -iter or -pbkdf2 would be better.
*** WARNING : deprecated key derivation used.
Using -iter or -pbkdf2 would be better.
*** WARNING : deprecated key derivation used.
Using -iter or -pbkdf2 would be better.
*** WARNING : deprecated key derivation used.
Using -iter or -pbkdf2 would be better.
bad decrypt
4047D565777C0000:error:1C800064:Provider routines:ossl_cipher_unpadblock:bad decrypt:../providers/implementations/ciphers/ciphercommon_block.c:124:
*** WARNING : deprecated key derivation used.
Using -iter or -pbkdf2 would be better.
bad decrypt
4047A59E327B0000:error:1C800064:Provider routines:ossl_cipher_unpadblock:bad decrypt:../providers/implementations/ciphers/ciphercommon_block.c:124:
*** WARNING : deprecated key derivation used.
Using -iter or -pbkdf2 would be better.
bad decrypt
40479FE6DD760000:error:1C800064:Provider routines:ossl_cipher_unpadblock:bad decrypt:../providers/implementations/ciphers/ciphercommon_block.c:124:
*** WARNING : deprecated key derivation used.
Using -iter or -pbkdf2 would be better.
*** WARNING : deprecated key derivation used.
Using -iter or -pbkdf2 would be better.
*** WARNING : deprecated key derivation used.
Using -iter or -pbkdf2 would be better.
*** WARNING : deprecated key derivation used.
Using -iter or -pbkdf2 would be better.
bad decrypt
40F7612C94790000:error:1C800064:Provider routines:ossl_cipher_unpadblock:bad decrypt:../providers/implementations/ciphers/ciphercommon_block.c:124:
*** WARNING : deprecated key derivation used.
Using -iter or -pbkdf2 would be better.
bad decrypt
40579420FC790000:error:1C800064:Provider routines:ossl_cipher_unpadblock:bad decrypt:../providers/implementations/ciphers/ciphercommon_block.c:124:
*** WARNING : deprecated key derivation used.
Using -iter or -pbkdf2 would be better.
bad decrypt
4067642628720000:error:1C800064:Provider routines:ossl_cipher_unpadblock:bad decrypt:../providers/implementations/ciphers/ciphercommon_block.c:124:
*** WARNING : deprecated key derivation used.
Using -iter or -pbkdf2 would be better.
*** WARNING : deprecated key derivation used.
Using -iter or -pbkdf2 would be better.
*** WARNING : deprecated key derivation used.
Using -iter or -pbkdf2 would be better.
*** WARNING : deprecated key derivation used.
Using -iter or -pbkdf2 would be better.
*** WARNING : deprecated key derivation used.
Using -iter or -pbkdf2 would be better.
*** WARNING : deprecated key derivation used.
Using -iter or -pbkdf2 would be better.
*** WARNING : deprecated key derivation used.
Using -iter or -pbkdf2 would be better.
*** WARNING : deprecated key derivation used.
Using -iter or -pbkdf2 would be better.
*** WARNING : deprecated key derivation used.
Using -iter or -pbkdf2 would be better.
*** WARNING : deprecated key derivation used.
Using -iter or -pbkdf2 would be better.
*** WARNING : deprecated key derivation used.
Using -iter or -pbkdf2 would be better.
*** WARNING : deprecated key derivation used.
Using -iter or -pbkdf2 would be better.
*** WARNING : deprecated key derivation used.
Using -iter or -pbkdf2 would be better.
bad decrypt
40C758D41F770000:error:1C800064:Provider routines:ossl_cipher_unpadblock:bad decrypt:../providers/implementations/ciphers/ciphercommon_block.c:124:
*** WARNING : deprecated key derivation used.
Using -iter or -pbkdf2 would be better.
bad decrypt
404738F1F6750000:error:1C800064:Provider routines:ossl_cipher_unpadblock:bad decrypt:../providers/implementations/ciphers/ciphercommon_block.c:124:
*** WARNING : deprecated key derivation used.
Using -iter or -pbkdf2 would be better.
bad decrypt
40A74A70157E0000:error:1C800064:Provider routines:ossl_cipher_unpadblock:bad decrypt:../providers/implementations/ciphers/ciphercommon_block.c:124:
*** WARNING : deprecated key derivation used.
Using -iter or -pbkdf2 would be better.
*** WARNING : deprecated key derivation used.
Using -iter or -pbkdf2 would be better.
*** WARNING : deprecated key derivation used.
Using -iter or -pbkdf2 would be better.
*** WARNING : deprecated key derivation used.
Using -iter or -pbkdf2 would be better.
bad decrypt
4037CE5DCA710000:error:1C800064:Provider routines:ossl_cipher_unpadblock:bad decrypt:../providers/implementations/ciphers/ciphercommon_block.c:124:
*** WARNING : deprecated key derivation used.
Using -iter or -pbkdf2 would be better.
bad decrypt
408707BBD0790000:error:1C800064:Provider routines:ossl_cipher_unpadblock:bad decrypt:../providers/implementations/ciphers/ciphercommon_block.c:124:
*** WARNING : deprecated key derivation used.
Using -iter or -pbkdf2 would be better.
bad decrypt
4097C12A33700000:error:1C800064:Provider routines:ossl_cipher_unpadblock:bad decrypt:../providers/implementations/ciphers/ciphercommon_block.c:124:
*** WARNING : deprecated key derivation used.
Using -iter or -pbkdf2 would be better.
*** WARNING : deprecated key derivation used.
Using -iter or -pbkdf2 would be better.
*** WARNING : deprecated key derivation used.
Using -iter or -pbkdf2 would be better.
*** WARNING : deprecated key derivation used.
Using -iter or -pbkdf2 would be better.
*** WARNING : deprecated key derivation used.
Using -iter or -pbkdf2 would be better.
*** WARNING : deprecated key derivation used.
Using -iter or -pbkdf2 would be better.
*** WARNING : deprecated key derivation used.
Using -iter or -pbkdf2 would be better.
*** WARNING : deprecated key derivation used.
Using -iter or -pbkdf2 would be better.
*** WARNING : deprecated key derivation used.
Using -iter or -pbkdf2 would be better.
*** WARNING : deprecated key derivation used.
Using -iter or -pbkdf2 would be better.
*** WARNING : deprecated key derivation used.
Using -iter or -pbkdf2 would be better.
*** WARNING : deprecated key derivation used.
Using -iter or -pbkdf2 would be better.
*** WARNING : deprecated key derivation used.
Using -iter or -pbkdf2 would be better.
bad decrypt
40F7A943D77E0000:error:1C800064:Provider routines:ossl_cipher_unpadblock:bad decrypt:../providers/implementations/ciphers/ciphercommon_block.c:124:
*** WARNING : deprecated key derivation used.
Using -iter or -pbkdf2 would be better.
bad decrypt
40B7FFF2DD720000:error:1C800064:Provider routines:ossl_cipher_unpadblock:bad decrypt:../providers/implementations/ciphers/ciphercommon_block.c:124:
*** WARNING : deprecated key derivation used.
Using -iter or -pbkdf2 would be better.
bad decrypt
407764801D710000:error:1C800064:Provider routines:ossl_cipher_unpadblock:bad decrypt:../providers/implementations/ciphers/ciphercommon_block.c:124:
*** WARNING : deprecated key derivation used.
Using -iter or -pbkdf2 would be better.
*** WARNING : deprecated key derivation used.
Using -iter or -pbkdf2 would be better.
*** WARNING : deprecated key derivation used.
Using -iter or -pbkdf2 would be better.
*** WARNING : deprecated key derivation used.
Using -iter or -pbkdf2 would be better.
bad decrypt
40C7390686750000:error:1C800064:Provider routines:ossl_cipher_unpadblock:bad decrypt:../providers/implementations/ciphers/ciphercommon_block.c:124:
*** WARNING : deprecated key derivation used.
Using -iter or -pbkdf2 would be better.
bad decrypt
4037F41AA2790000:error:1C800064:Provider routines:ossl_cipher_unpadblock:bad decrypt:../providers/implementations/ciphers/ciphercommon_block.c:124:
*** WARNING : deprecated key derivation used.
Using -iter or -pbkdf2 would be better.
bad decrypt
405785D2AF7D0000:error:1C800064:Provider routines:ossl_cipher_unpadblock:bad decrypt:../providers/implementations/ciphers/ciphercommon_block.c:124:
*** WARNING : deprecated key derivation used.
Using -iter or -pbkdf2 would be better.
error writing output file
40071456AA790000:error:1C800066:Provider routines:aes_wrap_cipher_internal:cipher operation failed:../providers/implementations/ciphers/cipher_aes_wrp.c:212:
40071456AA790000:error:030000BD:digital envelope routines:EVP_DecryptUpdate:update error:../crypto/evp/evp_enc.c:837:
*** WARNING : deprecated key derivation used.
Using -iter or -pbkdf2 would be better.
*** WARNING : deprecated key derivation used.
Using -iter or -pbkdf2 would be better.
*** WARNING : deprecated key derivation used.
Using -iter or -pbkdf2 would be better.
bad decrypt
403768F404780000:error:1C800064:Provider routines:ossl_cipher_unpadblock:bad decrypt:../providers/implementations/ciphers/ciphercommon_block.c:124:
*** WARNING : deprecated key derivation used.
Using -iter or -pbkdf2 would be better.
bad decrypt
40C780A071710000:error:1C800064:Provider routines:ossl_cipher_unpadblock:bad decrypt:../providers/implementations/ciphers/ciphercommon_block.c:124:
*** WARNING : deprecated key derivation used.
Using -iter or -pbkdf2 would be better.
bad decrypt
40870FDCD97E0000:error:1C800064:Provider routines:ossl_cipher_unpadblock:bad decrypt:../providers/implementations/ciphers/ciphercommon_block.c:124:
*** WARNING : deprecated key derivation used.
Using -iter or -pbkdf2 would be better.
error writing output file
4087C9C5907B0000:error:1C800066:Provider routines:aes_wrap_cipher_internal:cipher operation failed:../providers/implementations/ciphers/cipher_aes_wrp.c:212:
4087C9C5907B0000:error:030000BD:digital envelope routines:EVP_DecryptUpdate:update error:../crypto/evp/evp_enc.c:837:
*** WARNING : deprecated key derivation used.
Using -iter or -pbkdf2 would be better.
*** WARNING : deprecated key derivation used.
Using -iter or -pbkdf2 would be better.
*** WARNING : deprecated key derivation used.
Using -iter or -pbkdf2 would be better.
bad decrypt
4067E7EF54780000:error:1C800064:Provider routines:ossl_cipher_unpadblock:bad decrypt:../providers/implementations/ciphers/ciphercommon_block.c:124:
*** WARNING : deprecated key derivation used.
Using -iter or -pbkdf2 would be better.
bad decrypt
408795AA557A0000:error:1C800064:Provider routines:ossl_cipher_unpadblock:bad decrypt:../providers/implementations/ciphers/ciphercommon_block.c:124:
*** WARNING : deprecated key derivation used.
Using -iter or -pbkdf2 would be better.
bad decrypt
4027DA8F85710000:error:1C800064:Provider routines:ossl_cipher_unpadblock:bad decrypt:../providers/implementations/ciphers/ciphercommon_block.c:124:
*** WARNING : deprecated key derivation used.
Using -iter or -pbkdf2 would be better.
error writing output file
40B7521F3E7B0000:error:1C800066:Provider routines:aes_wrap_cipher_internal:cipher operation failed:../providers/implementations/ciphers/cipher_aes_wrp.c:212:
40B7521F3E7B0000:error:030000BD:digital envelope routines:EVP_DecryptUpdate:update error:../crypto/evp/evp_enc.c:837:
*** WARNING : deprecated key derivation used.
Using -iter or -pbkdf2 would be better.
*** WARNING : deprecated key derivation used.
Using -iter or -pbkdf2 would be better.
*** WARNING : deprecated key derivation used.
Using -iter or -pbkdf2 would be better.
bad decrypt
4017C1B202710000:error:1C800064:Provider routines:ossl_cipher_unpadblock:bad decrypt:../providers/implementations/ciphers/ciphercommon_block.c:129:
*** WARNING : deprecated key derivation used.
Using -iter or -pbkdf2 would be better.
bad decrypt
4007653DC17F0000:error:1C800064:Provider routines:ossl_cipher_unpadblock:bad decrypt:../providers/implementations/ciphers/ciphercommon_block.c:124:
*** WARNING : deprecated key derivation used.
Using -iter or -pbkdf2 would be better.
bad decrypt
40170E4A417A0000:error:1C800064:Provider routines:ossl_cipher_unpadblock:bad decrypt:../providers/implementations/ciphers/ciphercommon_block.c:124:
*** WARNING : deprecated key derivation used.
Using -iter or -pbkdf2 would be better.
*** WARNING : deprecated key derivation used.
Using -iter or -pbkdf2 would be better.
*** WARNING : deprecated key derivation used.
Using -iter or -pbkdf2 would be better.
*** WARNING : deprecated key derivation used.
Using -iter or -pbkdf2 would be better.
*** WARNING : deprecated key derivation used.
Using -iter or -pbkdf2 would be better.
*** WARNING : deprecated key derivation used.
Using -iter or -pbkdf2 would be better.
*** WARNING : deprecated key derivation used.
Using -iter or -pbkdf2 would be better.
*** WARNING : deprecated key derivation used.
Using -iter or -pbkdf2 would be better.
*** WARNING : deprecated key derivation used.
Using -iter or -pbkdf2 would be better.
*** WARNING : deprecated key derivation used.
Using -iter or -pbkdf2 would be better.
*** WARNING : deprecated key derivation used.
Using -iter or -pbkdf2 would be better.
*** WARNING : deprecated key derivation used.
Using -iter or -pbkdf2 would be better.
*** WARNING : deprecated key derivation used.
Using -iter or -pbkdf2 would be better.
bad decrypt
40E78301EB7B0000:error:1C800064:Provider routines:ossl_cipher_unpadblock:bad decrypt:../providers/implementations/ciphers/ciphercommon_block.c:124:
*** WARNING : deprecated key derivation used.
Using -iter or -pbkdf2 would be better.
bad decrypt
40979E277F770000:error:1C800064:Provider routines:ossl_cipher_unpadblock:bad decrypt:../providers/implementations/ciphers/ciphercommon_block.c:124:
*** WARNING : deprecated key derivation used.
Using -iter or -pbkdf2 would be better.
bad decrypt
40B77A5F3D790000:error:1C800064:Provider routines:ossl_cipher_unpadblock:bad decrypt:../providers/implementations/ciphers/ciphercommon_block.c:124:
*** WARNING : deprecated key derivation used.
Using -iter or -pbkdf2 would be better.
*** WARNING : deprecated key derivation used.
Using -iter or -pbkdf2 would be better.
*** WARNING : deprecated key derivation used.
Using -iter or -pbkdf2 would be better.
*** WARNING : deprecated key derivation used.
Using -iter or -pbkdf2 would be better.
bad decrypt
40774BE270720000:error:1C800064:Provider routines:ossl_cipher_unpadblock:bad decrypt:../providers/implementations/ciphers/ciphercommon_block.c:124:
*** WARNING : deprecated key derivation used.
Using -iter or -pbkdf2 would be better.
bad decrypt
40D7FFAA1C7B0000:error:1C800064:Provider routines:ossl_cipher_unpadblock:bad decrypt:../providers/implementations/ciphers/ciphercommon_block.c:124:
*** WARNING : deprecated key derivation used.
Using -iter or -pbkdf2 would be better.
bad decrypt
4087F37D7B720000:error:1C800064:Provider routines:ossl_cipher_unpadblock:bad decrypt:../providers/implementations/ciphers/ciphercommon_block.c:124:
*** WARNING : deprecated key derivation used.
Using -iter or -pbkdf2 would be better.
*** WARNING : deprecated key derivation used.
Using -iter or -pbkdf2 would be better.
*** WARNING : deprecated key derivation used.
Using -iter or -pbkdf2 would be better.
*** WARNING : deprecated key derivation used.
Using -iter or -pbkdf2 would be better.
*** WARNING : deprecated key derivation used.
Using -iter or -pbkdf2 would be better.
*** WARNING : deprecated key derivation used.
Using -iter or -pbkdf2 would be better.
*** WARNING : deprecated key derivation used.
Using -iter or -pbkdf2 would be better.
*** WARNING : deprecated key derivation used.
Using -iter or -pbkdf2 would be better.
*** WARNING : deprecated key derivation used.
Using -iter or -pbkdf2 would be better.
*** WARNING : deprecated key derivation used.
Using -iter or -pbkdf2 would be better.
*** WARNING : deprecated key derivation used.
Using -iter or -pbkdf2 would be better.
*** WARNING : deprecated key derivation used.
Using -iter or -pbkdf2 would be better.
*** WARNING : deprecated key derivation used.
Using -iter or -pbkdf2 would be better.
bad decrypt
4047FAC223720000:error:1C800064:Provider routines:ossl_cipher_unpadblock:bad decrypt:../providers/implementations/ciphers/ciphercommon_block.c:124:
*** WARNING : deprecated key derivation used.
Using -iter or -pbkdf2 would be better.
bad decrypt
4047EC1B3C720000:error:1C800064:Provider routines:ossl_cipher_unpadblock:bad decrypt:../providers/implementations/ciphers/ciphercommon_block.c:124:
*** WARNING : deprecated key derivation used.
Using -iter or -pbkdf2 would be better.
bad decrypt
40A77278D67F0000:error:1C800064:Provider routines:ossl_cipher_unpadblock:bad decrypt:../providers/implementations/ciphers/ciphercommon_block.c:124:
*** WARNING : deprecated key derivation used.
Using -iter or -pbkdf2 would be better.
*** WARNING : deprecated key derivation used.
Using -iter or -pbkdf2 would be better.
*** WARNING : deprecated key derivation used.
Using -iter or -pbkdf2 would be better.
*** WARNING : deprecated key derivation used.
Using -iter or -pbkdf2 would be better.
bad decrypt
40479710C4730000:error:1C800064:Provider routines:ossl_cipher_unpadblock:bad decrypt:../providers/implementations/ciphers/ciphercommon_block.c:124:
*** WARNING : deprecated key derivation used.
Using -iter or -pbkdf2 would be better.
bad decrypt
4097E0A66C710000:error:1C800064:Provider routines:ossl_cipher_unpadblock:bad decrypt:../providers/implementations/ciphers/ciphercommon_block.c:124:
*** WARNING : deprecated key derivation used.
Using -iter or -pbkdf2 would be better.
bad decrypt
4097DC0C7B740000:error:1C800064:Provider routines:ossl_cipher_unpadblock:bad decrypt:../providers/implementations/ciphers/ciphercommon_block.c:124:
*** WARNING : deprecated key derivation used.
Using -iter or -pbkdf2 would be better.
*** WARNING : deprecated key derivation used.
Using -iter or -pbkdf2 would be better.
*** WARNING : deprecated key derivation used.
Using -iter or -pbkdf2 would be better.
*** WARNING : deprecated key derivation used.
Using -iter or -pbkdf2 would be better.
*** WARNING : deprecated key derivation used.
Using -iter or -pbkdf2 would be better.
*** WARNING : deprecated key derivation used.
Using -iter or -pbkdf2 would be better.
*** WARNING : deprecated key derivation used.
Using -iter or -pbkdf2 would be better.
*** WARNING : deprecated key derivation used.
Using -iter or -pbkdf2 would be better.
*** WARNING : deprecated key derivation used.
Using -iter or -pbkdf2 would be better.
*** WARNING : deprecated key derivation used.
Using -iter or -pbkdf2 would be better.
*** WARNING : deprecated key derivation used.
Using -iter or -pbkdf2 would be better.
*** WARNING : deprecated key derivation used.
Using -iter or -pbkdf2 would be better.
*** WARNING : deprecated key derivation used.
Using -iter or -pbkdf2 would be better.
bad decrypt
4087FA97F4780000:error:1C800064:Provider routines:ossl_cipher_unpadblock:bad decrypt:../providers/implementations/ciphers/ciphercommon_block.c:124:
*** WARNING : deprecated key derivation used.
Using -iter or -pbkdf2 would be better.
bad decrypt
40D7A417EE730000:error:1C800064:Provider routines:ossl_cipher_unpadblock:bad decrypt:../providers/implementations/ciphers/ciphercommon_block.c:124:
*** WARNING : deprecated key derivation used.
Using -iter or -pbkdf2 would be better.
bad decrypt
40978CD7B57D0000:error:1C800064:Provider routines:ossl_cipher_unpadblock:bad decrypt:../providers/implementations/ciphers/ciphercommon_block.c:124:
*** WARNING : deprecated key derivation used.
Using -iter or -pbkdf2 would be better.
*** WARNING : deprecated key derivation used.
Using -iter or -pbkdf2 would be better.
*** WARNING : deprecated key derivation used.
Using -iter or -pbkdf2 would be better.
*** WARNING : deprecated key derivation used.
Using -iter or -pbkdf2 would be better.
bad decrypt
40F76E897A710000:error:1C800064:Provider routines:ossl_cipher_unpadblock:bad decrypt:../providers/implementations/ciphers/ciphercommon_block.c:129:
*** WARNING : deprecated key derivation used.
Using -iter or -pbkdf2 would be better.
bad decrypt
408705A19A740000:error:1C800064:Provider routines:ossl_cipher_unpadblock:bad decrypt:../providers/implementations/ciphers/ciphercommon_block.c:124:
*** WARNING : deprecated key derivation used.
Using -iter or -pbkdf2 would be better.
bad decrypt
40B70257807B0000:error:1C800064:Provider routines:ossl_cipher_unpadblock:bad decrypt:../providers/implementations/ciphers/ciphercommon_block.c:124:
*** WARNING : deprecated key derivation used.
Using -iter or -pbkdf2 would be better.
error writing output file
4017CAB26E790000:error:1C800066:Provider routines:aes_wrap_cipher_internal:cipher operation failed:../providers/implementations/ciphers/cipher_aes_wrp.c:212:
4017CAB26E790000:error:030000BD:digital envelope routines:EVP_DecryptUpdate:update error:../crypto/evp/evp_enc.c:837:
*** WARNING : deprecated key derivation used.
Using -iter or -pbkdf2 would be better.
*** WARNING : deprecated key derivation used.
Using -iter or -pbkdf2 would be better.
*** WARNING : deprecated key derivation used.
Using -iter or -pbkdf2 would be better.
bad decrypt
4017FDB70A710000:error:1C800064:Provider routines:ossl_cipher_unpadblock:bad decrypt:../providers/implementations/ciphers/ciphercommon_block.c:124:
*** WARNING : deprecated key derivation used.
Using -iter or -pbkdf2 would be better.
bad decrypt
4017357894700000:error:1C800064:Provider routines:ossl_cipher_unpadblock:bad decrypt:../providers/implementations/ciphers/ciphercommon_block.c:124:
*** WARNING : deprecated key derivation used.
Using -iter or -pbkdf2 would be better.
bad decrypt
401714C287710000:error:1C800064:Provider routines:ossl_cipher_unpadblock:bad decrypt:../providers/implementations/ciphers/ciphercommon_block.c:124:
*** WARNING : deprecated key derivation used.
Using -iter or -pbkdf2 would be better.
error writing output file
400712ED29710000:error:1C800066:Provider routines:aes_wrap_cipher_internal:cipher operation failed:../providers/implementations/ciphers/cipher_aes_wrp.c:212:
400712ED29710000:error:030000BD:digital envelope routines:EVP_DecryptUpdate:update error:../crypto/evp/evp_enc.c:837:
*** WARNING : deprecated key derivation used.
Using -iter or -pbkdf2 would be better.
*** WARNING : deprecated key derivation used.
Using -iter or -pbkdf2 would be better.
*** WARNING : deprecated key derivation used.
Using -iter or -pbkdf2 would be better.
bad decrypt
4077FA000C750000:error:1C800064:Provider routines:ossl_cipher_unpadblock:bad decrypt:../providers/implementations/ciphers/ciphercommon_block.c:124:
*** WARNING : deprecated key derivation used.
Using -iter or -pbkdf2 would be better.
bad decrypt
40E74368017E0000:error:1C800064:Provider routines:ossl_cipher_unpadblock:bad decrypt:../providers/implementations/ciphers/ciphercommon_block.c:124:
*** WARNING : deprecated key derivation used.
Using -iter or -pbkdf2 would be better.
bad decrypt
40B7AB7B6F700000:error:1C800064:Provider routines:ossl_cipher_unpadblock:bad decrypt:../providers/implementations/ciphers/ciphercommon_block.c:124:
*** WARNING : deprecated key derivation used.
Using -iter or -pbkdf2 would be better.
error writing output file
40E7A972C17C0000:error:1C800066:Provider routines:aes_wrap_cipher_internal:cipher operation failed:../providers/implementations/ciphers/cipher_aes_wrp.c:212:
40E7A972C17C0000:error:030000BD:digital envelope routines:EVP_DecryptUpdate:update error:../crypto/evp/evp_enc.c:837:
*** WARNING : deprecated key derivation used.
Using -iter or -pbkdf2 would be better.
*** WARNING : deprecated key derivation used.
Using -iter or -pbkdf2 would be better.
enc: Use -help for summary.
enc: Use -help for summary.
enc: Use -help for summary.
enc: Use -help for summary.
enc: Use -help for summary.
enc: Use -help for summary.
*** WARNING : deprecated key derivation used.
Using -iter or -pbkdf2 would be better.
bad decrypt
40372E8669780000:error:1C800064:Provider routines:ossl_cipher_unpadblock:bad decrypt:../providers/implementations/ciphers/ciphercommon_block.c:129:
*** WARNING : deprecated key derivation used.
Using -iter or -pbkdf2 would be better.
bad decrypt
40373170D7710000:error:1C800064:Provider routines:ossl_cipher_unpadblock:bad decrypt:../providers/implementations/ciphers/ciphercommon_block.c:124:
*** WARNING : deprecated key derivation used.
Using -iter or -pbkdf2 would be better.
bad decrypt
40479CD0907B0000:error:1C800064:Provider routines:ossl_cipher_unpadblock:bad decrypt:../providers/implementations/ciphers/ciphercommon_block.c:124:
*** WARNING : deprecated key derivation used.
Using -iter or -pbkdf2 would be better.
*** WARNING : deprecated key derivation used.
Using -iter or -pbkdf2 would be better.
*** WARNING : deprecated key derivation used.
Using -iter or -pbkdf2 would be better.
*** WARNING : deprecated key derivation used.
Using -iter or -pbkdf2 would be better.
*** WARNING : deprecated key derivation used.
Using -iter or -pbkdf2 would be better.
*** WARNING : deprecated key derivation used.
Using -iter or -pbkdf2 would be better.
*** WARNING : deprecated key derivation used.
Using -iter or -pbkdf2 would be better.
*** WARNING : deprecated key derivation used.
Using -iter or -pbkdf2 would be better.
*** WARNING : deprecated key derivation used.
Using -iter or -pbkdf2 would be better.
*** WARNING : deprecated key derivation used.
Using -iter or -pbkdf2 would be better.
*** WARNING : deprecated key derivation used.
Using -iter or -pbkdf2 would be better.
*** WARNING : deprecated key derivation used.
Using -iter or -pbkdf2 would be better.
*** WARNING : deprecated key derivation used.
Using -iter or -pbkdf2 would be better.
bad decrypt
4097FC3024790000:error:1C800064:Provider routines:ossl_cipher_unpadblock:bad decrypt:../providers/implementations/ciphers/ciphercommon_block.c:124:
*** WARNING : deprecated key derivation used.
Using -iter or -pbkdf2 would be better.
bad decrypt
400762E59F780000:error:1C800064:Provider routines:ossl_cipher_unpadblock:bad decrypt:../providers/implementations/ciphers/ciphercommon_block.c:124:
*** WARNING : deprecated key derivation used.
Using -iter or -pbkdf2 would be better.
bad decrypt
4007650611760000:error:1C800064:Provider routines:ossl_cipher_unpadblock:bad decrypt:../providers/implementations/ciphers/ciphercommon_block.c:124:
*** WARNING : deprecated key derivation used.
Using -iter or -pbkdf2 would be better.
*** WARNING : deprecated key derivation used.
Using -iter or -pbkdf2 would be better.
*** WARNING : deprecated key derivation used.
Using -iter or -pbkdf2 would be better.
*** WARNING : deprecated key derivation used.
Using -iter or -pbkdf2 would be better.
bad decrypt
40676C8AAB740000:error:1C800064:Provider routines:ossl_cipher_unpadblock:bad decrypt:../providers/implementations/ciphers/ciphercommon_block.c:124:
*** WARNING : deprecated key derivation used.
Using -iter or -pbkdf2 would be better.
bad decrypt
4067E85D22740000:error:1C800064:Provider routines:ossl_cipher_unpadblock:bad decrypt:../providers/implementations/ciphers/ciphercommon_block.c:124:
*** WARNING : deprecated key derivation used.
Using -iter or -pbkdf2 would be better.
bad decrypt
4047A135367A0000:error:1C800064:Provider routines:ossl_cipher_unpadblock:bad decrypt:../providers/implementations/ciphers/ciphercommon_block.c:124:
*** WARNING : deprecated key derivation used.
Using -iter or -pbkdf2 would be better.
*** WARNING : deprecated key derivation used.
Using -iter or -pbkdf2 would be better.
*** WARNING : deprecated key derivation used.
Using -iter or -pbkdf2 would be better.
*** WARNING : deprecated key derivation used.
Using -iter or -pbkdf2 would be better.
*** WARNING : deprecated key derivation used.
Using -iter or -pbkdf2 would be better.
*** WARNING : deprecated key derivation used.
Using -iter or -pbkdf2 would be better.
*** WARNING : deprecated key derivation used.
Using -iter or -pbkdf2 would be better.
*** WARNING : deprecated key derivation used.
Using -iter or -pbkdf2 would be better.
*** WARNING : deprecated key derivation used.
Using -iter or -pbkdf2 would be better.
*** WARNING : deprecated key derivation used.
Using -iter or -pbkdf2 would be better.
*** WARNING : deprecated key derivation used.
Using -iter or -pbkdf2 would be better.
*** WARNING : deprecated key derivation used.
Using -iter or -pbkdf2 would be better.
*** WARNING : deprecated key derivation used.
Using -iter or -pbkdf2 would be better.
bad decrypt
4027B612F8770000:error:1C800064:Provider routines:ossl_cipher_unpadblock:bad decrypt:../providers/implementations/ciphers/ciphercommon_block.c:124:
*** WARNING : deprecated key derivation used.
Using -iter or -pbkdf2 would be better.
bad decrypt
408711A3E7700000:error:1C800064:Provider routines:ossl_cipher_unpadblock:bad decrypt:../providers/implementations/ciphers/ciphercommon_block.c:124:
*** WARNING : deprecated key derivation used.
Using -iter or -pbkdf2 would be better.
bad decrypt
40E7E29EE5760000:error:1C800064:Provider routines:ossl_cipher_unpadblock:bad decrypt:../providers/implementations/ciphers/ciphercommon_block.c:124:
*** WARNING : deprecated key derivation used.
Using -iter or -pbkdf2 would be better.
*** WARNING : deprecated key derivation used.
Using -iter or -pbkdf2 would be better.
*** WARNING : deprecated key derivation used.
Using -iter or -pbkdf2 would be better.
*** WARNING : deprecated key derivation used.
Using -iter or -pbkdf2 would be better.
bad decrypt
40B7195B17770000:error:1C800064:Provider routines:ossl_cipher_unpadblock:bad decrypt:../providers/implementations/ciphers/ciphercommon_block.c:124:
*** WARNING : deprecated key derivation used.
Using -iter or -pbkdf2 would be better.
bad decrypt
4097E277DD7A0000:error:1C800064:Provider routines:ossl_cipher_unpadblock:bad decrypt:../providers/implementations/ciphers/ciphercommon_block.c:124:
*** WARNING : deprecated key derivation used.
Using -iter or -pbkdf2 would be better.
bad decrypt
409768F2F0740000:error:1C800064:Provider routines:ossl_cipher_unpadblock:bad decrypt:../providers/implementations/ciphers/ciphercommon_block.c:124:
*** WARNING : deprecated key derivation used.
Using -iter or -pbkdf2 would be better.
*** WARNING : deprecated key derivation used.
Using -iter or -pbkdf2 would be better.
*** WARNING : deprecated key derivation used.
Using -iter or -pbkdf2 would be better.
*** WARNING : deprecated key derivation used.
Using -iter or -pbkdf2 would be better.
*** WARNING : deprecated key derivation used.
Using -iter or -pbkdf2 would be better.
*** WARNING : deprecated key derivation used.
Using -iter or -pbkdf2 would be better.
*** WARNING : deprecated key derivation used.
Using -iter or -pbkdf2 would be better.
*** WARNING : deprecated key derivation used.
Using -iter or -pbkdf2 would be better.
*** WARNING : deprecated key derivation used.
Using -iter or -pbkdf2 would be better.
*** WARNING : deprecated key derivation used.
Using -iter or -pbkdf2 would be better.
*** WARNING : deprecated key derivation used.
Using -iter or -pbkdf2 would be better.
*** WARNING : deprecated key derivation used.
Using -iter or -pbkdf2 would be better.
*** WARNING : deprecated key derivation used.
Using -iter or -pbkdf2 would be better.
bad decrypt
4067D625417E0000:error:1C800064:Provider routines:ossl_cipher_unpadblock:bad decrypt:../providers/implementations/ciphers/ciphercommon_block.c:124:
*** WARNING : deprecated key derivation used.
Using -iter or -pbkdf2 would be better.
bad decrypt
40078EC4637E0000:error:1C800064:Provider routines:ossl_cipher_unpadblock:bad decrypt:../providers/implementations/ciphers/ciphercommon_block.c:124:
*** WARNING : deprecated key derivation used.
Using -iter or -pbkdf2 would be better.
bad decrypt
4067BF9E4A7E0000:error:1C800064:Provider routines:ossl_cipher_unpadblock:bad decrypt:../providers/implementations/ciphers/ciphercommon_block.c:124:
*** WARNING : deprecated key derivation used.
Using -iter or -pbkdf2 would be better.
*** WARNING : deprecated key derivation used.
Using -iter or -pbkdf2 would be better.
*** WARNING : deprecated key derivation used.
Using -iter or -pbkdf2 would be better.
*** WARNING : deprecated key derivation used.
Using -iter or -pbkdf2 would be better.
bad decrypt
40A71CDAC7720000:error:1C800064:Provider routines:ossl_cipher_unpadblock:bad decrypt:../providers/implementations/ciphers/ciphercommon_block.c:129:
*** WARNING : deprecated key derivation used.
Using -iter or -pbkdf2 would be better.
bad decrypt
40873BA593770000:error:1C800064:Provider routines:ossl_cipher_unpadblock:bad decrypt:../providers/implementations/ciphers/ciphercommon_block.c:124:
*** WARNING : deprecated key derivation used.
Using -iter or -pbkdf2 would be better.
bad decrypt
40C736D520720000:error:1C800064:Provider routines:ossl_cipher_unpadblock:bad decrypt:../providers/implementations/ciphers/ciphercommon_block.c:124:
*** WARNING : deprecated key derivation used.
Using -iter or -pbkdf2 would be better.
error writing output file
401702FD9B780000:error:1C800066:Provider routines:aes_wrap_cipher_internal:cipher operation failed:../providers/implementations/ciphers/cipher_aes_wrp.c:212:
401702FD9B780000:error:030000BD:digital envelope routines:EVP_DecryptUpdate:update error:../crypto/evp/evp_enc.c:837:
*** WARNING : deprecated key derivation used.
Using -iter or -pbkdf2 would be better.
*** WARNING : deprecated key derivation used.
Using -iter or -pbkdf2 would be better.
*** WARNING : deprecated key derivation used.
Using -iter or -pbkdf2 would be better.
bad decrypt
4067EB8697790000:error:1C800064:Provider routines:ossl_cipher_unpadblock:bad decrypt:../providers/implementations/ciphers/ciphercommon_block.c:124:
*** WARNING : deprecated key derivation used.
Using -iter or -pbkdf2 would be better.
bad decrypt
40172692BB770000:error:1C800064:Provider routines:ossl_cipher_unpadblock:bad decrypt:../providers/implementations/ciphers/ciphercommon_block.c:124:
*** WARNING : deprecated key derivation used.
Using -iter or -pbkdf2 would be better.
bad decrypt
40874086A1730000:error:1C800064:Provider routines:ossl_cipher_unpadblock:bad decrypt:../providers/implementations/ciphers/ciphercommon_block.c:124:
*** WARNING : deprecated key derivation used.
Using -iter or -pbkdf2 would be better.
error writing output file
40B727CE47790000:error:1C800066:Provider routines:aes_wrap_cipher_internal:cipher operation failed:../providers/implementations/ciphers/cipher_aes_wrp.c:212:
40B727CE47790000:error:030000BD:digital envelope routines:EVP_DecryptUpdate:update error:../crypto/evp/evp_enc.c:837:
*** WARNING : deprecated key derivation used.
Using -iter or -pbkdf2 would be better.
*** WARNING : deprecated key derivation used.
Using -iter or -pbkdf2 would be better.
*** WARNING : deprecated key derivation used.
Using -iter or -pbkdf2 would be better.
bad decrypt
4037CFE3477F0000:error:1C800064:Provider routines:ossl_cipher_unpadblock:bad decrypt:../providers/implementations/ciphers/ciphercommon_block.c:124:
*** WARNING : deprecated key derivation used.
Using -iter or -pbkdf2 would be better.
bad decrypt
40970F2B41750000:error:1C800064:Provider routines:ossl_cipher_unpadblock:bad decrypt:../providers/implementations/ciphers/ciphercommon_block.c:124:
*** WARNING : deprecated key derivation used.
Using -iter or -pbkdf2 would be better.
bad decrypt
40470C0DD67F0000:error:1C800064:Provider routines:ossl_cipher_unpadblock:bad decrypt:../providers/implementations/ciphers/ciphercommon_block.c:124:
*** WARNING : deprecated key derivation used.
Using -iter or -pbkdf2 would be better.
error writing output file
40171D7F38760000:error:1C800066:Provider routines:aes_wrap_cipher_internal:cipher operation failed:../providers/implementations/ciphers/cipher_aes_wrp.c:212:
40171D7F38760000:error:030000BD:digital envelope routines:EVP_DecryptUpdate:update error:../crypto/evp/evp_enc.c:837:
*** WARNING : deprecated key derivation used.
Using -iter or -pbkdf2 would be better.
*** WARNING : deprecated key derivation used.
Using -iter or -pbkdf2 would be better.
*** WARNING : deprecated key derivation used.
Using -iter or -pbkdf2 would be better.
bad decrypt
4087407AE7740000:error:1C800064:Provider routines:ossl_cipher_unpadblock:bad decrypt:../providers/implementations/ciphers/ciphercommon_block.c:124:
*** WARNING : deprecated key derivation used.
Using -iter or -pbkdf2 would be better.
bad decrypt
40775606577B0000:error:1C800064:Provider routines:ossl_cipher_unpadblock:bad decrypt:../providers/implementations/ciphers/ciphercommon_block.c:124:
*** WARNING : deprecated key derivation used.
Using -iter or -pbkdf2 would be better.
bad decrypt
40E777BD567A0000:error:1C800064:Provider routines:ossl_cipher_unpadblock:bad decrypt:../providers/implementations/ciphers/ciphercommon_block.c:124:
*** WARNING : deprecated key derivation used.
Using -iter or -pbkdf2 would be better.
*** WARNING : deprecated key derivation used.
Using -iter or -pbkdf2 would be better.
*** WARNING : deprecated key derivation used.
Using -iter or -pbkdf2 would be better.
*** WARNING : deprecated key derivation used.
Using -iter or -pbkdf2 would be better.
*** WARNING : deprecated key derivation used.
Using -iter or -pbkdf2 would be better.
*** WARNING : deprecated key derivation used.
Using -iter or -pbkdf2 would be better.
*** WARNING : deprecated key derivation used.
Using -iter or -pbkdf2 would be better.
*** WARNING : deprecated key derivation used.
Using -iter or -pbkdf2 would be better.
*** WARNING : deprecated key derivation used.
Using -iter or -pbkdf2 would be better.
*** WARNING : deprecated key derivation used.
Using -iter or -pbkdf2 would be better.
*** WARNING : deprecated key derivation used.
Using -iter or -pbkdf2 would be better.
*** WARNING : deprecated key derivation used.
Using -iter or -pbkdf2 would be better.
*** WARNING : deprecated key derivation used.
Using -iter or -pbkdf2 would be better.
bad decrypt
40C72200537F0000:error:1C800064:Provider routines:ossl_cipher_unpadblock:bad decrypt:../providers/implementations/ciphers/ciphercommon_block.c:124:
*** WARNING : deprecated key derivation used.
Using -iter or -pbkdf2 would be better.
bad decrypt
40D7E1158B710000:error:1C800064:Provider routines:ossl_cipher_unpadblock:bad decrypt:../providers/implementations/ciphers/ciphercommon_block.c:124:
*** WARNING : deprecated key derivation used.
Using -iter or -pbkdf2 would be better.
bad decrypt
4007C96154710000:error:1C800064:Provider routines:ossl_cipher_unpadblock:bad decrypt:../providers/implementations/ciphers/ciphercommon_block.c:124:
*** WARNING : deprecated key derivation used.
Using -iter or -pbkdf2 would be better.
*** WARNING : deprecated key derivation used.
Using -iter or -pbkdf2 would be better.
*** WARNING : deprecated key derivation used.
Using -iter or -pbkdf2 would be better.
*** WARNING : deprecated key derivation used.
Using -iter or -pbkdf2 would be better.
bad decrypt
40D77004DB790000:error:1C800064:Provider routines:ossl_cipher_unpadblock:bad decrypt:../providers/implementations/ciphers/ciphercommon_block.c:124:
*** WARNING : deprecated key derivation used.
Using -iter or -pbkdf2 would be better.
bad decrypt
40D74AF4D77E0000:error:1C800064:Provider routines:ossl_cipher_unpadblock:bad decrypt:../providers/implementations/ciphers/ciphercommon_block.c:124:
*** WARNING : deprecated key derivation used.
Using -iter or -pbkdf2 would be better.
bad decrypt
4077802A247A0000:error:1C800064:Provider routines:ossl_cipher_unpadblock:bad decrypt:../providers/implementations/ciphers/ciphercommon_block.c:129:
*** WARNING : deprecated key derivation used.
Using -iter or -pbkdf2 would be better.
*** WARNING : deprecated key derivation used.
Using -iter or -pbkdf2 would be better.
*** WARNING : deprecated key derivation used.
Using -iter or -pbkdf2 would be better.
*** WARNING : deprecated key derivation used.
Using -iter or -pbkdf2 would be better.
*** WARNING : deprecated key derivation used.
Using -iter or -pbkdf2 would be better.
*** WARNING : deprecated key derivation used.
Using -iter or -pbkdf2 would be better.
*** WARNING : deprecated key derivation used.
Using -iter or -pbkdf2 would be better.
*** WARNING : deprecated key derivation used.
Using -iter or -pbkdf2 would be better.
*** WARNING : deprecated key derivation used.
Using -iter or -pbkdf2 would be better.
*** WARNING : deprecated key derivation used.
Using -iter or -pbkdf2 would be better.
*** WARNING : deprecated key derivation used.
Using -iter or -pbkdf2 would be better.
*** WARNING : deprecated key derivation used.
Using -iter or -pbkdf2 would be better.
*** WARNING : deprecated key derivation used.
Using -iter or -pbkdf2 would be better.
bad decrypt
40A7695EB07F0000:error:1C800064:Provider routines:ossl_cipher_unpadblock:bad decrypt:../providers/implementations/ciphers/ciphercommon_block.c:124:
*** WARNING : deprecated key derivation used.
Using -iter or -pbkdf2 would be better.
bad decrypt
40378B282C780000:error:1C800064:Provider routines:ossl_cipher_unpadblock:bad decrypt:../providers/implementations/ciphers/ciphercommon_block.c:124:
*** WARNING : deprecated key derivation used.
Using -iter or -pbkdf2 would be better.
bad decrypt
4077004A837D0000:error:1C800064:Provider routines:ossl_cipher_unpadblock:bad decrypt:../providers/implementations/ciphers/ciphercommon_block.c:124:
*** WARNING : deprecated key derivation used.
Using -iter or -pbkdf2 would be better.
*** WARNING : deprecated key derivation used.
Using -iter or -pbkdf2 would be better.
*** WARNING : deprecated key derivation used.
Using -iter or -pbkdf2 would be better.
*** WARNING : deprecated key derivation used.
Using -iter or -pbkdf2 would be better.
bad decrypt
407731B4917D0000:error:1C800064:Provider routines:ossl_cipher_unpadblock:bad decrypt:../providers/implementations/ciphers/ciphercommon_block.c:124:
*** WARNING : deprecated key derivation used.
Using -iter or -pbkdf2 would be better.
bad decrypt
40373707DE7C0000:error:1C800064:Provider routines:ossl_cipher_unpadblock:bad decrypt:../providers/implementations/ciphers/ciphercommon_block.c:124:
*** WARNING : deprecated key derivation used.
Using -iter or -pbkdf2 would be better.
bad decrypt
4027D5F24A780000:error:1C800064:Provider routines:ossl_cipher_unpadblock:bad decrypt:../providers/implementations/ciphers/ciphercommon_block.c:124:
*** WARNING : deprecated key derivation used.
Using -iter or -pbkdf2 would be better.
*** WARNING : deprecated key derivation used.
Using -iter or -pbkdf2 would be better.
*** WARNING : deprecated key derivation used.
Using -iter or -pbkdf2 would be better.
*** WARNING : deprecated key derivation used.
Using -iter or -pbkdf2 would be better.
*** WARNING : deprecated key derivation used.
Using -iter or -pbkdf2 would be better.
*** WARNING : deprecated key derivation used.
Using -iter or -pbkdf2 would be better.
*** WARNING : deprecated key derivation used.
Using -iter or -pbkdf2 would be better.
*** WARNING : deprecated key derivation used.
Using -iter or -pbkdf2 would be better.
*** WARNING : deprecated key derivation used.
Using -iter or -pbkdf2 would be better.
*** WARNING : deprecated key derivation used.
Using -iter or -pbkdf2 would be better.
*** WARNING : deprecated key derivation used.
Using -iter or -pbkdf2 would be better.
*** WARNING : deprecated key derivation used.
Using -iter or -pbkdf2 would be better.
*** WARNING : deprecated key derivation used.
Using -iter or -pbkdf2 would be better.
bad decrypt
40A7F0D031790000:error:1C800064:Provider routines:ossl_cipher_unpadblock:bad decrypt:../providers/implementations/ciphers/ciphercommon_block.c:124:
*** WARNING : deprecated key derivation used.
Using -iter or -pbkdf2 would be better.
bad decrypt
40E7961AB0700000:error:1C800064:Provider routines:ossl_cipher_unpadblock:bad decrypt:../providers/implementations/ciphers/ciphercommon_block.c:124:
*** WARNING : deprecated key derivation used.
Using -iter or -pbkdf2 would be better.
bad decrypt
40C7AB952F710000:error:1C800064:Provider routines:ossl_cipher_unpadblock:bad decrypt:../providers/implementations/ciphers/ciphercommon_block.c:124:
*** WARNING : deprecated key derivation used.
Using -iter or -pbkdf2 would be better.
*** WARNING : deprecated key derivation used.
Using -iter or -pbkdf2 would be better.
*** WARNING : deprecated key derivation used.
Using -iter or -pbkdf2 would be better.
*** WARNING : deprecated key derivation used.
Using -iter or -pbkdf2 would be better.
bad decrypt
4067420B18710000:error:1C800064:Provider routines:ossl_cipher_unpadblock:bad decrypt:../providers/implementations/ciphers/ciphercommon_block.c:124:
*** WARNING : deprecated key derivation used.
Using -iter or -pbkdf2 would be better.
bad decrypt
4077AE62FA700000:error:1C800064:Provider routines:ossl_cipher_unpadblock:bad decrypt:../providers/implementations/ciphers/ciphercommon_block.c:124:
*** WARNING : deprecated key derivation used.
Using -iter or -pbkdf2 would be better.
bad decrypt
40172CCDF6790000:error:1C800064:Provider routines:ossl_cipher_unpadblock:bad decrypt:../providers/implementations/ciphers/ciphercommon_block.c:124:
*** WARNING : deprecated key derivation used.
Using -iter or -pbkdf2 would be better.
bad decrypt
4017A31EAD7B0000:error:1C800064:Provider routines:ossl_cipher_unpadblock:bad decrypt:../providers/implementations/ciphers/ciphercommon_block.c:124:
*** WARNING : deprecated key derivation used.
Using -iter or -pbkdf2 would be better.
bad decrypt
4027F7426F7F0000:error:1C800064:Provider routines:ossl_cipher_unpadblock:bad decrypt:../providers/implementations/ciphers/ciphercommon_block.c:124:
*** WARNING : deprecated key derivation used.
Using -iter or -pbkdf2 would be better.
bad decrypt
40A7DCC99A7A0000:error:1C800064:Provider routines:ossl_cipher_unpadblock:bad decrypt:../providers/implementations/ciphers/ciphercommon_block.c:129:
*** WARNING : deprecated key derivation used.
Using -iter or -pbkdf2 would be better.
bad decrypt
40D7BF1205750000:error:1C800064:Provider routines:ossl_cipher_unpadblock:bad decrypt:../providers/implementations/ciphers/ciphercommon_block.c:124:
*** WARNING : deprecated key derivation used.
Using -iter or -pbkdf2 would be better.
bad decrypt
40374033C5760000:error:1C800064:Provider routines:ossl_cipher_unpadblock:bad decrypt:../providers/implementations/ciphers/ciphercommon_block.c:124:
*** WARNING : deprecated key derivation used.
Using -iter or -pbkdf2 would be better.
bad decrypt
402746111E7C0000:error:1C800064:Provider routines:ossl_cipher_unpadblock:bad decrypt:../providers/implementations/ciphers/ciphercommon_block.c:124:
*** WARNING : deprecated key derivation used.
Using -iter or -pbkdf2 would be better.
Error setting cipher BF-CBC
4087EF22C4700000:error:0308010C:digital envelope routines:inner_evp_generic_fetch:unsupported:../crypto/evp/evp_fetch.c:386:Global default library context, Algorithm (BF-CBC : 11), Properties ()
*** WARNING : deprecated key derivation used.
Using -iter or -pbkdf2 would be better.
Error setting cipher BF-CBC
4017E065CE700000:error:0308010C:digital envelope routines:inner_evp_generic_fetch:unsupported:../crypto/evp/evp_fetch.c:386:Global default library context, Algorithm (BF-CBC : 11), Properties ()
*** WARNING : deprecated key derivation used.
Using -iter or -pbkdf2 would be better.
Error setting cipher BF-CBC
40278FBD6D770000:error:0308010C:digital envelope routines:inner_evp_generic_fetch:unsupported:../crypto/evp/evp_fetch.c:386:Global default library context, Algorithm (BF-CBC : 11), Properties ()
*** WARNING : deprecated key derivation used.
Using -iter or -pbkdf2 would be better.
Error setting cipher BF-CBC
4097D0C537760000:error:0308010C:digital envelope routines:inner_evp_generic_fetch:unsupported:../crypto/evp/evp_fetch.c:386:Global default library context, Algorithm (BF-CBC : 11), Properties ()
*** WARNING : deprecated key derivation used.
Using -iter or -pbkdf2 would be better.
Error setting cipher BF-CBC
40C7AE5C047A0000:error:0308010C:digital envelope routines:inner_evp_generic_fetch:unsupported:../crypto/evp/evp_fetch.c:386:Global default library context, Algorithm (BF-CBC : 11), Properties ()
*** WARNING : deprecated key derivation used.
Using -iter or -pbkdf2 would be better.
Error setting cipher BF-CBC
4077749DC2740000:error:0308010C:digital envelope routines:inner_evp_generic_fetch:unsupported:../crypto/evp/evp_fetch.c:386:Global default library context, Algorithm (BF-CBC : 11), Properties ()
*** WARNING : deprecated key derivation used.
Using -iter or -pbkdf2 would be better.
Error setting cipher BF-CFB
40E7D73DDE7C0000:error:0308010C:digital envelope routines:inner_evp_generic_fetch:unsupported:../crypto/evp/evp_fetch.c:386:Global default library context, Algorithm (BF-CFB : 0), Properties ()
*** WARNING : deprecated key derivation used.
Using -iter or -pbkdf2 would be better.
Error setting cipher BF-CFB
40A764FA98790000:error:0308010C:digital envelope routines:inner_evp_generic_fetch:unsupported:../crypto/evp/evp_fetch.c:386:Global default library context, Algorithm (BF-CFB : 0), Properties ()
*** WARNING : deprecated key derivation used.
Using -iter or -pbkdf2 would be better.
Error setting cipher BF-CFB
4077E45DEA760000:error:0308010C:digital envelope routines:inner_evp_generic_fetch:unsupported:../crypto/evp/evp_fetch.c:386:Global default library context, Algorithm (BF-CFB : 0), Properties ()
*** WARNING : deprecated key derivation used.
Using -iter or -pbkdf2 would be better.
Error setting cipher BF-ECB
4047607DA5760000:error:0308010C:digital envelope routines:inner_evp_generic_fetch:unsupported:../crypto/evp/evp_fetch.c:386:Global default library context, Algorithm (BF-ECB : 0), Properties ()
*** WARNING : deprecated key derivation used.
Using -iter or -pbkdf2 would be better.
Error setting cipher BF-ECB
4027797FA77C0000:error:0308010C:digital envelope routines:inner_evp_generic_fetch:unsupported:../crypto/evp/evp_fetch.c:386:Global default library context, Algorithm (BF-ECB : 0), Properties ()
*** WARNING : deprecated key derivation used.
Using -iter or -pbkdf2 would be better.
Error setting cipher BF-ECB
40A75B9A4B700000:error:0308010C:digital envelope routines:inner_evp_generic_fetch:unsupported:../crypto/evp/evp_fetch.c:386:Global default library context, Algorithm (BF-ECB : 0), Properties ()
*** WARNING : deprecated key derivation used.
Using -iter or -pbkdf2 would be better.
Error setting cipher BF-OFB
40274743207B0000:error:0308010C:digital envelope routines:inner_evp_generic_fetch:unsupported:../crypto/evp/evp_fetch.c:386:Global default library context, Algorithm (BF-OFB : 0), Properties ()
*** WARNING : deprecated key derivation used.
Using -iter or -pbkdf2 would be better.
Error setting cipher BF-OFB
40272E15C2750000:error:0308010C:digital envelope routines:inner_evp_generic_fetch:unsupported:../crypto/evp/evp_fetch.c:386:Global default library context, Algorithm (BF-OFB : 0), Properties ()
*** WARNING : deprecated key derivation used.
Using -iter or -pbkdf2 would be better.
Error setting cipher BF-OFB
40A78EC2DA7A0000:error:0308010C:digital envelope routines:inner_evp_generic_fetch:unsupported:../crypto/evp/evp_fetch.c:386:Global default library context, Algorithm (BF-OFB : 0), Properties ()
*** WARNING : deprecated key derivation used.
Using -iter or -pbkdf2 would be better.
Error setting cipher BF-CBC
4097CA84E7760000:error:0308010C:digital envelope routines:inner_evp_generic_fetch:unsupported:../crypto/evp/evp_fetch.c:386:Global default library context, Algorithm (BF-CBC : 11), Properties ()
*** WARNING : deprecated key derivation used.
Using -iter or -pbkdf2 would be better.
Error setting cipher BF-CBC
408766B448760000:error:0308010C:digital envelope routines:inner_evp_generic_fetch:unsupported:../crypto/evp/evp_fetch.c:386:Global default library context, Algorithm (BF-CBC : 11), Properties ()
*** WARNING : deprecated key derivation used.
Using -iter or -pbkdf2 would be better.
Error setting cipher BF-CBC
403783B9947C0000:error:0308010C:digital envelope routines:inner_evp_generic_fetch:unsupported:../crypto/evp/evp_fetch.c:386:Global default library context, Algorithm (BF-CBC : 11), Properties ()
*** WARNING : deprecated key derivation used.
Using -iter or -pbkdf2 would be better.
bad decrypt
40B7AFC62B7A0000:error:1C800064:Provider routines:ossl_cipher_unpadblock:bad decrypt:../providers/implementations/ciphers/ciphercommon_block.c:124:
*** WARNING : deprecated key derivation used.
Using -iter or -pbkdf2 would be better.
bad decrypt
40071294A87C0000:error:1C800064:Provider routines:ossl_cipher_unpadblock:bad decrypt:../providers/implementations/ciphers/ciphercommon_block.c:124:
*** WARNING : deprecated key derivation used.
Using -iter or -pbkdf2 would be better.
bad decrypt
40A72BFA5B720000:error:1C800064:Provider routines:ossl_cipher_unpadblock:bad decrypt:../providers/implementations/ciphers/ciphercommon_block.c:124:
*** WARNING : deprecated key derivation used.
Using -iter or -pbkdf2 would be better.
*** WARNING : deprecated key derivation used.
Using -iter or -pbkdf2 would be better.
*** WARNING : deprecated key derivation used.
Using -iter or -pbkdf2 would be better.
*** WARNING : deprecated key derivation used.
Using -iter or -pbkdf2 would be better.
*** WARNING : deprecated key derivation used.
Using -iter or -pbkdf2 would be better.
*** WARNING : deprecated key derivation used.
Using -iter or -pbkdf2 would be better.
*** WARNING : deprecated key derivation used.
Using -iter or -pbkdf2 would be better.
*** WARNING : deprecated key derivation used.
Using -iter or -pbkdf2 would be better.
*** WARNING : deprecated key derivation used.
Using -iter or -pbkdf2 would be better.
*** WARNING : deprecated key derivation used.
Using -iter or -pbkdf2 would be better.
*** WARNING : deprecated key derivation used.
Using -iter or -pbkdf2 would be better.
*** WARNING : deprecated key derivation used.
Using -iter or -pbkdf2 would be better.
*** WARNING : deprecated key derivation used.
Using -iter or -pbkdf2 would be better.
bad decrypt
40578E7895720000:error:1C800064:Provider routines:ossl_cipher_unpadblock:bad decrypt:../providers/implementations/ciphers/ciphercommon_block.c:124:
*** WARNING : deprecated key derivation used.
Using -iter or -pbkdf2 would be better.
bad decrypt
4007C6A04F7A0000:error:1C800064:Provider routines:ossl_cipher_unpadblock:bad decrypt:../providers/implementations/ciphers/ciphercommon_block.c:124:
*** WARNING : deprecated key derivation used.
Using -iter or -pbkdf2 would be better.
bad decrypt
4017BC0FBE740000:error:1C800064:Provider routines:ossl_cipher_unpadblock:bad decrypt:../providers/implementations/ciphers/ciphercommon_block.c:124:
*** WARNING : deprecated key derivation used.
Using -iter or -pbkdf2 would be better.
*** WARNING : deprecated key derivation used.
Using -iter or -pbkdf2 would be better.
*** WARNING : deprecated key derivation used.
Using -iter or -pbkdf2 would be better.
*** WARNING : deprecated key derivation used.
Using -iter or -pbkdf2 would be better.
bad decrypt
40A7ADEF14730000:error:1C800064:Provider routines:ossl_cipher_unpadblock:bad decrypt:../providers/implementations/ciphers/ciphercommon_block.c:124:
*** WARNING : deprecated key derivation used.
Using -iter or -pbkdf2 would be better.
bad decrypt
4067E79ACE720000:error:1C800064:Provider routines:ossl_cipher_unpadblock:bad decrypt:../providers/implementations/ciphers/ciphercommon_block.c:124:
*** WARNING : deprecated key derivation used.
Using -iter or -pbkdf2 would be better.
bad decrypt
40A7994C9A7E0000:error:1C800064:Provider routines:ossl_cipher_unpadblock:bad decrypt:../providers/implementations/ciphers/ciphercommon_block.c:124:
*** WARNING : deprecated key derivation used.
Using -iter or -pbkdf2 would be better.
*** WARNING : deprecated key derivation used.
Using -iter or -pbkdf2 would be better.
*** WARNING : deprecated key derivation used.
Using -iter or -pbkdf2 would be better.
*** WARNING : deprecated key derivation used.
Using -iter or -pbkdf2 would be better.
*** WARNING : deprecated key derivation used.
Using -iter or -pbkdf2 would be better.
*** WARNING : deprecated key derivation used.
Using -iter or -pbkdf2 would be better.
*** WARNING : deprecated key derivation used.
Using -iter or -pbkdf2 would be better.
*** WARNING : deprecated key derivation used.
Using -iter or -pbkdf2 would be better.
*** WARNING : deprecated key derivation used.
Using -iter or -pbkdf2 would be better.
*** WARNING : deprecated key derivation used.
Using -iter or -pbkdf2 would be better.
*** WARNING : deprecated key derivation used.
Using -iter or -pbkdf2 would be better.
*** WARNING : deprecated key derivation used.
Using -iter or -pbkdf2 would be better.
*** WARNING : deprecated key derivation used.
Using -iter or -pbkdf2 would be better.
bad decrypt
40476935F87F0000:error:1C800064:Provider routines:ossl_cipher_unpadblock:bad decrypt:../providers/implementations/ciphers/ciphercommon_block.c:124:
*** WARNING : deprecated key derivation used.
Using -iter or -pbkdf2 would be better.
bad decrypt
4067882206780000:error:1C800064:Provider routines:ossl_cipher_unpadblock:bad decrypt:../providers/implementations/ciphers/ciphercommon_block.c:124:
*** WARNING : deprecated key derivation used.
Using -iter or -pbkdf2 would be better.
bad decrypt
4067876BEA760000:error:1C800064:Provider routines:ossl_cipher_unpadblock:bad decrypt:../providers/implementations/ciphers/ciphercommon_block.c:124:
*** WARNING : deprecated key derivation used.
Using -iter or -pbkdf2 would be better.
*** WARNING : deprecated key derivation used.
Using -iter or -pbkdf2 would be better.
*** WARNING : deprecated key derivation used.
Using -iter or -pbkdf2 would be better.
*** WARNING : deprecated key derivation used.
Using -iter or -pbkdf2 would be better.
bad decrypt
40E79981C9780000:error:1C800064:Provider routines:ossl_cipher_unpadblock:bad decrypt:../providers/implementations/ciphers/ciphercommon_block.c:124:
*** WARNING : deprecated key derivation used.
Using -iter or -pbkdf2 would be better.
bad decrypt
4027386AA67B0000:error:1C800064:Provider routines:ossl_cipher_unpadblock:bad decrypt:../providers/implementations/ciphers/ciphercommon_block.c:124:
*** WARNING : deprecated key derivation used.
Using -iter or -pbkdf2 would be better.
bad decrypt
40B78849BE7F0000:error:1C800064:Provider routines:ossl_cipher_unpadblock:bad decrypt:../providers/implementations/ciphers/ciphercommon_block.c:129:
*** WARNING : deprecated key derivation used.
Using -iter or -pbkdf2 would be better.
*** WARNING : deprecated key derivation used.
Using -iter or -pbkdf2 would be better.
*** WARNING : deprecated key derivation used.
Using -iter or -pbkdf2 would be better.
*** WARNING : deprecated key derivation used.
Using -iter or -pbkdf2 would be better.
*** WARNING : deprecated key derivation used.
Using -iter or -pbkdf2 would be better.
*** WARNING : deprecated key derivation used.
Using -iter or -pbkdf2 would be better.
*** WARNING : deprecated key derivation used.
Using -iter or -pbkdf2 would be better.
*** WARNING : deprecated key derivation used.
Using -iter or -pbkdf2 would be better.
*** WARNING : deprecated key derivation used.
Using -iter or -pbkdf2 would be better.
*** WARNING : deprecated key derivation used.
Using -iter or -pbkdf2 would be better.
*** WARNING : deprecated key derivation used.
Using -iter or -pbkdf2 would be better.
*** WARNING : deprecated key derivation used.
Using -iter or -pbkdf2 would be better.
*** WARNING : deprecated key derivation used.
Using -iter or -pbkdf2 would be better.
bad decrypt
4077ACB871790000:error:1C800064:Provider routines:ossl_cipher_unpadblock:bad decrypt:../providers/implementations/ciphers/ciphercommon_block.c:124:
*** WARNING : deprecated key derivation used.
Using -iter or -pbkdf2 would be better.
bad decrypt
4037D07412760000:error:1C800064:Provider routines:ossl_cipher_unpadblock:bad decrypt:../providers/implementations/ciphers/ciphercommon_block.c:124:
*** WARNING : deprecated key derivation used.
Using -iter or -pbkdf2 would be better.
bad decrypt
40473C8F4E7A0000:error:1C800064:Provider routines:ossl_cipher_unpadblock:bad decrypt:../providers/implementations/ciphers/ciphercommon_block.c:124:
*** WARNING : deprecated key derivation used.
Using -iter or -pbkdf2 would be better.
*** WARNING : deprecated key derivation used.
Using -iter or -pbkdf2 would be better.
*** WARNING : deprecated key derivation used.
Using -iter or -pbkdf2 would be better.
*** WARNING : deprecated key derivation used.
Using -iter or -pbkdf2 would be better.
bad decrypt
40A7CCA4457A0000:error:1C800064:Provider routines:ossl_cipher_unpadblock:bad decrypt:../providers/implementations/ciphers/ciphercommon_block.c:124:
*** WARNING : deprecated key derivation used.
Using -iter or -pbkdf2 would be better.
bad decrypt
4077EE0ED2760000:error:1C800064:Provider routines:ossl_cipher_unpadblock:bad decrypt:../providers/implementations/ciphers/ciphercommon_block.c:124:
*** WARNING : deprecated key derivation used.
Using -iter or -pbkdf2 would be better.
bad decrypt
40C74DC6CB7B0000:error:1C800064:Provider routines:ossl_cipher_unpadblock:bad decrypt:../providers/implementations/ciphers/ciphercommon_block.c:124:
*** WARNING : deprecated key derivation used.
Using -iter or -pbkdf2 would be better.
bad decrypt
40A728E7147C0000:error:1C800064:Provider routines:ossl_cipher_unpadblock:bad decrypt:../providers/implementations/ciphers/ciphercommon_block.c:124:
*** WARNING : deprecated key derivation used.
Using -iter or -pbkdf2 would be better.
bad decrypt
4027D3342F7C0000:error:1C800064:Provider routines:ossl_cipher_unpadblock:bad decrypt:../providers/implementations/ciphers/ciphercommon_block.c:124:
*** WARNING : deprecated key derivation used.
Using -iter or -pbkdf2 would be better.
bad decrypt
403734C4EB790000:error:1C800064:Provider routines:ossl_cipher_unpadblock:bad decrypt:../providers/implementations/ciphers/ciphercommon_block.c:124:
*** WARNING : deprecated key derivation used.
Using -iter or -pbkdf2 would be better.
bad decrypt
4067CB1444740000:error:1C800064:Provider routines:ossl_cipher_unpadblock:bad decrypt:../providers/implementations/ciphers/ciphercommon_block.c:124:
*** WARNING : deprecated key derivation used.
Using -iter or -pbkdf2 would be better.
bad decrypt
4077FE9C3F7C0000:error:1C800064:Provider routines:ossl_cipher_unpadblock:bad decrypt:../providers/implementations/ciphers/ciphercommon_block.c:124:
*** WARNING : deprecated key derivation used.
Using -iter or -pbkdf2 would be better.
bad decrypt
40874647FC750000:error:1C800064:Provider routines:ossl_cipher_unpadblock:bad decrypt:../providers/implementations/ciphers/ciphercommon_block.c:129:
*** WARNING : deprecated key derivation used.
Using -iter or -pbkdf2 would be better.
Error setting cipher CAST5-CBC
4077053E7E760000:error:0308010C:digital envelope routines:inner_evp_generic_fetch:unsupported:../crypto/evp/evp_fetch.c:386:Global default library context, Algorithm (CAST5-CBC : 18), Properties ()
*** WARNING : deprecated key derivation used.
Using -iter or -pbkdf2 would be better.
Error setting cipher CAST5-CBC
40A706E56B750000:error:0308010C:digital envelope routines:inner_evp_generic_fetch:unsupported:../crypto/evp/evp_fetch.c:386:Global default library context, Algorithm (CAST5-CBC : 18), Properties ()
*** WARNING : deprecated key derivation used.
Using -iter or -pbkdf2 would be better.
Error setting cipher CAST5-CBC
40A701AACB750000:error:0308010C:digital envelope routines:inner_evp_generic_fetch:unsupported:../crypto/evp/evp_fetch.c:386:Global default library context, Algorithm (CAST5-CBC : 18), Properties ()
*** WARNING : deprecated key derivation used.
Using -iter or -pbkdf2 would be better.
Error setting cipher CAST5-CBC
40E775029B780000:error:0308010C:digital envelope routines:inner_evp_generic_fetch:unsupported:../crypto/evp/evp_fetch.c:386:Global default library context, Algorithm (CAST5-CBC : 18), Properties ()
*** WARNING : deprecated key derivation used.
Using -iter or -pbkdf2 would be better.
Error setting cipher CAST5-CBC
4057FF46337B0000:error:0308010C:digital envelope routines:inner_evp_generic_fetch:unsupported:../crypto/evp/evp_fetch.c:386:Global default library context, Algorithm (CAST5-CBC : 18), Properties ()
*** WARNING : deprecated key derivation used.
Using -iter or -pbkdf2 would be better.
Error setting cipher CAST5-CBC
40A7EA7C7D710000:error:0308010C:digital envelope routines:inner_evp_generic_fetch:unsupported:../crypto/evp/evp_fetch.c:386:Global default library context, Algorithm (CAST5-CBC : 18), Properties ()
*** WARNING : deprecated key derivation used.
Using -iter or -pbkdf2 would be better.
Error setting cipher CAST5-CBC
40076C08637B0000:error:0308010C:digital envelope routines:inner_evp_generic_fetch:unsupported:../crypto/evp/evp_fetch.c:386:Global default library context, Algorithm (CAST5-CBC : 18), Properties ()
*** WARNING : deprecated key derivation used.
Using -iter or -pbkdf2 would be better.
Error setting cipher CAST5-CBC
4077535790730000:error:0308010C:digital envelope routines:inner_evp_generic_fetch:unsupported:../crypto/evp/evp_fetch.c:386:Global default library context, Algorithm (CAST5-CBC : 18), Properties ()
*** WARNING : deprecated key derivation used.
Using -iter or -pbkdf2 would be better.
Error setting cipher CAST5-CBC
40B73192D8780000:error:0308010C:digital envelope routines:inner_evp_generic_fetch:unsupported:../crypto/evp/evp_fetch.c:386:Global default library context, Algorithm (CAST5-CBC : 18), Properties ()
*** WARNING : deprecated key derivation used.
Using -iter or -pbkdf2 would be better.
Error setting cipher CAST5-CFB
40C76B009E760000:error:0308010C:digital envelope routines:inner_evp_generic_fetch:unsupported:../crypto/evp/evp_fetch.c:386:Global default library context, Algorithm (CAST5-CFB : 0), Properties ()
*** WARNING : deprecated key derivation used.
Using -iter or -pbkdf2 would be better.
Error setting cipher CAST5-CFB
40073C1BD4710000:error:0308010C:digital envelope routines:inner_evp_generic_fetch:unsupported:../crypto/evp/evp_fetch.c:386:Global default library context, Algorithm (CAST5-CFB : 0), Properties ()
*** WARNING : deprecated key derivation used.
Using -iter or -pbkdf2 would be better.
Error setting cipher CAST5-CFB
405781E1B17F0000:error:0308010C:digital envelope routines:inner_evp_generic_fetch:unsupported:../crypto/evp/evp_fetch.c:386:Global default library context, Algorithm (CAST5-CFB : 0), Properties ()
*** WARNING : deprecated key derivation used.
Using -iter or -pbkdf2 would be better.
Error setting cipher CAST5-ECB
4057A2A9B97E0000:error:0308010C:digital envelope routines:inner_evp_generic_fetch:unsupported:../crypto/evp/evp_fetch.c:386:Global default library context, Algorithm (CAST5-ECB : 0), Properties ()
*** WARNING : deprecated key derivation used.
Using -iter or -pbkdf2 would be better.
Error setting cipher CAST5-ECB
4047FEC10A7C0000:error:0308010C:digital envelope routines:inner_evp_generic_fetch:unsupported:../crypto/evp/evp_fetch.c:386:Global default library context, Algorithm (CAST5-ECB : 0), Properties ()
*** WARNING : deprecated key derivation used.
Using -iter or -pbkdf2 would be better.
Error setting cipher CAST5-ECB
4037FCF216750000:error:0308010C:digital envelope routines:inner_evp_generic_fetch:unsupported:../crypto/evp/evp_fetch.c:386:Global default library context, Algorithm (CAST5-ECB : 0), Properties ()
*** WARNING : deprecated key derivation used.
Using -iter or -pbkdf2 would be better.
Error setting cipher CAST5-OFB
4077D11462740000:error:0308010C:digital envelope routines:inner_evp_generic_fetch:unsupported:../crypto/evp/evp_fetch.c:386:Global default library context, Algorithm (CAST5-OFB : 0), Properties ()
*** WARNING : deprecated key derivation used.
Using -iter or -pbkdf2 would be better.
Error setting cipher CAST5-OFB
40073E474D710000:error:0308010C:digital envelope routines:inner_evp_generic_fetch:unsupported:../crypto/evp/evp_fetch.c:386:Global default library context, Algorithm (CAST5-OFB : 0), Properties ()
*** WARNING : deprecated key derivation used.
Using -iter or -pbkdf2 would be better.
Error setting cipher CAST5-OFB
40D753D218730000:error:0308010C:digital envelope routines:inner_evp_generic_fetch:unsupported:../crypto/evp/evp_fetch.c:386:Global default library context, Algorithm (CAST5-OFB : 0), Properties ()
*** WARNING : deprecated key derivation used.
Using -iter or -pbkdf2 would be better.
*** WARNING : deprecated key derivation used.
Using -iter or -pbkdf2 would be better.
*** WARNING : deprecated key derivation used.
Using -iter or -pbkdf2 would be better.
*** WARNING : deprecated key derivation used.
Using -iter or -pbkdf2 would be better.
Error setting cipher DES-CBC
40B7E927CD760000:error:0308010C:digital envelope routines:inner_evp_generic_fetch:unsupported:../crypto/evp/evp_fetch.c:386:Global default library context, Algorithm (DES-CBC : 8), Properties ()
*** WARNING : deprecated key derivation used.
Using -iter or -pbkdf2 would be better.
Error setting cipher DES-CBC
40E70A1D30720000:error:0308010C:digital envelope routines:inner_evp_generic_fetch:unsupported:../crypto/evp/evp_fetch.c:386:Global default library context, Algorithm (DES-CBC : 8), Properties ()
*** WARNING : deprecated key derivation used.
Using -iter or -pbkdf2 would be better.
Error setting cipher DES-CBC
40773F2BB37D0000:error:0308010C:digital envelope routines:inner_evp_generic_fetch:unsupported:../crypto/evp/evp_fetch.c:386:Global default library context, Algorithm (DES-CBC : 8), Properties ()
*** WARNING : deprecated key derivation used.
Using -iter or -pbkdf2 would be better.
Error setting cipher DES-CBC
4017396779780000:error:0308010C:digital envelope routines:inner_evp_generic_fetch:unsupported:../crypto/evp/evp_fetch.c:386:Global default library context, Algorithm (DES-CBC : 8), Properties ()
*** WARNING : deprecated key derivation used.
Using -iter or -pbkdf2 would be better.
Error setting cipher DES-CBC
4057720166750000:error:0308010C:digital envelope routines:inner_evp_generic_fetch:unsupported:../crypto/evp/evp_fetch.c:386:Global default library context, Algorithm (DES-CBC : 8), Properties ()
*** WARNING : deprecated key derivation used.
Using -iter or -pbkdf2 would be better.
Error setting cipher DES-CBC
402798ED31740000:error:0308010C:digital envelope routines:inner_evp_generic_fetch:unsupported:../crypto/evp/evp_fetch.c:386:Global default library context, Algorithm (DES-CBC : 8), Properties ()
*** WARNING : deprecated key derivation used.
Using -iter or -pbkdf2 would be better.
Error setting cipher DES-CFB
40C7C6F2A67E0000:error:0308010C:digital envelope routines:inner_evp_generic_fetch:unsupported:../crypto/evp/evp_fetch.c:386:Global default library context, Algorithm (DES-CFB : 38), Properties ()
*** WARNING : deprecated key derivation used.
Using -iter or -pbkdf2 would be better.
Error setting cipher DES-CFB
4007463209780000:error:0308010C:digital envelope routines:inner_evp_generic_fetch:unsupported:../crypto/evp/evp_fetch.c:386:Global default library context, Algorithm (DES-CFB : 38), Properties ()
*** WARNING : deprecated key derivation used.
Using -iter or -pbkdf2 would be better.
Error setting cipher DES-CFB
40570E5CFB750000:error:0308010C:digital envelope routines:inner_evp_generic_fetch:unsupported:../crypto/evp/evp_fetch.c:386:Global default library context, Algorithm (DES-CFB : 38), Properties ()
*** WARNING : deprecated key derivation used.
Using -iter or -pbkdf2 would be better.
Error setting cipher DES-CFB1
4087A4651A760000:error:0308010C:digital envelope routines:inner_evp_generic_fetch:unsupported:../crypto/evp/evp_fetch.c:386:Global default library context, Algorithm (DES-CFB1 : 0), Properties ()
*** WARNING : deprecated key derivation used.
Using -iter or -pbkdf2 would be better.
Error setting cipher DES-CFB1
40A73CE1837F0000:error:0308010C:digital envelope routines:inner_evp_generic_fetch:unsupported:../crypto/evp/evp_fetch.c:386:Global default library context, Algorithm (DES-CFB1 : 0), Properties ()
*** WARNING : deprecated key derivation used.
Using -iter or -pbkdf2 would be better.
Error setting cipher DES-CFB1
4057929C39740000:error:0308010C:digital envelope routines:inner_evp_generic_fetch:unsupported:../crypto/evp/evp_fetch.c:386:Global default library context, Algorithm (DES-CFB1 : 0), Properties ()
*** WARNING : deprecated key derivation used.
Using -iter or -pbkdf2 would be better.
Error setting cipher DES-CFB8
4097C8B04C790000:error:0308010C:digital envelope routines:inner_evp_generic_fetch:unsupported:../crypto/evp/evp_fetch.c:386:Global default library context, Algorithm (DES-CFB8 : 0), Properties ()
*** WARNING : deprecated key derivation used.
Using -iter or -pbkdf2 would be better.
Error setting cipher DES-CFB8
4067DEC3267F0000:error:0308010C:digital envelope routines:inner_evp_generic_fetch:unsupported:../crypto/evp/evp_fetch.c:386:Global default library context, Algorithm (DES-CFB8 : 0), Properties ()
*** WARNING : deprecated key derivation used.
Using -iter or -pbkdf2 would be better.
Error setting cipher DES-CFB8
4077DB05607F0000:error:0308010C:digital envelope routines:inner_evp_generic_fetch:unsupported:../crypto/evp/evp_fetch.c:386:Global default library context, Algorithm (DES-CFB8 : 0), Properties ()
*** WARNING : deprecated key derivation used.
Using -iter or -pbkdf2 would be better.
Error setting cipher DES-ECB
40D752B4DF760000:error:0308010C:digital envelope routines:inner_evp_generic_fetch:unsupported:../crypto/evp/evp_fetch.c:386:Global default library context, Algorithm (DES-ECB : 1), Properties ()
*** WARNING : deprecated key derivation used.
Using -iter or -pbkdf2 would be better.
Error setting cipher DES-ECB
408796EA74770000:error:0308010C:digital envelope routines:inner_evp_generic_fetch:unsupported:../crypto/evp/evp_fetch.c:386:Global default library context, Algorithm (DES-ECB : 1), Properties ()
*** WARNING : deprecated key derivation used.
Using -iter or -pbkdf2 would be better.
Error setting cipher DES-ECB
40770BBE917F0000:error:0308010C:digital envelope routines:inner_evp_generic_fetch:unsupported:../crypto/evp/evp_fetch.c:386:Global default library context, Algorithm (DES-ECB : 1), Properties ()
*** WARNING : deprecated key derivation used.
Using -iter or -pbkdf2 would be better.
bad decrypt
40C762809D760000:error:1C800064:Provider routines:ossl_cipher_unpadblock:bad decrypt:../providers/implementations/ciphers/ciphercommon_block.c:124:
*** WARNING : deprecated key derivation used.
Using -iter or -pbkdf2 would be better.
bad decrypt
40A718E2757E0000:error:1C800064:Provider routines:ossl_cipher_unpadblock:bad decrypt:../providers/implementations/ciphers/ciphercommon_block.c:124:
*** WARNING : deprecated key derivation used.
Using -iter or -pbkdf2 would be better.
bad decrypt
40275AE864700000:error:1C800064:Provider routines:ossl_cipher_unpadblock:bad decrypt:../providers/implementations/ciphers/ciphercommon_block.c:124:
*** WARNING : deprecated key derivation used.
Using -iter or -pbkdf2 would be better.
bad decrypt
4027291EAF7A0000:error:1C800064:Provider routines:ossl_cipher_unpadblock:bad decrypt:../providers/implementations/ciphers/ciphercommon_block.c:124:
*** WARNING : deprecated key derivation used.
Using -iter or -pbkdf2 would be better.
bad decrypt
4077E7732F750000:error:1C800064:Provider routines:ossl_cipher_unpadblock:bad decrypt:../providers/implementations/ciphers/ciphercommon_block.c:124:
*** WARNING : deprecated key derivation used.
Using -iter or -pbkdf2 would be better.
bad decrypt
40075F7E86710000:error:1C800064:Provider routines:ossl_cipher_unpadblock:bad decrypt:../providers/implementations/ciphers/ciphercommon_block.c:124:
*** WARNING : deprecated key derivation used.
Using -iter or -pbkdf2 would be better.
*** WARNING : deprecated key derivation used.
Using -iter or -pbkdf2 would be better.
*** WARNING : deprecated key derivation used.
Using -iter or -pbkdf2 would be better.
*** WARNING : deprecated key derivation used.
Using -iter or -pbkdf2 would be better.
bad decrypt
40B726F367710000:error:1C800064:Provider routines:ossl_cipher_unpadblock:bad decrypt:../providers/implementations/ciphers/ciphercommon_block.c:124:
*** WARNING : deprecated key derivation used.
Using -iter or -pbkdf2 would be better.
bad decrypt
40972DD3D5730000:error:1C800064:Provider routines:ossl_cipher_unpadblock:bad decrypt:../providers/implementations/ciphers/ciphercommon_block.c:124:
*** WARNING : deprecated key derivation used.
Using -iter or -pbkdf2 would be better.
bad decrypt
40970CC6A77B0000:error:1C800064:Provider routines:ossl_cipher_unpadblock:bad decrypt:../providers/implementations/ciphers/ciphercommon_block.c:124:
*** WARNING : deprecated key derivation used.
Using -iter or -pbkdf2 would be better.
*** WARNING : deprecated key derivation used.
Using -iter or -pbkdf2 would be better.
*** WARNING : deprecated key derivation used.
Using -iter or -pbkdf2 would be better.
*** WARNING : deprecated key derivation used.
Using -iter or -pbkdf2 would be better.
bad decrypt
4047453EC3770000:error:1C800064:Provider routines:ossl_cipher_unpadblock:bad decrypt:../providers/implementations/ciphers/ciphercommon_block.c:124:
*** WARNING : deprecated key derivation used.
Using -iter or -pbkdf2 would be better.
bad decrypt
40D75C79837F0000:error:1C800064:Provider routines:ossl_cipher_unpadblock:bad decrypt:../providers/implementations/ciphers/ciphercommon_block.c:124:
*** WARNING : deprecated key derivation used.
Using -iter or -pbkdf2 would be better.
bad decrypt
40C7C3BAB97C0000:error:1C800064:Provider routines:ossl_cipher_unpadblock:bad decrypt:../providers/implementations/ciphers/ciphercommon_block.c:124:
*** WARNING : deprecated key derivation used.
Using -iter or -pbkdf2 would be better.
bad decrypt
4067ED0D1F7B0000:error:1C800064:Provider routines:ossl_cipher_unpadblock:bad decrypt:../providers/implementations/ciphers/ciphercommon_block.c:124:
*** WARNING : deprecated key derivation used.
Using -iter or -pbkdf2 would be better.
bad decrypt
40F795F3B8730000:error:1C800064:Provider routines:ossl_cipher_unpadblock:bad decrypt:../providers/implementations/ciphers/ciphercommon_block.c:124:
*** WARNING : deprecated key derivation used.
Using -iter or -pbkdf2 would be better.
bad decrypt
40D74F2CED790000:error:1C800064:Provider routines:ossl_cipher_unpadblock:bad decrypt:../providers/implementations/ciphers/ciphercommon_block.c:124:
*** WARNING : deprecated key derivation used.
Using -iter or -pbkdf2 would be better.
*** WARNING : deprecated key derivation used.
Using -iter or -pbkdf2 would be better.
*** WARNING : deprecated key derivation used.
Using -iter or -pbkdf2 would be better.
*** WARNING : deprecated key derivation used.
Using -iter or -pbkdf2 would be better.
*** WARNING : deprecated key derivation used.
Using -iter or -pbkdf2 would be better.
*** WARNING : deprecated key derivation used.
Using -iter or -pbkdf2 would be better.
*** WARNING : deprecated key derivation used.
Using -iter or -pbkdf2 would be better.
*** WARNING : deprecated key derivation used.
Using -iter or -pbkdf2 would be better.
*** WARNING : deprecated key derivation used.
Using -iter or -pbkdf2 would be better.
*** WARNING : deprecated key derivation used.
Using -iter or -pbkdf2 would be better.
bad decrypt
4047C8C881760000:error:1C800064:Provider routines:ossl_cipher_unpadblock:bad decrypt:../providers/implementations/ciphers/ciphercommon_block.c:124:
*** WARNING : deprecated key derivation used.
Using -iter or -pbkdf2 would be better.
bad decrypt
40C74F38F3740000:error:1C800064:Provider routines:ossl_cipher_unpadblock:bad decrypt:../providers/implementations/ciphers/ciphercommon_block.c:124:
*** WARNING : deprecated key derivation used.
Using -iter or -pbkdf2 would be better.
bad decrypt
40D7826280700000:error:1C800064:Provider routines:ossl_cipher_unpadblock:bad decrypt:../providers/implementations/ciphers/ciphercommon_block.c:124:
*** WARNING : deprecated key derivation used.
Using -iter or -pbkdf2 would be better.
*** WARNING : deprecated key derivation used.
Using -iter or -pbkdf2 would be better.
*** WARNING : deprecated key derivation used.
Using -iter or -pbkdf2 would be better.
*** WARNING : deprecated key derivation used.
Using -iter or -pbkdf2 would be better.
Error setting cipher DES-OFB
40F7ED3897760000:error:0308010C:digital envelope routines:inner_evp_generic_fetch:unsupported:../crypto/evp/evp_fetch.c:386:Global default library context, Algorithm (DES-OFB : 66), Properties ()
*** WARNING : deprecated key derivation used.
Using -iter or -pbkdf2 would be better.
Error setting cipher DES-OFB
40B7FAD05D7D0000:error:0308010C:digital envelope routines:inner_evp_generic_fetch:unsupported:../crypto/evp/evp_fetch.c:386:Global default library context, Algorithm (DES-OFB : 66), Properties ()
*** WARNING : deprecated key derivation used.
Using -iter or -pbkdf2 would be better.
Error setting cipher DES-OFB
40170DDF23750000:error:0308010C:digital envelope routines:inner_evp_generic_fetch:unsupported:../crypto/evp/evp_fetch.c:386:Global default library context, Algorithm (DES-OFB : 66), Properties ()
*** WARNING : deprecated key derivation used.
Using -iter or -pbkdf2 would be better.
bad decrypt
40577A3DCA720000:error:1C800064:Provider routines:ossl_cipher_unpadblock:bad decrypt:../providers/implementations/ciphers/ciphercommon_block.c:124:
*** WARNING : deprecated key derivation used.
Using -iter or -pbkdf2 would be better.
bad decrypt
408757E05C7D0000:error:1C800064:Provider routines:ossl_cipher_unpadblock:bad decrypt:../providers/implementations/ciphers/ciphercommon_block.c:124:
*** WARNING : deprecated key derivation used.
Using -iter or -pbkdf2 would be better.
bad decrypt
40C7ED90FD780000:error:1C800064:Provider routines:ossl_cipher_unpadblock:bad decrypt:../providers/implementations/ciphers/ciphercommon_block.c:124:
*** WARNING : deprecated key derivation used.
Using -iter or -pbkdf2 would be better.
error writing output file
405782803F790000:error:1C800066:Provider routines:tdes_wrap_update:cipher operation failed:../providers/implementations/ciphers/cipher_tdes_wrap.c:164:
*** WARNING : deprecated key derivation used.
Using -iter or -pbkdf2 would be better.
*** WARNING : deprecated key derivation used.
Using -iter or -pbkdf2 would be better.
*** WARNING : deprecated key derivation used.
Using -iter or -pbkdf2 would be better.
Error setting cipher DESX-CBC
40077D8E157B0000:error:0308010C:digital envelope routines:inner_evp_generic_fetch:unsupported:../crypto/evp/evp_fetch.c:386:Global default library context, Algorithm (DESX-CBC : 0), Properties ()
*** WARNING : deprecated key derivation used.
Using -iter or -pbkdf2 would be better.
Error setting cipher DESX-CBC
40B7144A697F0000:error:0308010C:digital envelope routines:inner_evp_generic_fetch:unsupported:../crypto/evp/evp_fetch.c:386:Global default library context, Algorithm (DESX-CBC : 0), Properties ()
*** WARNING : deprecated key derivation used.
Using -iter or -pbkdf2 would be better.
Error setting cipher DESX-CBC
4067620517760000:error:0308010C:digital envelope routines:inner_evp_generic_fetch:unsupported:../crypto/evp/evp_fetch.c:386:Global default library context, Algorithm (DESX-CBC : 0), Properties ()
*** WARNING : deprecated key derivation used.
Using -iter or -pbkdf2 would be better.
Error setting cipher DESX-CBC
40F7025977730000:error:0308010C:digital envelope routines:inner_evp_generic_fetch:unsupported:../crypto/evp/evp_fetch.c:386:Global default library context, Algorithm (DESX-CBC : 0), Properties ()
*** WARNING : deprecated key derivation used.
Using -iter or -pbkdf2 would be better.
Error setting cipher DESX-CBC
4057AF9D677C0000:error:0308010C:digital envelope routines:inner_evp_generic_fetch:unsupported:../crypto/evp/evp_fetch.c:386:Global default library context, Algorithm (DESX-CBC : 0), Properties ()
*** WARNING : deprecated key derivation used.
Using -iter or -pbkdf2 would be better.
Error setting cipher DESX-CBC
40B76547C8780000:error:0308010C:digital envelope routines:inner_evp_generic_fetch:unsupported:../crypto/evp/evp_fetch.c:386:Global default library context, Algorithm (DESX-CBC : 0), Properties ()
*** WARNING : deprecated key derivation used.
Using -iter or -pbkdf2 would be better.
error writing output file
40D721D1C77C0000:error:1C800066:Provider routines:aes_wrap_cipher_internal:cipher operation failed:../providers/implementations/ciphers/cipher_aes_wrp.c:212:
40D721D1C77C0000:error:030000BD:digital envelope routines:EVP_DecryptUpdate:update error:../crypto/evp/evp_enc.c:837:
*** WARNING : deprecated key derivation used.
Using -iter or -pbkdf2 would be better.
*** WARNING : deprecated key derivation used.
Using -iter or -pbkdf2 would be better.
*** WARNING : deprecated key derivation used.
Using -iter or -pbkdf2 would be better.
error writing output file
4037DDB3D07F0000:error:1C800066:Provider routines:aes_wrap_cipher_internal:cipher operation failed:../providers/implementations/ciphers/cipher_aes_wrp.c:212:
4037DDB3D07F0000:error:030000BD:digital envelope routines:EVP_DecryptUpdate:update error:../crypto/evp/evp_enc.c:837:
*** WARNING : deprecated key derivation used.
Using -iter or -pbkdf2 would be better.
*** WARNING : deprecated key derivation used.
Using -iter or -pbkdf2 would be better.
*** WARNING : deprecated key derivation used.
Using -iter or -pbkdf2 would be better.
error writing output file
40C79B29DE7C0000:error:1C800066:Provider routines:aes_wrap_cipher_internal:cipher operation failed:../providers/implementations/ciphers/cipher_aes_wrp.c:212:
40C79B29DE7C0000:error:030000BD:digital envelope routines:EVP_DecryptUpdate:update error:../crypto/evp/evp_enc.c:837:
*** WARNING : deprecated key derivation used.
Using -iter or -pbkdf2 would be better.
*** WARNING : deprecated key derivation used.
Using -iter or -pbkdf2 would be better.
*** WARNING : deprecated key derivation used.
Using -iter or -pbkdf2 would be better.
error writing output file
409749F60A760000:error:1C800066:Provider routines:aes_wrap_cipher_internal:cipher operation failed:../providers/implementations/ciphers/cipher_aes_wrp.c:212:
409749F60A760000:error:030000BD:digital envelope routines:EVP_DecryptUpdate:update error:../crypto/evp/evp_enc.c:837:
*** WARNING : deprecated key derivation used.
Using -iter or -pbkdf2 would be better.
*** WARNING : deprecated key derivation used.
Using -iter or -pbkdf2 would be better.
*** WARNING : deprecated key derivation used.
Using -iter or -pbkdf2 would be better.
error writing output file
4067F6F646790000:error:1C800066:Provider routines:aes_wrap_cipher_internal:cipher operation failed:../providers/implementations/ciphers/cipher_aes_wrp.c:212:
4067F6F646790000:error:030000BD:digital envelope routines:EVP_DecryptUpdate:update error:../crypto/evp/evp_enc.c:837:
*** WARNING : deprecated key derivation used.
Using -iter or -pbkdf2 would be better.
*** WARNING : deprecated key derivation used.
Using -iter or -pbkdf2 would be better.
*** WARNING : deprecated key derivation used.
Using -iter or -pbkdf2 would be better.
error writing output file
4097C9F0807A0000:error:1C800066:Provider routines:aes_wrap_cipher_internal:cipher operation failed:../providers/implementations/ciphers/cipher_aes_wrp.c:212:
4097C9F0807A0000:error:030000BD:digital envelope routines:EVP_DecryptUpdate:update error:../crypto/evp/evp_enc.c:837:
*** WARNING : deprecated key derivation used.
Using -iter or -pbkdf2 would be better.
*** WARNING : deprecated key derivation used.
Using -iter or -pbkdf2 would be better.
*** WARNING : deprecated key derivation used.
Using -iter or -pbkdf2 would be better.
error writing output file
4017F27905790000:error:1C800066:Provider routines:tdes_wrap_update:cipher operation failed:../providers/implementations/ciphers/cipher_tdes_wrap.c:164:
*** WARNING : deprecated key derivation used.
Using -iter or -pbkdf2 would be better.
*** WARNING : deprecated key derivation used.
Using -iter or -pbkdf2 would be better.
*** WARNING : deprecated key derivation used.
Using -iter or -pbkdf2 would be better.
Error setting cipher RC2-CBC
40A74071B0780000:error:0308010C:digital envelope routines:inner_evp_generic_fetch:unsupported:../crypto/evp/evp_fetch.c:386:Global default library context, Algorithm (RC2-CBC : 4), Properties ()
*** WARNING : deprecated key derivation used.
Using -iter or -pbkdf2 would be better.
Error setting cipher RC2-CBC
4067B6360F7A0000:error:0308010C:digital envelope routines:inner_evp_generic_fetch:unsupported:../crypto/evp/evp_fetch.c:386:Global default library context, Algorithm (RC2-CBC : 4), Properties ()
*** WARNING : deprecated key derivation used.
Using -iter or -pbkdf2 would be better.
Error setting cipher RC2-CBC
40B7A010C0770000:error:0308010C:digital envelope routines:inner_evp_generic_fetch:unsupported:../crypto/evp/evp_fetch.c:386:Global default library context, Algorithm (RC2-CBC : 4), Properties ()
*** WARNING : deprecated key derivation used.
Using -iter or -pbkdf2 would be better.
Error setting cipher RC2-CBC
404745B199770000:error:0308010C:digital envelope routines:inner_evp_generic_fetch:unsupported:../crypto/evp/evp_fetch.c:386:Global default library context, Algorithm (RC2-CBC : 4), Properties ()
*** WARNING : deprecated key derivation used.
Using -iter or -pbkdf2 would be better.
Error setting cipher RC2-CBC
40D7D828AE790000:error:0308010C:digital envelope routines:inner_evp_generic_fetch:unsupported:../crypto/evp/evp_fetch.c:386:Global default library context, Algorithm (RC2-CBC : 4), Properties ()
*** WARNING : deprecated key derivation used.
Using -iter or -pbkdf2 would be better.
Error setting cipher RC2-CBC
40A79B8EE77C0000:error:0308010C:digital envelope routines:inner_evp_generic_fetch:unsupported:../crypto/evp/evp_fetch.c:386:Global default library context, Algorithm (RC2-CBC : 4), Properties ()
*** WARNING : deprecated key derivation used.
Using -iter or -pbkdf2 would be better.
Error setting cipher RC2-40-CBC
40475987E9730000:error:0308010C:digital envelope routines:inner_evp_generic_fetch:unsupported:../crypto/evp/evp_fetch.c:386:Global default library context, Algorithm (RC2-40-CBC : 0), Properties ()
*** WARNING : deprecated key derivation used.
Using -iter or -pbkdf2 would be better.
Error setting cipher RC2-40-CBC
40370CB97A720000:error:0308010C:digital envelope routines:inner_evp_generic_fetch:unsupported:../crypto/evp/evp_fetch.c:386:Global default library context, Algorithm (RC2-40-CBC : 0), Properties ()
*** WARNING : deprecated key derivation used.
Using -iter or -pbkdf2 would be better.
Error setting cipher RC2-40-CBC
40E7FACD25720000:error:0308010C:digital envelope routines:inner_evp_generic_fetch:unsupported:../crypto/evp/evp_fetch.c:386:Global default library context, Algorithm (RC2-40-CBC : 0), Properties ()
*** WARNING : deprecated key derivation used.
Using -iter or -pbkdf2 would be better.
Error setting cipher RC2-40-CBC
40F7DE605F750000:error:0308010C:digital envelope routines:inner_evp_generic_fetch:unsupported:../crypto/evp/evp_fetch.c:386:Global default library context, Algorithm (RC2-40-CBC : 0), Properties ()
*** WARNING : deprecated key derivation used.
Using -iter or -pbkdf2 would be better.
Error setting cipher RC2-40-CBC
40371681CF7C0000:error:0308010C:digital envelope routines:inner_evp_generic_fetch:unsupported:../crypto/evp/evp_fetch.c:386:Global default library context, Algorithm (RC2-40-CBC : 0), Properties ()
*** WARNING : deprecated key derivation used.
Using -iter or -pbkdf2 would be better.
Error setting cipher RC2-40-CBC
40371BD46B7A0000:error:0308010C:digital envelope routines:inner_evp_generic_fetch:unsupported:../crypto/evp/evp_fetch.c:386:Global default library context, Algorithm (RC2-40-CBC : 0), Properties ()
*** WARNING : deprecated key derivation used.
Using -iter or -pbkdf2 would be better.
Error setting cipher RC2-64-CBC
4027FC7AE1730000:error:0308010C:digital envelope routines:inner_evp_generic_fetch:unsupported:../crypto/evp/evp_fetch.c:386:Global default library context, Algorithm (RC2-64-CBC : 0), Properties ()
*** WARNING : deprecated key derivation used.
Using -iter or -pbkdf2 would be better.
Error setting cipher RC2-64-CBC
40D7E54E237F0000:error:0308010C:digital envelope routines:inner_evp_generic_fetch:unsupported:../crypto/evp/evp_fetch.c:386:Global default library context, Algorithm (RC2-64-CBC : 0), Properties ()
*** WARNING : deprecated key derivation used.
Using -iter or -pbkdf2 would be better.
Error setting cipher RC2-64-CBC
40674886CA7E0000:error:0308010C:digital envelope routines:inner_evp_generic_fetch:unsupported:../crypto/evp/evp_fetch.c:386:Global default library context, Algorithm (RC2-64-CBC : 0), Properties ()
*** WARNING : deprecated key derivation used.
Using -iter or -pbkdf2 would be better.
Error setting cipher RC2-64-CBC
40B707E492740000:error:0308010C:digital envelope routines:inner_evp_generic_fetch:unsupported:../crypto/evp/evp_fetch.c:386:Global default library context, Algorithm (RC2-64-CBC : 0), Properties ()
*** WARNING : deprecated key derivation used.
Using -iter or -pbkdf2 would be better.
Error setting cipher RC2-64-CBC
407700D35E730000:error:0308010C:digital envelope routines:inner_evp_generic_fetch:unsupported:../crypto/evp/evp_fetch.c:386:Global default library context, Algorithm (RC2-64-CBC : 0), Properties ()
*** WARNING : deprecated key derivation used.
Using -iter or -pbkdf2 would be better.
Error setting cipher RC2-64-CBC
40071FBEFB7C0000:error:0308010C:digital envelope routines:inner_evp_generic_fetch:unsupported:../crypto/evp/evp_fetch.c:386:Global default library context, Algorithm (RC2-64-CBC : 0), Properties ()
*** WARNING : deprecated key derivation used.
Using -iter or -pbkdf2 would be better.
Error setting cipher RC2-CBC
4017164D447E0000:error:0308010C:digital envelope routines:inner_evp_generic_fetch:unsupported:../crypto/evp/evp_fetch.c:386:Global default library context, Algorithm (RC2-CBC : 4), Properties ()
*** WARNING : deprecated key derivation used.
Using -iter or -pbkdf2 would be better.
Error setting cipher RC2-CBC
40B7F311B0730000:error:0308010C:digital envelope routines:inner_evp_generic_fetch:unsupported:../crypto/evp/evp_fetch.c:386:Global default library context, Algorithm (RC2-CBC : 4), Properties ()
*** WARNING : deprecated key derivation used.
Using -iter or -pbkdf2 would be better.
Error setting cipher RC2-CBC
4067CD3F5A7E0000:error:0308010C:digital envelope routines:inner_evp_generic_fetch:unsupported:../crypto/evp/evp_fetch.c:386:Global default library context, Algorithm (RC2-CBC : 4), Properties ()
*** WARNING : deprecated key derivation used.
Using -iter or -pbkdf2 would be better.
Error setting cipher RC2-CFB
4027972293730000:error:0308010C:digital envelope routines:inner_evp_generic_fetch:unsupported:../crypto/evp/evp_fetch.c:386:Global default library context, Algorithm (RC2-CFB : 0), Properties ()
*** WARNING : deprecated key derivation used.
Using -iter or -pbkdf2 would be better.
Error setting cipher RC2-CFB
40073379A6760000:error:0308010C:digital envelope routines:inner_evp_generic_fetch:unsupported:../crypto/evp/evp_fetch.c:386:Global default library context, Algorithm (RC2-CFB : 0), Properties ()
*** WARNING : deprecated key derivation used.
Using -iter or -pbkdf2 would be better.
Error setting cipher RC2-CFB
4087CF08B1740000:error:0308010C:digital envelope routines:inner_evp_generic_fetch:unsupported:../crypto/evp/evp_fetch.c:386:Global default library context, Algorithm (RC2-CFB : 0), Properties ()
*** WARNING : deprecated key derivation used.
Using -iter or -pbkdf2 would be better.
Error setting cipher RC2-ECB
4077F31329780000:error:0308010C:digital envelope routines:inner_evp_generic_fetch:unsupported:../crypto/evp/evp_fetch.c:386:Global default library context, Algorithm (RC2-ECB : 0), Properties ()
*** WARNING : deprecated key derivation used.
Using -iter or -pbkdf2 would be better.
Error setting cipher RC2-ECB
40C7BF2B7A7A0000:error:0308010C:digital envelope routines:inner_evp_generic_fetch:unsupported:../crypto/evp/evp_fetch.c:386:Global default library context, Algorithm (RC2-ECB : 0), Properties ()
*** WARNING : deprecated key derivation used.
Using -iter or -pbkdf2 would be better.
Error setting cipher RC2-ECB
405715DC03760000:error:0308010C:digital envelope routines:inner_evp_generic_fetch:unsupported:../crypto/evp/evp_fetch.c:386:Global default library context, Algorithm (RC2-ECB : 0), Properties ()
*** WARNING : deprecated key derivation used.
Using -iter or -pbkdf2 would be better.
Error setting cipher RC2-OFB
4097B7489A710000:error:0308010C:digital envelope routines:inner_evp_generic_fetch:unsupported:../crypto/evp/evp_fetch.c:386:Global default library context, Algorithm (RC2-OFB : 0), Properties ()
*** WARNING : deprecated key derivation used.
Using -iter or -pbkdf2 would be better.
Error setting cipher RC2-OFB
40D77F9A90750000:error:0308010C:digital envelope routines:inner_evp_generic_fetch:unsupported:../crypto/evp/evp_fetch.c:386:Global default library context, Algorithm (RC2-OFB : 0), Properties ()
*** WARNING : deprecated key derivation used.
Using -iter or -pbkdf2 would be better.
Error setting cipher RC2-OFB
40671ED4EF7B0000:error:0308010C:digital envelope routines:inner_evp_generic_fetch:unsupported:../crypto/evp/evp_fetch.c:386:Global default library context, Algorithm (RC2-OFB : 0), Properties ()
*** WARNING : deprecated key derivation used.
Using -iter or -pbkdf2 would be better.
Error setting cipher RC4
40473578717F0000:error:0308010C:digital envelope routines:inner_evp_generic_fetch:unsupported:../crypto/evp/evp_fetch.c:386:Global default library context, Algorithm (RC4 : 37), Properties ()
*** WARNING : deprecated key derivation used.
Using -iter or -pbkdf2 would be better.
Error setting cipher RC4
40778EE4AB7A0000:error:0308010C:digital envelope routines:inner_evp_generic_fetch:unsupported:../crypto/evp/evp_fetch.c:386:Global default library context, Algorithm (RC4 : 37), Properties ()
*** WARNING : deprecated key derivation used.
Using -iter or -pbkdf2 would be better.
Error setting cipher RC4
40A79032AA770000:error:0308010C:digital envelope routines:inner_evp_generic_fetch:unsupported:../crypto/evp/evp_fetch.c:386:Global default library context, Algorithm (RC4 : 37), Properties ()
*** WARNING : deprecated key derivation used.
Using -iter or -pbkdf2 would be better.
Error setting cipher RC4-40
40E75983C07F0000:error:0308010C:digital envelope routines:inner_evp_generic_fetch:unsupported:../crypto/evp/evp_fetch.c:386:Global default library context, Algorithm (RC4-40 : 0), Properties ()
*** WARNING : deprecated key derivation used.
Using -iter or -pbkdf2 would be better.
Error setting cipher RC4-40
40872AE9FF780000:error:0308010C:digital envelope routines:inner_evp_generic_fetch:unsupported:../crypto/evp/evp_fetch.c:386:Global default library context, Algorithm (RC4-40 : 0), Properties ()
*** WARNING : deprecated key derivation used.
Using -iter or -pbkdf2 would be better.
Error setting cipher RC4-40
40B7A2F5947E0000:error:0308010C:digital envelope routines:inner_evp_generic_fetch:unsupported:../crypto/evp/evp_fetch.c:386:Global default library context, Algorithm (RC4-40 : 0), Properties ()
*** WARNING : deprecated key derivation used.
Using -iter or -pbkdf2 would be better.
Error setting cipher SEED-CBC
40A743F7997A0000:error:0308010C:digital envelope routines:inner_evp_generic_fetch:unsupported:../crypto/evp/evp_fetch.c:386:Global default library context, Algorithm (SEED-CBC : 53), Properties ()
*** WARNING : deprecated key derivation used.
Using -iter or -pbkdf2 would be better.
Error setting cipher SEED-CBC
40A747E60B7E0000:error:0308010C:digital envelope routines:inner_evp_generic_fetch:unsupported:../crypto/evp/evp_fetch.c:386:Global default library context, Algorithm (SEED-CBC : 53), Properties ()
*** WARNING : deprecated key derivation used.
Using -iter or -pbkdf2 would be better.
Error setting cipher SEED-CBC
4067BFECDB770000:error:0308010C:digital envelope routines:inner_evp_generic_fetch:unsupported:../crypto/evp/evp_fetch.c:386:Global default library context, Algorithm (SEED-CBC : 53), Properties ()
*** WARNING : deprecated key derivation used.
Using -iter or -pbkdf2 would be better.
Error setting cipher SEED-CBC
4037CF0F6F7D0000:error:0308010C:digital envelope routines:inner_evp_generic_fetch:unsupported:../crypto/evp/evp_fetch.c:386:Global default library context, Algorithm (SEED-CBC : 53), Properties ()
*** WARNING : deprecated key derivation used.
Using -iter or -pbkdf2 would be better.
Error setting cipher SEED-CBC
40C7EB605E7D0000:error:0308010C:digital envelope routines:inner_evp_generic_fetch:unsupported:../crypto/evp/evp_fetch.c:386:Global default library context, Algorithm (SEED-CBC : 53), Properties ()
*** WARNING : deprecated key derivation used.
Using -iter or -pbkdf2 would be better.
Error setting cipher SEED-CBC
40B79051B9730000:error:0308010C:digital envelope routines:inner_evp_generic_fetch:unsupported:../crypto/evp/evp_fetch.c:386:Global default library context, Algorithm (SEED-CBC : 53), Properties ()
*** WARNING : deprecated key derivation used.
Using -iter or -pbkdf2 would be better.
Error setting cipher SEED-CFB
40274600AA7C0000:error:0308010C:digital envelope routines:inner_evp_generic_fetch:unsupported:../crypto/evp/evp_fetch.c:386:Global default library context, Algorithm (SEED-CFB : 49), Properties ()
*** WARNING : deprecated key derivation used.
Using -iter or -pbkdf2 would be better.
Error setting cipher SEED-CFB
40A7D03A26710000:error:0308010C:digital envelope routines:inner_evp_generic_fetch:unsupported:../crypto/evp/evp_fetch.c:386:Global default library context, Algorithm (SEED-CFB : 49), Properties ()
*** WARNING : deprecated key derivation used.
Using -iter or -pbkdf2 would be better.
Error setting cipher SEED-CFB
40B7E147CB760000:error:0308010C:digital envelope routines:inner_evp_generic_fetch:unsupported:../crypto/evp/evp_fetch.c:386:Global default library context, Algorithm (SEED-CFB : 49), Properties ()
*** WARNING : deprecated key derivation used.
Using -iter or -pbkdf2 would be better.
Error setting cipher SEED-ECB
402786F084780000:error:0308010C:digital envelope routines:inner_evp_generic_fetch:unsupported:../crypto/evp/evp_fetch.c:386:Global default library context, Algorithm (SEED-ECB : 74), Properties ()
*** WARNING : deprecated key derivation used.
Using -iter or -pbkdf2 would be better.
Error setting cipher SEED-ECB
40F73F0937710000:error:0308010C:digital envelope routines:inner_evp_generic_fetch:unsupported:../crypto/evp/evp_fetch.c:386:Global default library context, Algorithm (SEED-ECB : 74), Properties ()
*** WARNING : deprecated key derivation used.
Using -iter or -pbkdf2 would be better.
Error setting cipher SEED-ECB
4057878E937B0000:error:0308010C:digital envelope routines:inner_evp_generic_fetch:unsupported:../crypto/evp/evp_fetch.c:386:Global default library context, Algorithm (SEED-ECB : 74), Properties ()
*** WARNING : deprecated key derivation used.
Using -iter or -pbkdf2 would be better.
Error setting cipher SEED-OFB
4057DD8DD8730000:error:0308010C:digital envelope routines:inner_evp_generic_fetch:unsupported:../crypto/evp/evp_fetch.c:386:Global default library context, Algorithm (SEED-OFB : 61), Properties ()
*** WARNING : deprecated key derivation used.
Using -iter or -pbkdf2 would be better.
Error setting cipher SEED-OFB
40D781DF66790000:error:0308010C:digital envelope routines:inner_evp_generic_fetch:unsupported:../crypto/evp/evp_fetch.c:386:Global default library context, Algorithm (SEED-OFB : 61), Properties ()
*** WARNING : deprecated key derivation used.
Using -iter or -pbkdf2 would be better.
Error setting cipher SEED-OFB
40F753C948780000:error:0308010C:digital envelope routines:inner_evp_generic_fetch:unsupported:../crypto/evp/evp_fetch.c:386:Global default library context, Algorithm (SEED-OFB : 61), Properties ()
*** WARNING : deprecated key derivation used.
Using -iter or -pbkdf2 would be better.
bad decrypt
40E71B6973730000:error:1C800064:Provider routines:ossl_cipher_unpadblock:bad decrypt:../providers/implementations/ciphers/ciphercommon_block.c:124:
*** WARNING : deprecated key derivation used.
Using -iter or -pbkdf2 would be better.
bad decrypt
4067EFF097740000:error:1C800064:Provider routines:ossl_cipher_unpadblock:bad decrypt:../providers/implementations/ciphers/ciphercommon_block.c:129:
*** WARNING : deprecated key derivation used.
Using -iter or -pbkdf2 would be better.
bad decrypt
40872E61297B0000:error:1C800064:Provider routines:ossl_cipher_unpadblock:bad decrypt:../providers/implementations/ciphers/ciphercommon_block.c:129:
*** WARNING : deprecated key derivation used.
Using -iter or -pbkdf2 would be better.
bad decrypt
4097E37E87770000:error:1C800064:Provider routines:ossl_cipher_unpadblock:bad decrypt:../providers/implementations/ciphers/ciphercommon_block.c:124:
*** WARNING : deprecated key derivation used.
Using -iter or -pbkdf2 would be better.
bad decrypt
40F7DE6980730000:error:1C800064:Provider routines:ossl_cipher_unpadblock:bad decrypt:../providers/implementations/ciphers/ciphercommon_block.c:129:
*** WARNING : deprecated key derivation used.
Using -iter or -pbkdf2 would be better.
bad decrypt
403746369F760000:error:1C800064:Provider routines:ossl_cipher_unpadblock:bad decrypt:../providers/implementations/ciphers/ciphercommon_block.c:129:
*** WARNING : deprecated key derivation used.
Using -iter or -pbkdf2 would be better.
*** WARNING : deprecated key derivation used.
Using -iter or -pbkdf2 would be better.
*** WARNING : deprecated key derivation used.
Using -iter or -pbkdf2 would be better.
*** WARNING : deprecated key derivation used.
Using -iter or -pbkdf2 would be better.
*** WARNING : deprecated key derivation used.
Using -iter or -pbkdf2 would be better.
*** WARNING : deprecated key derivation used.
Using -iter or -pbkdf2 would be better.
*** WARNING : deprecated key derivation used.
Using -iter or -pbkdf2 would be better.
bad decrypt
40C7E30C3D7F0000:error:1C800064:Provider routines:ossl_cipher_unpadblock:bad decrypt:../providers/implementations/ciphers/ciphercommon_block.c:124:
*** WARNING : deprecated key derivation used.
Using -iter or -pbkdf2 would be better.
bad decrypt
4037357E08700000:error:1C800064:Provider routines:ossl_cipher_unpadblock:bad decrypt:../providers/implementations/ciphers/ciphercommon_block.c:124:
*** WARNING : deprecated key derivation used.
Using -iter or -pbkdf2 would be better.
bad decrypt
406795F2187E0000:error:1C800064:Provider routines:ossl_cipher_unpadblock:bad decrypt:../providers/implementations/ciphers/ciphercommon_block.c:124:
*** WARNING : deprecated key derivation used.
Using -iter or -pbkdf2 would be better.
*** WARNING : deprecated key derivation used.
Using -iter or -pbkdf2 would be better.
*** WARNING : deprecated key derivation used.
Using -iter or -pbkdf2 would be better.
enc: Use -help for summary.
enc: Use -help for summary.
enc: Use -help for summary.
enc: Use -help for summary.
enc: Use -help for summary.
enc: Use -help for summary.
*** WARNING : deprecated key derivation used.
Using -iter or -pbkdf2 would be better.
bad decrypt
4097525B8F700000:error:1C800064:Provider routines:ossl_cipher_unpadblock:bad decrypt:../providers/implementations/ciphers/ciphercommon_block.c:124:
*** WARNING : deprecated key derivation used.
Using -iter or -pbkdf2 would be better.
bad decrypt
4077D64E837F0000:error:1C800064:Provider routines:ossl_cipher_unpadblock:bad decrypt:../providers/implementations/ciphers/ciphercommon_block.c:124:
*** WARNING : deprecated key derivation used.
Using -iter or -pbkdf2 would be better.
bad decrypt
40B753F99E730000:error:1C800064:Provider routines:ossl_cipher_unpadblock:bad decrypt:../providers/implementations/ciphers/ciphercommon_block.c:124:
*** WARNING : deprecated key derivation used.
Using -iter or -pbkdf2 would be better.
*** WARNING : deprecated key derivation used.
Using -iter or -pbkdf2 would be better.
*** WARNING : deprecated key derivation used.
Using -iter or -pbkdf2 would be better.
*** WARNING : deprecated key derivation used.
Using -iter or -pbkdf2 would be better.
*** WARNING : deprecated key derivation used.
Using -iter or -pbkdf2 would be better.
*** WARNING : deprecated key derivation used.
Using -iter or -pbkdf2 would be better.
*** WARNING : deprecated key derivation used.
Using -iter or -pbkdf2 would be better.
*** WARNING : deprecated key derivation used.
Using -iter or -pbkdf2 would be better.
*** WARNING : deprecated key derivation used.
Using -iter or -pbkdf2 would be better.
*** WARNING : deprecated key derivation used.
Using -iter or -pbkdf2 would be better.
*** WARNING : deprecated key derivation used.
Using -iter or -pbkdf2 would be better.
*** WARNING : deprecated key derivation used.
Using -iter or -pbkdf2 would be better.
*** WARNING : deprecated key derivation used.
Using -iter or -pbkdf2 would be better.
bad decrypt
40D75EE4317C0000:error:1C800064:Provider routines:ossl_cipher_unpadblock:bad decrypt:../providers/implementations/ciphers/ciphercommon_block.c:124:
*** WARNING : deprecated key derivation used.
Using -iter or -pbkdf2 would be better.
bad decrypt
40773B2BD4710000:error:1C800064:Provider routines:ossl_cipher_unpadblock:bad decrypt:../providers/implementations/ciphers/ciphercommon_block.c:124:
*** WARNING : deprecated key derivation used.
Using -iter or -pbkdf2 would be better.
bad decrypt
4017E23EB4720000:error:1C800064:Provider routines:ossl_cipher_unpadblock:bad decrypt:../providers/implementations/ciphers/ciphercommon_block.c:124:
*** WARNING : deprecated key derivation used.
Using -iter or -pbkdf2 would be better.
*** WARNING : deprecated key derivation used.
Using -iter or -pbkdf2 would be better.
*** WARNING : deprecated key derivation used.
Using -iter or -pbkdf2 would be better.
*** WARNING : deprecated key derivation used.
Using -iter or -pbkdf2 would be better.
bad decrypt
406742CC9B7D0000:error:1C800064:Provider routines:ossl_cipher_unpadblock:bad decrypt:../providers/implementations/ciphers/ciphercommon_block.c:124:
*** WARNING : deprecated key derivation used.
Using -iter or -pbkdf2 would be better.
bad decrypt
40A73686927C0000:error:1C800064:Provider routines:ossl_cipher_unpadblock:bad decrypt:../providers/implementations/ciphers/ciphercommon_block.c:124:
*** WARNING : deprecated key derivation used.
Using -iter or -pbkdf2 would be better.
bad decrypt
40D7851801760000:error:1C800064:Provider routines:ossl_cipher_unpadblock:bad decrypt:../providers/implementations/ciphers/ciphercommon_block.c:124:
*** WARNING : deprecated key derivation used.
Using -iter or -pbkdf2 would be better.
*** WARNING : deprecated key derivation used.
Using -iter or -pbkdf2 would be better.
*** WARNING : deprecated key derivation used.
Using -iter or -pbkdf2 would be better.
*** WARNING : deprecated key derivation used.
Using -iter or -pbkdf2 would be better.
*** WARNING : deprecated key derivation used.
Using -iter or -pbkdf2 would be better.
*** WARNING : deprecated key derivation used.
Using -iter or -pbkdf2 would be better.
*** WARNING : deprecated key derivation used.
Using -iter or -pbkdf2 would be better.
*** WARNING : deprecated key derivation used.
Using -iter or -pbkdf2 would be better.
*** WARNING : deprecated key derivation used.
Using -iter or -pbkdf2 would be better.
*** WARNING : deprecated key derivation used.
Using -iter or -pbkdf2 would be better.
*** WARNING : deprecated key derivation used.
Using -iter or -pbkdf2 would be better.
*** WARNING : deprecated key derivation used.
Using -iter or -pbkdf2 would be better.
*** WARNING : deprecated key derivation used.
Using -iter or -pbkdf2 would be better.
bad decrypt
4097658EED730000:error:1C800064:Provider routines:ossl_cipher_unpadblock:bad decrypt:../providers/implementations/ciphers/ciphercommon_block.c:124:
*** WARNING : deprecated key derivation used.
Using -iter or -pbkdf2 would be better.
bad decrypt
4067C4EC7D7B0000:error:1C800064:Provider routines:ossl_cipher_unpadblock:bad decrypt:../providers/implementations/ciphers/ciphercommon_block.c:124:
*** WARNING : deprecated key derivation used.
Using -iter or -pbkdf2 would be better.
bad decrypt
4007FB0CB8780000:error:1C800064:Provider routines:ossl_cipher_unpadblock:bad decrypt:../providers/implementations/ciphers/ciphercommon_block.c:124:
*** WARNING : deprecated key derivation used.
Using -iter or -pbkdf2 would be better.
*** WARNING : deprecated key derivation used.
Using -iter or -pbkdf2 would be better.
*** WARNING : deprecated key derivation used.
Using -iter or -pbkdf2 would be better.
*** WARNING : deprecated key derivation used.
Using -iter or -pbkdf2 would be better.
bad decrypt
40470E16B17B0000:error:1C800064:Provider routines:ossl_cipher_unpadblock:bad decrypt:../providers/implementations/ciphers/ciphercommon_block.c:124:
*** WARNING : deprecated key derivation used.
Using -iter or -pbkdf2 would be better.
bad decrypt
4037CE6883740000:error:1C800064:Provider routines:ossl_cipher_unpadblock:bad decrypt:../providers/implementations/ciphers/ciphercommon_block.c:124:
*** WARNING : deprecated key derivation used.
Using -iter or -pbkdf2 would be better.
bad decrypt
40076FD1AC7A0000:error:1C800064:Provider routines:ossl_cipher_unpadblock:bad decrypt:../providers/implementations/ciphers/ciphercommon_block.c:124:
*** WARNING : deprecated key derivation used.
Using -iter or -pbkdf2 would be better.
*** WARNING : deprecated key derivation used.
Using -iter or -pbkdf2 would be better.
*** WARNING : deprecated key derivation used.
Using -iter or -pbkdf2 would be better.
*** WARNING : deprecated key derivation used.
Using -iter or -pbkdf2 would be better.
*** WARNING : deprecated key derivation used.
Using -iter or -pbkdf2 would be better.
*** WARNING : deprecated key derivation used.
Using -iter or -pbkdf2 would be better.
*** WARNING : deprecated key derivation used.
Using -iter or -pbkdf2 would be better.
*** WARNING : deprecated key derivation used.
Using -iter or -pbkdf2 would be better.
*** WARNING : deprecated key derivation used.
Using -iter or -pbkdf2 would be better.
*** WARNING : deprecated key derivation used.
Using -iter or -pbkdf2 would be better.
*** WARNING : deprecated key derivation used.
Using -iter or -pbkdf2 would be better.
*** WARNING : deprecated key derivation used.
Using -iter or -pbkdf2 would be better.
*** WARNING : deprecated key derivation used.
Using -iter or -pbkdf2 would be better.
bad decrypt
40F7C93C41700000:error:1C800064:Provider routines:ossl_cipher_unpadblock:bad decrypt:../providers/implementations/ciphers/ciphercommon_block.c:124:
*** WARNING : deprecated key derivation used.
Using -iter or -pbkdf2 would be better.
bad decrypt
40B7F5FA52770000:error:1C800064:Provider routines:ossl_cipher_unpadblock:bad decrypt:../providers/implementations/ciphers/ciphercommon_block.c:124:
*** WARNING : deprecated key derivation used.
Using -iter or -pbkdf2 would be better.
bad decrypt
40678A9123710000:error:1C800064:Provider routines:ossl_cipher_unpadblock:bad decrypt:../providers/implementations/ciphers/ciphercommon_block.c:124:
*** WARNING : deprecated key derivation used.
Using -iter or -pbkdf2 would be better.
*** WARNING : deprecated key derivation used.
Using -iter or -pbkdf2 would be better.
*** WARNING : deprecated key derivation used.
Using -iter or -pbkdf2 would be better.
*** WARNING : deprecated key derivation used.
Using -iter or -pbkdf2 would be better.
bad decrypt
40278541AE7B0000:error:1C800064:Provider routines:ossl_cipher_unpadblock:bad decrypt:../providers/implementations/ciphers/ciphercommon_block.c:124:
*** WARNING : deprecated key derivation used.
Using -iter or -pbkdf2 would be better.
bad decrypt
4077C779C47F0000:error:1C800064:Provider routines:ossl_cipher_unpadblock:bad decrypt:../providers/implementations/ciphers/ciphercommon_block.c:124:
*** WARNING : deprecated key derivation used.
Using -iter or -pbkdf2 would be better.
bad decrypt
4097938BD1760000:error:1C800064:Provider routines:ossl_cipher_unpadblock:bad decrypt:../providers/implementations/ciphers/ciphercommon_block.c:124:
*** WARNING : deprecated key derivation used.
Using -iter or -pbkdf2 would be better.
error writing output file
4097FDC658770000:error:1C800066:Provider routines:aes_wrap_cipher_internal:cipher operation failed:../providers/implementations/ciphers/cipher_aes_wrp.c:212:
4097FDC658770000:error:030000BD:digital envelope routines:EVP_DecryptUpdate:update error:../crypto/evp/evp_enc.c:837:
*** WARNING : deprecated key derivation used.
Using -iter or -pbkdf2 would be better.
*** WARNING : deprecated key derivation used.
Using -iter or -pbkdf2 would be better.
*** WARNING : deprecated key derivation used.
Using -iter or -pbkdf2 would be better.
bad decrypt
4047F12E6A750000:error:1C800064:Provider routines:ossl_cipher_unpadblock:bad decrypt:../providers/implementations/ciphers/ciphercommon_block.c:124:
*** WARNING : deprecated key derivation used.
Using -iter or -pbkdf2 would be better.
bad decrypt
40772F0D62710000:error:1C800064:Provider routines:ossl_cipher_unpadblock:bad decrypt:../providers/implementations/ciphers/ciphercommon_block.c:124:
*** WARNING : deprecated key derivation used.
Using -iter or -pbkdf2 would be better.
bad decrypt
40E7B2B31D7D0000:error:1C800064:Provider routines:ossl_cipher_unpadblock:bad decrypt:../providers/implementations/ciphers/ciphercommon_block.c:124:
*** WARNING : deprecated key derivation used.
Using -iter or -pbkdf2 would be better.
error writing output file
40F75F304E7B0000:error:1C800066:Provider routines:aes_wrap_cipher_internal:cipher operation failed:../providers/implementations/ciphers/cipher_aes_wrp.c:212:
40F75F304E7B0000:error:030000BD:digital envelope routines:EVP_DecryptUpdate:update error:../crypto/evp/evp_enc.c:837:
*** WARNING : deprecated key derivation used.
Using -iter or -pbkdf2 would be better.
*** WARNING : deprecated key derivation used.
Using -iter or -pbkdf2 would be better.
*** WARNING : deprecated key derivation used.
Using -iter or -pbkdf2 would be better.
bad decrypt
4037E72940750000:error:1C800064:Provider routines:ossl_cipher_unpadblock:bad decrypt:../providers/implementations/ciphers/ciphercommon_block.c:124:
*** WARNING : deprecated key derivation used.
Using -iter or -pbkdf2 would be better.
bad decrypt
405778783B7A0000:error:1C800064:Provider routines:ossl_cipher_unpadblock:bad decrypt:../providers/implementations/ciphers/ciphercommon_block.c:124:
*** WARNING : deprecated key derivation used.
Using -iter or -pbkdf2 would be better.
bad decrypt
403705055F7F0000:error:1C800064:Provider routines:ossl_cipher_unpadblock:bad decrypt:../providers/implementations/ciphers/ciphercommon_block.c:124:
*** WARNING : deprecated key derivation used.
Using -iter or -pbkdf2 would be better.
error writing output file
40E7FE59957C0000:error:1C800066:Provider routines:aes_wrap_cipher_internal:cipher operation failed:../providers/implementations/ciphers/cipher_aes_wrp.c:212:
40E7FE59957C0000:error:030000BD:digital envelope routines:EVP_DecryptUpdate:update error:../crypto/evp/evp_enc.c:837:
*** WARNING : deprecated key derivation used.
Using -iter or -pbkdf2 would be better.
*** WARNING : deprecated key derivation used.
Using -iter or -pbkdf2 would be better.
*** WARNING : deprecated key derivation used.
Using -iter or -pbkdf2 would be better.
bad decrypt
4077E006697B0000:error:1C800064:Provider routines:ossl_cipher_unpadblock:bad decrypt:../providers/implementations/ciphers/ciphercommon_block.c:124:
*** WARNING : deprecated key derivation used.
Using -iter or -pbkdf2 would be better.
bad decrypt
40176C6A4D7C0000:error:1C800064:Provider routines:ossl_cipher_unpadblock:bad decrypt:../providers/implementations/ciphers/ciphercommon_block.c:124:
*** WARNING : deprecated key derivation used.
Using -iter or -pbkdf2 would be better.
bad decrypt
4097F30DAA7A0000:error:1C800064:Provider routines:ossl_cipher_unpadblock:bad decrypt:../providers/implementations/ciphers/ciphercommon_block.c:124:
*** WARNING : deprecated key derivation used.
Using -iter or -pbkdf2 would be better.
*** WARNING : deprecated key derivation used.
Using -iter or -pbkdf2 would be better.
*** WARNING : deprecated key derivation used.
Using -iter or -pbkdf2 would be better.
*** WARNING : deprecated key derivation used.
Using -iter or -pbkdf2 would be better.
*** WARNING : deprecated key derivation used.
Using -iter or -pbkdf2 would be better.
*** WARNING : deprecated key derivation used.
Using -iter or -pbkdf2 would be better.
*** WARNING : deprecated key derivation used.
Using -iter or -pbkdf2 would be better.
*** WARNING : deprecated key derivation used.
Using -iter or -pbkdf2 would be better.
*** WARNING : deprecated key derivation used.
Using -iter or -pbkdf2 would be better.
*** WARNING : deprecated key derivation used.
Using -iter or -pbkdf2 would be better.
*** WARNING : deprecated key derivation used.
Using -iter or -pbkdf2 would be better.
*** WARNING : deprecated key derivation used.
Using -iter or -pbkdf2 would be better.
*** WARNING : deprecated key derivation used.
Using -iter or -pbkdf2 would be better.
bad decrypt
40D79C48A57C0000:error:1C800064:Provider routines:ossl_cipher_unpadblock:bad decrypt:../providers/implementations/ciphers/ciphercommon_block.c:124:
*** WARNING : deprecated key derivation used.
Using -iter or -pbkdf2 would be better.
bad decrypt
405721698B750000:error:1C800064:Provider routines:ossl_cipher_unpadblock:bad decrypt:../providers/implementations/ciphers/ciphercommon_block.c:124:
*** WARNING : deprecated key derivation used.
Using -iter or -pbkdf2 would be better.
bad decrypt
4077FD3BCB750000:error:1C800064:Provider routines:ossl_cipher_unpadblock:bad decrypt:../providers/implementations/ciphers/ciphercommon_block.c:124:
*** WARNING : deprecated key derivation used.
Using -iter or -pbkdf2 would be better.
*** WARNING : deprecated key derivation used.
Using -iter or -pbkdf2 would be better.
*** WARNING : deprecated key derivation used.
Using -iter or -pbkdf2 would be better.
*** WARNING : deprecated key derivation used.
Using -iter or -pbkdf2 would be better.
bad decrypt
40471C59D7740000:error:1C800064:Provider routines:ossl_cipher_unpadblock:bad decrypt:../providers/implementations/ciphers/ciphercommon_block.c:124:
*** WARNING : deprecated key derivation used.
Using -iter or -pbkdf2 would be better.
bad decrypt
40E74B0E63750000:error:1C800064:Provider routines:ossl_cipher_unpadblock:bad decrypt:../providers/implementations/ciphers/ciphercommon_block.c:124:
*** WARNING : deprecated key derivation used.
Using -iter or -pbkdf2 would be better.
bad decrypt
400701D4427C0000:error:1C800064:Provider routines:ossl_cipher_unpadblock:bad decrypt:../providers/implementations/ciphers/ciphercommon_block.c:124:
*** WARNING : deprecated key derivation used.
Using -iter or -pbkdf2 would be better.
*** WARNING : deprecated key derivation used.
Using -iter or -pbkdf2 would be better.
*** WARNING : deprecated key derivation used.
Using -iter or -pbkdf2 would be better.
*** WARNING : deprecated key derivation used.
Using -iter or -pbkdf2 would be better.
*** WARNING : deprecated key derivation used.
Using -iter or -pbkdf2 would be better.
*** WARNING : deprecated key derivation used.
Using -iter or -pbkdf2 would be better.
*** WARNING : deprecated key derivation used.
Using -iter or -pbkdf2 would be better.
*** WARNING : deprecated key derivation used.
Using -iter or -pbkdf2 would be better.
*** WARNING : deprecated key derivation used.
Using -iter or -pbkdf2 would be better.
*** WARNING : deprecated key derivation used.
Using -iter or -pbkdf2 would be better.
*** WARNING : deprecated key derivation used.
Using -iter or -pbkdf2 would be better.
*** WARNING : deprecated key derivation used.
Using -iter or -pbkdf2 would be better.
*** WARNING : deprecated key derivation used.
Using -iter or -pbkdf2 would be better.
bad decrypt
40371BE756780000:error:1C800064:Provider routines:ossl_cipher_unpadblock:bad decrypt:../providers/implementations/ciphers/ciphercommon_block.c:124:
*** WARNING : deprecated key derivation used.
Using -iter or -pbkdf2 would be better.
bad decrypt
4097E1605D720000:error:1C800064:Provider routines:ossl_cipher_unpadblock:bad decrypt:../providers/implementations/ciphers/ciphercommon_block.c:124:
*** WARNING : deprecated key derivation used.
Using -iter or -pbkdf2 would be better.
bad decrypt
4027DA1CE77B0000:error:1C800064:Provider routines:ossl_cipher_unpadblock:bad decrypt:../providers/implementations/ciphers/ciphercommon_block.c:124:
*** WARNING : deprecated key derivation used.
Using -iter or -pbkdf2 would be better.
*** WARNING : deprecated key derivation used.
Using -iter or -pbkdf2 would be better.
*** WARNING : deprecated key derivation used.
Using -iter or -pbkdf2 would be better.
*** WARNING : deprecated key derivation used.
Using -iter or -pbkdf2 would be better.
bad decrypt
4057EE0293710000:error:1C800064:Provider routines:ossl_cipher_unpadblock:bad decrypt:../providers/implementations/ciphers/ciphercommon_block.c:124:
*** WARNING : deprecated key derivation used.
Using -iter or -pbkdf2 would be better.
bad decrypt
4067A61E49760000:error:1C800064:Provider routines:ossl_cipher_unpadblock:bad decrypt:../providers/implementations/ciphers/ciphercommon_block.c:124:
*** WARNING : deprecated key derivation used.
Using -iter or -pbkdf2 would be better.
bad decrypt
40071CD5B97D0000:error:1C800064:Provider routines:ossl_cipher_unpadblock:bad decrypt:../providers/implementations/ciphers/ciphercommon_block.c:124:
*** WARNING : deprecated key derivation used.
Using -iter or -pbkdf2 would be better.
*** WARNING : deprecated key derivation used.
Using -iter or -pbkdf2 would be better.
*** WARNING : deprecated key derivation used.
Using -iter or -pbkdf2 would be better.
*** WARNING : deprecated key derivation used.
Using -iter or -pbkdf2 would be better.
*** WARNING : deprecated key derivation used.
Using -iter or -pbkdf2 would be better.
*** WARNING : deprecated key derivation used.
Using -iter or -pbkdf2 would be better.
*** WARNING : deprecated key derivation used.
Using -iter or -pbkdf2 would be better.
*** WARNING : deprecated key derivation used.
Using -iter or -pbkdf2 would be better.
*** WARNING : deprecated key derivation used.
Using -iter or -pbkdf2 would be better.
*** WARNING : deprecated key derivation used.
Using -iter or -pbkdf2 would be better.
*** WARNING : deprecated key derivation used.
Using -iter or -pbkdf2 would be better.
*** WARNING : deprecated key derivation used.
Using -iter or -pbkdf2 would be better.
*** WARNING : deprecated key derivation used.
Using -iter or -pbkdf2 would be better.
bad decrypt
406766BD87740000:error:1C800064:Provider routines:ossl_cipher_unpadblock:bad decrypt:../providers/implementations/ciphers/ciphercommon_block.c:124:
*** WARNING : deprecated key derivation used.
Using -iter or -pbkdf2 would be better.
bad decrypt
40773687B27F0000:error:1C800064:Provider routines:ossl_cipher_unpadblock:bad decrypt:../providers/implementations/ciphers/ciphercommon_block.c:124:
*** WARNING : deprecated key derivation used.
Using -iter or -pbkdf2 would be better.
bad decrypt
40670989C97C0000:error:1C800064:Provider routines:ossl_cipher_unpadblock:bad decrypt:../providers/implementations/ciphers/ciphercommon_block.c:124:
*** WARNING : deprecated key derivation used.
Using -iter or -pbkdf2 would be better.
*** WARNING : deprecated key derivation used.
Using -iter or -pbkdf2 would be better.
*** WARNING : deprecated key derivation used.
Using -iter or -pbkdf2 would be better.
*** WARNING : deprecated key derivation used.
Using -iter or -pbkdf2 would be better.
bad decrypt
40F75B03A2750000:error:1C800064:Provider routines:ossl_cipher_unpadblock:bad decrypt:../providers/implementations/ciphers/ciphercommon_block.c:124:
*** WARNING : deprecated key derivation used.
Using -iter or -pbkdf2 would be better.
bad decrypt
4077FAF3B5780000:error:1C800064:Provider routines:ossl_cipher_unpadblock:bad decrypt:../providers/implementations/ciphers/ciphercommon_block.c:124:
*** WARNING : deprecated key derivation used.
Using -iter or -pbkdf2 would be better.
bad decrypt
40B7E8D7157A0000:error:1C800064:Provider routines:ossl_cipher_unpadblock:bad decrypt:../providers/implementations/ciphers/ciphercommon_block.c:124:
*** WARNING : deprecated key derivation used.
Using -iter or -pbkdf2 would be better.
bad decrypt
40374408477E0000:error:1C800064:Provider routines:ossl_cipher_unpadblock:bad decrypt:../providers/implementations/ciphers/ciphercommon_block.c:124:
*** WARNING : deprecated key derivation used.
Using -iter or -pbkdf2 would be better.
bad decrypt
40E7DC610C7B0000:error:1C800064:Provider routines:ossl_cipher_unpadblock:bad decrypt:../providers/implementations/ciphers/ciphercommon_block.c:124:
*** WARNING : deprecated key derivation used.
Using -iter or -pbkdf2 would be better.
bad decrypt
40778C6D9E7D0000:error:1C800064:Provider routines:ossl_cipher_unpadblock:bad decrypt:../providers/implementations/ciphers/ciphercommon_block.c:124:
*** WARNING : deprecated key derivation used.
Using -iter or -pbkdf2 would be better.
bad decrypt
4007D38918710000:error:1C800064:Provider routines:ossl_cipher_unpadblock:bad decrypt:../providers/implementations/ciphers/ciphercommon_block.c:124:
*** WARNING : deprecated key derivation used.
Using -iter or -pbkdf2 would be better.
bad decrypt
4047375E247A0000:error:1C800064:Provider routines:ossl_cipher_unpadblock:bad decrypt:../providers/implementations/ciphers/ciphercommon_block.c:124:
*** WARNING : deprecated key derivation used.
Using -iter or -pbkdf2 would be better.
bad decrypt
40C73BFAD2700000:error:1C800064:Provider routines:ossl_cipher_unpadblock:bad decrypt:../providers/implementations/ciphers/ciphercommon_block.c:124:
*** WARNING : deprecated key derivation used.
Using -iter or -pbkdf2 would be better.
Error setting cipher BF-CBC
40F740F0DF7A0000:error:0308010C:digital envelope routines:inner_evp_generic_fetch:unsupported:../crypto/evp/evp_fetch.c:386:Global default library context, Algorithm (BF-CBC : 11), Properties ()
*** WARNING : deprecated key derivation used.
Using -iter or -pbkdf2 would be better.
Error setting cipher BF-CBC
40D7D35E19780000:error:0308010C:digital envelope routines:inner_evp_generic_fetch:unsupported:../crypto/evp/evp_fetch.c:386:Global default library context, Algorithm (BF-CBC : 11), Properties ()
*** WARNING : deprecated key derivation used.
Using -iter or -pbkdf2 would be better.
Error setting cipher BF-CBC
40773D05BB7F0000:error:0308010C:digital envelope routines:inner_evp_generic_fetch:unsupported:../crypto/evp/evp_fetch.c:386:Global default library context, Algorithm (BF-CBC : 11), Properties ()
*** WARNING : deprecated key derivation used.
Using -iter or -pbkdf2 would be better.
Error setting cipher BF-CBC
407762CC2A750000:error:0308010C:digital envelope routines:inner_evp_generic_fetch:unsupported:../crypto/evp/evp_fetch.c:386:Global default library context, Algorithm (BF-CBC : 11), Properties ()
*** WARNING : deprecated key derivation used.
Using -iter or -pbkdf2 would be better.
Error setting cipher BF-CBC
40273490B0730000:error:0308010C:digital envelope routines:inner_evp_generic_fetch:unsupported:../crypto/evp/evp_fetch.c:386:Global default library context, Algorithm (BF-CBC : 11), Properties ()
*** WARNING : deprecated key derivation used.
Using -iter or -pbkdf2 would be better.
Error setting cipher BF-CBC
4067A285F9740000:error:0308010C:digital envelope routines:inner_evp_generic_fetch:unsupported:../crypto/evp/evp_fetch.c:386:Global default library context, Algorithm (BF-CBC : 11), Properties ()
*** WARNING : deprecated key derivation used.
Using -iter or -pbkdf2 would be better.
Error setting cipher BF-CFB
40E789A6497B0000:error:0308010C:digital envelope routines:inner_evp_generic_fetch:unsupported:../crypto/evp/evp_fetch.c:386:Global default library context, Algorithm (BF-CFB : 0), Properties ()
*** WARNING : deprecated key derivation used.
Using -iter or -pbkdf2 would be better.
Error setting cipher BF-CFB
40179A9A80700000:error:0308010C:digital envelope routines:inner_evp_generic_fetch:unsupported:../crypto/evp/evp_fetch.c:386:Global default library context, Algorithm (BF-CFB : 0), Properties ()
*** WARNING : deprecated key derivation used.
Using -iter or -pbkdf2 would be better.
Error setting cipher BF-CFB
4007DF9C5B7C0000:error:0308010C:digital envelope routines:inner_evp_generic_fetch:unsupported:../crypto/evp/evp_fetch.c:386:Global default library context, Algorithm (BF-CFB : 0), Properties ()
*** WARNING : deprecated key derivation used.
Using -iter or -pbkdf2 would be better.
Error setting cipher BF-ECB
40F7EDC4177F0000:error:0308010C:digital envelope routines:inner_evp_generic_fetch:unsupported:../crypto/evp/evp_fetch.c:386:Global default library context, Algorithm (BF-ECB : 0), Properties ()
*** WARNING : deprecated key derivation used.
Using -iter or -pbkdf2 would be better.
Error setting cipher BF-ECB
4047906B97740000:error:0308010C:digital envelope routines:inner_evp_generic_fetch:unsupported:../crypto/evp/evp_fetch.c:386:Global default library context, Algorithm (BF-ECB : 0), Properties ()
*** WARNING : deprecated key derivation used.
Using -iter or -pbkdf2 would be better.
Error setting cipher BF-ECB
406726CDD9760000:error:0308010C:digital envelope routines:inner_evp_generic_fetch:unsupported:../crypto/evp/evp_fetch.c:386:Global default library context, Algorithm (BF-ECB : 0), Properties ()
*** WARNING : deprecated key derivation used.
Using -iter or -pbkdf2 would be better.
Error setting cipher BF-OFB
40274602357B0000:error:0308010C:digital envelope routines:inner_evp_generic_fetch:unsupported:../crypto/evp/evp_fetch.c:386:Global default library context, Algorithm (BF-OFB : 0), Properties ()
*** WARNING : deprecated key derivation used.
Using -iter or -pbkdf2 would be better.
Error setting cipher BF-OFB
40C773BFAF7E0000:error:0308010C:digital envelope routines:inner_evp_generic_fetch:unsupported:../crypto/evp/evp_fetch.c:386:Global default library context, Algorithm (BF-OFB : 0), Properties ()
*** WARNING : deprecated key derivation used.
Using -iter or -pbkdf2 would be better.
Error setting cipher BF-OFB
40C76D98FB720000:error:0308010C:digital envelope routines:inner_evp_generic_fetch:unsupported:../crypto/evp/evp_fetch.c:386:Global default library context, Algorithm (BF-OFB : 0), Properties ()
*** WARNING : deprecated key derivation used.
Using -iter or -pbkdf2 would be better.
Error setting cipher BF-CBC
40379AE06B7F0000:error:0308010C:digital envelope routines:inner_evp_generic_fetch:unsupported:../crypto/evp/evp_fetch.c:386:Global default library context, Algorithm (BF-CBC : 11), Properties ()
*** WARNING : deprecated key derivation used.
Using -iter or -pbkdf2 would be better.
Error setting cipher BF-CBC
40B743E36D770000:error:0308010C:digital envelope routines:inner_evp_generic_fetch:unsupported:../crypto/evp/evp_fetch.c:386:Global default library context, Algorithm (BF-CBC : 11), Properties ()
*** WARNING : deprecated key derivation used.
Using -iter or -pbkdf2 would be better.
Error setting cipher BF-CBC
40A779D71E7A0000:error:0308010C:digital envelope routines:inner_evp_generic_fetch:unsupported:../crypto/evp/evp_fetch.c:386:Global default library context, Algorithm (BF-CBC : 11), Properties ()
*** WARNING : deprecated key derivation used.
Using -iter or -pbkdf2 would be better.
bad decrypt
4097E7490C780000:error:1C800064:Provider routines:ossl_cipher_unpadblock:bad decrypt:../providers/implementations/ciphers/ciphercommon_block.c:124:
*** WARNING : deprecated key derivation used.
Using -iter or -pbkdf2 would be better.
bad decrypt
40479185727A0000:error:1C800064:Provider routines:ossl_cipher_unpadblock:bad decrypt:../providers/implementations/ciphers/ciphercommon_block.c:124:
*** WARNING : deprecated key derivation used.
Using -iter or -pbkdf2 would be better.
bad decrypt
400746D4F87E0000:error:1C800064:Provider routines:ossl_cipher_unpadblock:bad decrypt:../providers/implementations/ciphers/ciphercommon_block.c:124:
*** WARNING : deprecated key derivation used.
Using -iter or -pbkdf2 would be better.
*** WARNING : deprecated key derivation used.
Using -iter or -pbkdf2 would be better.
*** WARNING : deprecated key derivation used.
Using -iter or -pbkdf2 would be better.
*** WARNING : deprecated key derivation used.
Using -iter or -pbkdf2 would be better.
*** WARNING : deprecated key derivation used.
Using -iter or -pbkdf2 would be better.
*** WARNING : deprecated key derivation used.
Using -iter or -pbkdf2 would be better.
*** WARNING : deprecated key derivation used.
Using -iter or -pbkdf2 would be better.
*** WARNING : deprecated key derivation used.
Using -iter or -pbkdf2 would be better.
*** WARNING : deprecated key derivation used.
Using -iter or -pbkdf2 would be better.
*** WARNING : deprecated key derivation used.
Using -iter or -pbkdf2 would be better.
*** WARNING : deprecated key derivation used.
Using -iter or -pbkdf2 would be better.
*** WARNING : deprecated key derivation used.
Using -iter or -pbkdf2 would be better.
*** WARNING : deprecated key derivation used.
Using -iter or -pbkdf2 would be better.
bad decrypt
40A7E79051700000:error:1C800064:Provider routines:ossl_cipher_unpadblock:bad decrypt:../providers/implementations/ciphers/ciphercommon_block.c:124:
*** WARNING : deprecated key derivation used.
Using -iter or -pbkdf2 would be better.
bad decrypt
40D7FD9C4E780000:error:1C800064:Provider routines:ossl_cipher_unpadblock:bad decrypt:../providers/implementations/ciphers/ciphercommon_block.c:129:
*** WARNING : deprecated key derivation used.
Using -iter or -pbkdf2 would be better.
bad decrypt
4007D41DAD780000:error:1C800064:Provider routines:ossl_cipher_unpadblock:bad decrypt:../providers/implementations/ciphers/ciphercommon_block.c:124:
*** WARNING : deprecated key derivation used.
Using -iter or -pbkdf2 would be better.
*** WARNING : deprecated key derivation used.
Using -iter or -pbkdf2 would be better.
*** WARNING : deprecated key derivation used.
Using -iter or -pbkdf2 would be better.
*** WARNING : deprecated key derivation used.
Using -iter or -pbkdf2 would be better.
bad decrypt
40B7BC778C7A0000:error:1C800064:Provider routines:ossl_cipher_unpadblock:bad decrypt:../providers/implementations/ciphers/ciphercommon_block.c:124:
*** WARNING : deprecated key derivation used.
Using -iter or -pbkdf2 would be better.
bad decrypt
40A797DC59790000:error:1C800064:Provider routines:ossl_cipher_unpadblock:bad decrypt:../providers/implementations/ciphers/ciphercommon_block.c:124:
*** WARNING : deprecated key derivation used.
Using -iter or -pbkdf2 would be better.
bad decrypt
4027200AD27E0000:error:1C800064:Provider routines:ossl_cipher_unpadblock:bad decrypt:../providers/implementations/ciphers/ciphercommon_block.c:124:
*** WARNING : deprecated key derivation used.
Using -iter or -pbkdf2 would be better.
*** WARNING : deprecated key derivation used.
Using -iter or -pbkdf2 would be better.
*** WARNING : deprecated key derivation used.
Using -iter or -pbkdf2 would be better.
*** WARNING : deprecated key derivation used.
Using -iter or -pbkdf2 would be better.
*** WARNING : deprecated key derivation used.
Using -iter or -pbkdf2 would be better.
*** WARNING : deprecated key derivation used.
Using -iter or -pbkdf2 would be better.
*** WARNING : deprecated key derivation used.
Using -iter or -pbkdf2 would be better.
*** WARNING : deprecated key derivation used.
Using -iter or -pbkdf2 would be better.
*** WARNING : deprecated key derivation used.
Using -iter or -pbkdf2 would be better.
*** WARNING : deprecated key derivation used.
Using -iter or -pbkdf2 would be better.
*** WARNING : deprecated key derivation used.
Using -iter or -pbkdf2 would be better.
*** WARNING : deprecated key derivation used.
Using -iter or -pbkdf2 would be better.
*** WARNING : deprecated key derivation used.
Using -iter or -pbkdf2 would be better.
bad decrypt
40D77ADCB27C0000:error:1C800064:Provider routines:ossl_cipher_unpadblock:bad decrypt:../providers/implementations/ciphers/ciphercommon_block.c:124:
*** WARNING : deprecated key derivation used.
Using -iter or -pbkdf2 would be better.
bad decrypt
40C77396DA7A0000:error:1C800064:Provider routines:ossl_cipher_unpadblock:bad decrypt:../providers/implementations/ciphers/ciphercommon_block.c:124:
*** WARNING : deprecated key derivation used.
Using -iter or -pbkdf2 would be better.
bad decrypt
40E7B14DB7730000:error:1C800064:Provider routines:ossl_cipher_unpadblock:bad decrypt:../providers/implementations/ciphers/ciphercommon_block.c:124:
*** WARNING : deprecated key derivation used.
Using -iter or -pbkdf2 would be better.
*** WARNING : deprecated key derivation used.
Using -iter or -pbkdf2 would be better.
*** WARNING : deprecated key derivation used.
Using -iter or -pbkdf2 would be better.
*** WARNING : deprecated key derivation used.
Using -iter or -pbkdf2 would be better.
bad decrypt
40F7B82A25760000:error:1C800064:Provider routines:ossl_cipher_unpadblock:bad decrypt:../providers/implementations/ciphers/ciphercommon_block.c:124:
*** WARNING : deprecated key derivation used.
Using -iter or -pbkdf2 would be better.
bad decrypt
4087CB6047730000:error:1C800064:Provider routines:ossl_cipher_unpadblock:bad decrypt:../providers/implementations/ciphers/ciphercommon_block.c:124:
*** WARNING : deprecated key derivation used.
Using -iter or -pbkdf2 would be better.
bad decrypt
405739AFE7780000:error:1C800064:Provider routines:ossl_cipher_unpadblock:bad decrypt:../providers/implementations/ciphers/ciphercommon_block.c:124:
*** WARNING : deprecated key derivation used.
Using -iter or -pbkdf2 would be better.
*** WARNING : deprecated key derivation used.
Using -iter or -pbkdf2 would be better.
*** WARNING : deprecated key derivation used.
Using -iter or -pbkdf2 would be better.
*** WARNING : deprecated key derivation used.
Using -iter or -pbkdf2 would be better.
*** WARNING : deprecated key derivation used.
Using -iter or -pbkdf2 would be better.
*** WARNING : deprecated key derivation used.
Using -iter or -pbkdf2 would be better.
*** WARNING : deprecated key derivation used.
Using -iter or -pbkdf2 would be better.
*** WARNING : deprecated key derivation used.
Using -iter or -pbkdf2 would be better.
*** WARNING : deprecated key derivation used.
Using -iter or -pbkdf2 would be better.
*** WARNING : deprecated key derivation used.
Using -iter or -pbkdf2 would be better.
*** WARNING : deprecated key derivation used.
Using -iter or -pbkdf2 would be better.
*** WARNING : deprecated key derivation used.
Using -iter or -pbkdf2 would be better.
*** WARNING : deprecated key derivation used.
Using -iter or -pbkdf2 would be better.
bad decrypt
4057398795750000:error:1C800064:Provider routines:ossl_cipher_unpadblock:bad decrypt:../providers/implementations/ciphers/ciphercommon_block.c:124:
*** WARNING : deprecated key derivation used.
Using -iter or -pbkdf2 would be better.
bad decrypt
4057F284AB7B0000:error:1C800064:Provider routines:ossl_cipher_unpadblock:bad decrypt:../providers/implementations/ciphers/ciphercommon_block.c:124:
*** WARNING : deprecated key derivation used.
Using -iter or -pbkdf2 would be better.
bad decrypt
4057440B2E7C0000:error:1C800064:Provider routines:ossl_cipher_unpadblock:bad decrypt:../providers/implementations/ciphers/ciphercommon_block.c:124:
*** WARNING : deprecated key derivation used.
Using -iter or -pbkdf2 would be better.
*** WARNING : deprecated key derivation used.
Using -iter or -pbkdf2 would be better.
*** WARNING : deprecated key derivation used.
Using -iter or -pbkdf2 would be better.
*** WARNING : deprecated key derivation used.
Using -iter or -pbkdf2 would be better.
bad decrypt
403757CBAB700000:error:1C800064:Provider routines:ossl_cipher_unpadblock:bad decrypt:../providers/implementations/ciphers/ciphercommon_block.c:124:
*** WARNING : deprecated key derivation used.
Using -iter or -pbkdf2 would be better.
bad decrypt
4067E5A795730000:error:1C800064:Provider routines:ossl_cipher_unpadblock:bad decrypt:../providers/implementations/ciphers/ciphercommon_block.c:124:
*** WARNING : deprecated key derivation used.
Using -iter or -pbkdf2 would be better.
bad decrypt
40F778A8C2790000:error:1C800064:Provider routines:ossl_cipher_unpadblock:bad decrypt:../providers/implementations/ciphers/ciphercommon_block.c:124:
*** WARNING : deprecated key derivation used.
Using -iter or -pbkdf2 would be better.
bad decrypt
40F7CF9837720000:error:1C800064:Provider routines:ossl_cipher_unpadblock:bad decrypt:../providers/implementations/ciphers/ciphercommon_block.c:124:
*** WARNING : deprecated key derivation used.
Using -iter or -pbkdf2 would be better.
bad decrypt
4037AD1D207E0000:error:1C800064:Provider routines:ossl_cipher_unpadblock:bad decrypt:../providers/implementations/ciphers/ciphercommon_block.c:124:
*** WARNING : deprecated key derivation used.
Using -iter or -pbkdf2 would be better.
bad decrypt
4087A45363780000:error:1C800064:Provider routines:ossl_cipher_unpadblock:bad decrypt:../providers/implementations/ciphers/ciphercommon_block.c:124:
*** WARNING : deprecated key derivation used.
Using -iter or -pbkdf2 would be better.
bad decrypt
40D74D0EC87C0000:error:1C800064:Provider routines:ossl_cipher_unpadblock:bad decrypt:../providers/implementations/ciphers/ciphercommon_block.c:124:
*** WARNING : deprecated key derivation used.
Using -iter or -pbkdf2 would be better.
bad decrypt
40474B0922740000:error:1C800064:Provider routines:ossl_cipher_unpadblock:bad decrypt:../providers/implementations/ciphers/ciphercommon_block.c:124:
*** WARNING : deprecated key derivation used.
Using -iter or -pbkdf2 would be better.
bad decrypt
40173335637F0000:error:1C800064:Provider routines:ossl_cipher_unpadblock:bad decrypt:../providers/implementations/ciphers/ciphercommon_block.c:124:
*** WARNING : deprecated key derivation used.
Using -iter or -pbkdf2 would be better.
Error setting cipher CAST5-CBC
409770166F7A0000:error:0308010C:digital envelope routines:inner_evp_generic_fetch:unsupported:../crypto/evp/evp_fetch.c:386:Global default library context, Algorithm (CAST5-CBC : 18), Properties ()
*** WARNING : deprecated key derivation used.
Using -iter or -pbkdf2 would be better.
Error setting cipher CAST5-CBC
403795B6AF780000:error:0308010C:digital envelope routines:inner_evp_generic_fetch:unsupported:../crypto/evp/evp_fetch.c:386:Global default library context, Algorithm (CAST5-CBC : 18), Properties ()
*** WARNING : deprecated key derivation used.
Using -iter or -pbkdf2 would be better.
Error setting cipher CAST5-CBC
4037B8BFDD780000:error:0308010C:digital envelope routines:inner_evp_generic_fetch:unsupported:../crypto/evp/evp_fetch.c:386:Global default library context, Algorithm (CAST5-CBC : 18), Properties ()
*** WARNING : deprecated key derivation used.
Using -iter or -pbkdf2 would be better.
Error setting cipher CAST5-CBC
40C7BAE9E3730000:error:0308010C:digital envelope routines:inner_evp_generic_fetch:unsupported:../crypto/evp/evp_fetch.c:386:Global default library context, Algorithm (CAST5-CBC : 18), Properties ()
*** WARNING : deprecated key derivation used.
Using -iter or -pbkdf2 would be better.
Error setting cipher CAST5-CBC
4017B0EF397C0000:error:0308010C:digital envelope routines:inner_evp_generic_fetch:unsupported:../crypto/evp/evp_fetch.c:386:Global default library context, Algorithm (CAST5-CBC : 18), Properties ()
*** WARNING : deprecated key derivation used.
Using -iter or -pbkdf2 would be better.
Error setting cipher CAST5-CBC
4057E66881720000:error:0308010C:digital envelope routines:inner_evp_generic_fetch:unsupported:../crypto/evp/evp_fetch.c:386:Global default library context, Algorithm (CAST5-CBC : 18), Properties ()
*** WARNING : deprecated key derivation used.
Using -iter or -pbkdf2 would be better.
Error setting cipher CAST5-CBC
40D758B9457A0000:error:0308010C:digital envelope routines:inner_evp_generic_fetch:unsupported:../crypto/evp/evp_fetch.c:386:Global default library context, Algorithm (CAST5-CBC : 18), Properties ()
*** WARNING : deprecated key derivation used.
Using -iter or -pbkdf2 would be better.
Error setting cipher CAST5-CBC
40B73AD7A97F0000:error:0308010C:digital envelope routines:inner_evp_generic_fetch:unsupported:../crypto/evp/evp_fetch.c:386:Global default library context, Algorithm (CAST5-CBC : 18), Properties ()
*** WARNING : deprecated key derivation used.
Using -iter or -pbkdf2 would be better.
Error setting cipher CAST5-CBC
405743D2367D0000:error:0308010C:digital envelope routines:inner_evp_generic_fetch:unsupported:../crypto/evp/evp_fetch.c:386:Global default library context, Algorithm (CAST5-CBC : 18), Properties ()
*** WARNING : deprecated key derivation used.
Using -iter or -pbkdf2 would be better.
Error setting cipher CAST5-CFB
407767B7F1710000:error:0308010C:digital envelope routines:inner_evp_generic_fetch:unsupported:../crypto/evp/evp_fetch.c:386:Global default library context, Algorithm (CAST5-CFB : 0), Properties ()
*** WARNING : deprecated key derivation used.
Using -iter or -pbkdf2 would be better.
Error setting cipher CAST5-CFB
40D7B00AF67C0000:error:0308010C:digital envelope routines:inner_evp_generic_fetch:unsupported:../crypto/evp/evp_fetch.c:386:Global default library context, Algorithm (CAST5-CFB : 0), Properties ()
*** WARNING : deprecated key derivation used.
Using -iter or -pbkdf2 would be better.
Error setting cipher CAST5-CFB
4097180E0A740000:error:0308010C:digital envelope routines:inner_evp_generic_fetch:unsupported:../crypto/evp/evp_fetch.c:386:Global default library context, Algorithm (CAST5-CFB : 0), Properties ()
*** WARNING : deprecated key derivation used.
Using -iter or -pbkdf2 would be better.
Error setting cipher CAST5-ECB
4057ED0193770000:error:0308010C:digital envelope routines:inner_evp_generic_fetch:unsupported:../crypto/evp/evp_fetch.c:386:Global default library context, Algorithm (CAST5-ECB : 0), Properties ()
*** WARNING : deprecated key derivation used.
Using -iter or -pbkdf2 would be better.
Error setting cipher CAST5-ECB
4027FB2DC9710000:error:0308010C:digital envelope routines:inner_evp_generic_fetch:unsupported:../crypto/evp/evp_fetch.c:386:Global default library context, Algorithm (CAST5-ECB : 0), Properties ()
*** WARNING : deprecated key derivation used.
Using -iter or -pbkdf2 would be better.
Error setting cipher CAST5-ECB
4047AA2FCB7F0000:error:0308010C:digital envelope routines:inner_evp_generic_fetch:unsupported:../crypto/evp/evp_fetch.c:386:Global default library context, Algorithm (CAST5-ECB : 0), Properties ()
*** WARNING : deprecated key derivation used.
Using -iter or -pbkdf2 would be better.
Error setting cipher CAST5-OFB
4047C6A2C0780000:error:0308010C:digital envelope routines:inner_evp_generic_fetch:unsupported:../crypto/evp/evp_fetch.c:386:Global default library context, Algorithm (CAST5-OFB : 0), Properties ()
*** WARNING : deprecated key derivation used.
Using -iter or -pbkdf2 would be better.
Error setting cipher CAST5-OFB
4087369138710000:error:0308010C:digital envelope routines:inner_evp_generic_fetch:unsupported:../crypto/evp/evp_fetch.c:386:Global default library context, Algorithm (CAST5-OFB : 0), Properties ()
*** WARNING : deprecated key derivation used.
Using -iter or -pbkdf2 would be better.
Error setting cipher CAST5-OFB
40D7175952780000:error:0308010C:digital envelope routines:inner_evp_generic_fetch:unsupported:../crypto/evp/evp_fetch.c:386:Global default library context, Algorithm (CAST5-OFB : 0), Properties ()
*** WARNING : deprecated key derivation used.
Using -iter or -pbkdf2 would be better.
*** WARNING : deprecated key derivation used.
Using -iter or -pbkdf2 would be better.
*** WARNING : deprecated key derivation used.
Using -iter or -pbkdf2 would be better.
*** WARNING : deprecated key derivation used.
Using -iter or -pbkdf2 would be better.
Error setting cipher DES-CBC
40476B99AD7C0000:error:0308010C:digital envelope routines:inner_evp_generic_fetch:unsupported:../crypto/evp/evp_fetch.c:386:Global default library context, Algorithm (DES-CBC : 8), Properties ()
*** WARNING : deprecated key derivation used.
Using -iter or -pbkdf2 would be better.
Error setting cipher DES-CBC
40C7F3FA29770000:error:0308010C:digital envelope routines:inner_evp_generic_fetch:unsupported:../crypto/evp/evp_fetch.c:386:Global default library context, Algorithm (DES-CBC : 8), Properties ()
*** WARNING : deprecated key derivation used.
Using -iter or -pbkdf2 would be better.
Error setting cipher DES-CBC
40B7CFCAA97A0000:error:0308010C:digital envelope routines:inner_evp_generic_fetch:unsupported:../crypto/evp/evp_fetch.c:386:Global default library context, Algorithm (DES-CBC : 8), Properties ()
*** WARNING : deprecated key derivation used.
Using -iter or -pbkdf2 would be better.
Error setting cipher DES-CBC
4087E61C23740000:error:0308010C:digital envelope routines:inner_evp_generic_fetch:unsupported:../crypto/evp/evp_fetch.c:386:Global default library context, Algorithm (DES-CBC : 8), Properties ()
*** WARNING : deprecated key derivation used.
Using -iter or -pbkdf2 would be better.
Error setting cipher DES-CBC
4047AD417F7E0000:error:0308010C:digital envelope routines:inner_evp_generic_fetch:unsupported:../crypto/evp/evp_fetch.c:386:Global default library context, Algorithm (DES-CBC : 8), Properties ()
*** WARNING : deprecated key derivation used.
Using -iter or -pbkdf2 would be better.
Error setting cipher DES-CBC
40B7ED25E47D0000:error:0308010C:digital envelope routines:inner_evp_generic_fetch:unsupported:../crypto/evp/evp_fetch.c:386:Global default library context, Algorithm (DES-CBC : 8), Properties ()
*** WARNING : deprecated key derivation used.
Using -iter or -pbkdf2 would be better.
Error setting cipher DES-CFB
4087B82DAB740000:error:0308010C:digital envelope routines:inner_evp_generic_fetch:unsupported:../crypto/evp/evp_fetch.c:386:Global default library context, Algorithm (DES-CFB : 38), Properties ()
*** WARNING : deprecated key derivation used.
Using -iter or -pbkdf2 would be better.
Error setting cipher DES-CFB
4057F216AC7E0000:error:0308010C:digital envelope routines:inner_evp_generic_fetch:unsupported:../crypto/evp/evp_fetch.c:386:Global default library context, Algorithm (DES-CFB : 38), Properties ()
*** WARNING : deprecated key derivation used.
Using -iter or -pbkdf2 would be better.
Error setting cipher DES-CFB
4067EA8307700000:error:0308010C:digital envelope routines:inner_evp_generic_fetch:unsupported:../crypto/evp/evp_fetch.c:386:Global default library context, Algorithm (DES-CFB : 38), Properties ()
*** WARNING : deprecated key derivation used.
Using -iter or -pbkdf2 would be better.
Error setting cipher DES-CFB1
409749DA1F770000:error:0308010C:digital envelope routines:inner_evp_generic_fetch:unsupported:../crypto/evp/evp_fetch.c:386:Global default library context, Algorithm (DES-CFB1 : 0), Properties ()
*** WARNING : deprecated key derivation used.
Using -iter or -pbkdf2 would be better.
Error setting cipher DES-CFB1
40674F46CD730000:error:0308010C:digital envelope routines:inner_evp_generic_fetch:unsupported:../crypto/evp/evp_fetch.c:386:Global default library context, Algorithm (DES-CFB1 : 0), Properties ()
*** WARNING : deprecated key derivation used.
Using -iter or -pbkdf2 would be better.
Error setting cipher DES-CFB1
40B7EAD6077B0000:error:0308010C:digital envelope routines:inner_evp_generic_fetch:unsupported:../crypto/evp/evp_fetch.c:386:Global default library context, Algorithm (DES-CFB1 : 0), Properties ()
*** WARNING : deprecated key derivation used.
Using -iter or -pbkdf2 would be better.
Error setting cipher DES-CFB8
4047B1F1557F0000:error:0308010C:digital envelope routines:inner_evp_generic_fetch:unsupported:../crypto/evp/evp_fetch.c:386:Global default library context, Algorithm (DES-CFB8 : 0), Properties ()
*** WARNING : deprecated key derivation used.
Using -iter or -pbkdf2 would be better.
Error setting cipher DES-CFB8
406742ECDE770000:error:0308010C:digital envelope routines:inner_evp_generic_fetch:unsupported:../crypto/evp/evp_fetch.c:386:Global default library context, Algorithm (DES-CFB8 : 0), Properties ()
*** WARNING : deprecated key derivation used.
Using -iter or -pbkdf2 would be better.
Error setting cipher DES-CFB8
404746DC28790000:error:0308010C:digital envelope routines:inner_evp_generic_fetch:unsupported:../crypto/evp/evp_fetch.c:386:Global default library context, Algorithm (DES-CFB8 : 0), Properties ()
*** WARNING : deprecated key derivation used.
Using -iter or -pbkdf2 would be better.
Error setting cipher DES-ECB
40978470867B0000:error:0308010C:digital envelope routines:inner_evp_generic_fetch:unsupported:../crypto/evp/evp_fetch.c:386:Global default library context, Algorithm (DES-ECB : 1), Properties ()
*** WARNING : deprecated key derivation used.
Using -iter or -pbkdf2 would be better.
Error setting cipher DES-ECB
40B792C526730000:error:0308010C:digital envelope routines:inner_evp_generic_fetch:unsupported:../crypto/evp/evp_fetch.c:386:Global default library context, Algorithm (DES-ECB : 1), Properties ()
*** WARNING : deprecated key derivation used.
Using -iter or -pbkdf2 would be better.
Error setting cipher DES-ECB
40578CC3CA750000:error:0308010C:digital envelope routines:inner_evp_generic_fetch:unsupported:../crypto/evp/evp_fetch.c:386:Global default library context, Algorithm (DES-ECB : 1), Properties ()
*** WARNING : deprecated key derivation used.
Using -iter or -pbkdf2 would be better.
bad decrypt
4027C23F877A0000:error:1C800064:Provider routines:ossl_cipher_unpadblock:bad decrypt:../providers/implementations/ciphers/ciphercommon_block.c:124:
*** WARNING : deprecated key derivation used.
Using -iter or -pbkdf2 would be better.
bad decrypt
4077E57DEC730000:error:1C800064:Provider routines:ossl_cipher_unpadblock:bad decrypt:../providers/implementations/ciphers/ciphercommon_block.c:124:
*** WARNING : deprecated key derivation used.
Using -iter or -pbkdf2 would be better.
bad decrypt
40E77A41F8730000:error:1C800064:Provider routines:ossl_cipher_unpadblock:bad decrypt:../providers/implementations/ciphers/ciphercommon_block.c:124:
*** WARNING : deprecated key derivation used.
Using -iter or -pbkdf2 would be better.
bad decrypt
40A7AC0ABE720000:error:1C800064:Provider routines:ossl_cipher_unpadblock:bad decrypt:../providers/implementations/ciphers/ciphercommon_block.c:124:
*** WARNING : deprecated key derivation used.
Using -iter or -pbkdf2 would be better.
bad decrypt
40D709585B760000:error:1C800064:Provider routines:ossl_cipher_unpadblock:bad decrypt:../providers/implementations/ciphers/ciphercommon_block.c:124:
*** WARNING : deprecated key derivation used.
Using -iter or -pbkdf2 would be better.
bad decrypt
4027B5DDD1750000:error:1C800064:Provider routines:ossl_cipher_unpadblock:bad decrypt:../providers/implementations/ciphers/ciphercommon_block.c:124:
*** WARNING : deprecated key derivation used.
Using -iter or -pbkdf2 would be better.
*** WARNING : deprecated key derivation used.
Using -iter or -pbkdf2 would be better.
*** WARNING : deprecated key derivation used.
Using -iter or -pbkdf2 would be better.
*** WARNING : deprecated key derivation used.
Using -iter or -pbkdf2 would be better.
bad decrypt
40173F1C347A0000:error:1C800064:Provider routines:ossl_cipher_unpadblock:bad decrypt:../providers/implementations/ciphers/ciphercommon_block.c:124:
*** WARNING : deprecated key derivation used.
Using -iter or -pbkdf2 would be better.
bad decrypt
4027C84EF57C0000:error:1C800064:Provider routines:ossl_cipher_unpadblock:bad decrypt:../providers/implementations/ciphers/ciphercommon_block.c:124:
*** WARNING : deprecated key derivation used.
Using -iter or -pbkdf2 would be better.
bad decrypt
4017E08C3F7F0000:error:1C800064:Provider routines:ossl_cipher_unpadblock:bad decrypt:../providers/implementations/ciphers/ciphercommon_block.c:124:
*** WARNING : deprecated key derivation used.
Using -iter or -pbkdf2 would be better.
*** WARNING : deprecated key derivation used.
Using -iter or -pbkdf2 would be better.
*** WARNING : deprecated key derivation used.
Using -iter or -pbkdf2 would be better.
*** WARNING : deprecated key derivation used.
Using -iter or -pbkdf2 would be better.
bad decrypt
405708EACB7A0000:error:1C800064:Provider routines:ossl_cipher_unpadblock:bad decrypt:../providers/implementations/ciphers/ciphercommon_block.c:124:
*** WARNING : deprecated key derivation used.
Using -iter or -pbkdf2 would be better.
bad decrypt
40B77C863B740000:error:1C800064:Provider routines:ossl_cipher_unpadblock:bad decrypt:../providers/implementations/ciphers/ciphercommon_block.c:124:
*** WARNING : deprecated key derivation used.
Using -iter or -pbkdf2 would be better.
bad decrypt
40C778B1E87D0000:error:1C800064:Provider routines:ossl_cipher_unpadblock:bad decrypt:../providers/implementations/ciphers/ciphercommon_block.c:124:
*** WARNING : deprecated key derivation used.
Using -iter or -pbkdf2 would be better.
bad decrypt
40A7F368CB7C0000:error:1C800064:Provider routines:ossl_cipher_unpadblock:bad decrypt:../providers/implementations/ciphers/ciphercommon_block.c:124:
*** WARNING : deprecated key derivation used.
Using -iter or -pbkdf2 would be better.
bad decrypt
4037390CF8740000:error:1C800064:Provider routines:ossl_cipher_unpadblock:bad decrypt:../providers/implementations/ciphers/ciphercommon_block.c:124:
*** WARNING : deprecated key derivation used.
Using -iter or -pbkdf2 would be better.
bad decrypt
40C78388FF710000:error:1C800064:Provider routines:ossl_cipher_unpadblock:bad decrypt:../providers/implementations/ciphers/ciphercommon_block.c:124:
*** WARNING : deprecated key derivation used.
Using -iter or -pbkdf2 would be better.
*** WARNING : deprecated key derivation used.
Using -iter or -pbkdf2 would be better.
*** WARNING : deprecated key derivation used.
Using -iter or -pbkdf2 would be better.
*** WARNING : deprecated key derivation used.
Using -iter or -pbkdf2 would be better.
*** WARNING : deprecated key derivation used.
Using -iter or -pbkdf2 would be better.
*** WARNING : deprecated key derivation used.
Using -iter or -pbkdf2 would be better.
*** WARNING : deprecated key derivation used.
Using -iter or -pbkdf2 would be better.
*** WARNING : deprecated key derivation used.
Using -iter or -pbkdf2 would be better.
*** WARNING : deprecated key derivation used.
Using -iter or -pbkdf2 would be better.
*** WARNING : deprecated key derivation used.
Using -iter or -pbkdf2 would be better.
bad decrypt
4017DF7F62710000:error:1C800064:Provider routines:ossl_cipher_unpadblock:bad decrypt:../providers/implementations/ciphers/ciphercommon_block.c:124:
*** WARNING : deprecated key derivation used.
Using -iter or -pbkdf2 would be better.
bad decrypt
4037E423AA710000:error:1C800064:Provider routines:ossl_cipher_unpadblock:bad decrypt:../providers/implementations/ciphers/ciphercommon_block.c:124:
*** WARNING : deprecated key derivation used.
Using -iter or -pbkdf2 would be better.
bad decrypt
40A77DC359710000:error:1C800064:Provider routines:ossl_cipher_unpadblock:bad decrypt:../providers/implementations/ciphers/ciphercommon_block.c:124:
*** WARNING : deprecated key derivation used.
Using -iter or -pbkdf2 would be better.
*** WARNING : deprecated key derivation used.
Using -iter or -pbkdf2 would be better.
*** WARNING : deprecated key derivation used.
Using -iter or -pbkdf2 would be better.
*** WARNING : deprecated key derivation used.
Using -iter or -pbkdf2 would be better.
Error setting cipher DES-OFB
4097A0CB20760000:error:0308010C:digital envelope routines:inner_evp_generic_fetch:unsupported:../crypto/evp/evp_fetch.c:386:Global default library context, Algorithm (DES-OFB : 66), Properties ()
*** WARNING : deprecated key derivation used.
Using -iter or -pbkdf2 would be better.
Error setting cipher DES-OFB
4047A35995760000:error:0308010C:digital envelope routines:inner_evp_generic_fetch:unsupported:../crypto/evp/evp_fetch.c:386:Global default library context, Algorithm (DES-OFB : 66), Properties ()
*** WARNING : deprecated key derivation used.
Using -iter or -pbkdf2 would be better.
Error setting cipher DES-OFB
40E781DF69700000:error:0308010C:digital envelope routines:inner_evp_generic_fetch:unsupported:../crypto/evp/evp_fetch.c:386:Global default library context, Algorithm (DES-OFB : 66), Properties ()
*** WARNING : deprecated key derivation used.
Using -iter or -pbkdf2 would be better.
bad decrypt
406770F4A27E0000:error:1C800064:Provider routines:ossl_cipher_unpadblock:bad decrypt:../providers/implementations/ciphers/ciphercommon_block.c:124:
*** WARNING : deprecated key derivation used.
Using -iter or -pbkdf2 would be better.
bad decrypt
40773C75EC760000:error:1C800064:Provider routines:ossl_cipher_unpadblock:bad decrypt:../providers/implementations/ciphers/ciphercommon_block.c:124:
*** WARNING : deprecated key derivation used.
Using -iter or -pbkdf2 would be better.
bad decrypt
40971E02E9730000:error:1C800064:Provider routines:ossl_cipher_unpadblock:bad decrypt:../providers/implementations/ciphers/ciphercommon_block.c:124:
*** WARNING : deprecated key derivation used.
Using -iter or -pbkdf2 would be better.
error writing output file
40C7CE016D720000:error:1C800066:Provider routines:tdes_wrap_update:cipher operation failed:../providers/implementations/ciphers/cipher_tdes_wrap.c:164:
*** WARNING : deprecated key derivation used.
Using -iter or -pbkdf2 would be better.
*** WARNING : deprecated key derivation used.
Using -iter or -pbkdf2 would be better.
*** WARNING : deprecated key derivation used.
Using -iter or -pbkdf2 would be better.
Error setting cipher DESX-CBC
40777EEF137D0000:error:0308010C:digital envelope routines:inner_evp_generic_fetch:unsupported:../crypto/evp/evp_fetch.c:386:Global default library context, Algorithm (DESX-CBC : 0), Properties ()
*** WARNING : deprecated key derivation used.
Using -iter or -pbkdf2 would be better.
Error setting cipher DESX-CBC
40F781B6F2760000:error:0308010C:digital envelope routines:inner_evp_generic_fetch:unsupported:../crypto/evp/evp_fetch.c:386:Global default library context, Algorithm (DESX-CBC : 0), Properties ()
*** WARNING : deprecated key derivation used.
Using -iter or -pbkdf2 would be better.
Error setting cipher DESX-CBC
40075998A2710000:error:0308010C:digital envelope routines:inner_evp_generic_fetch:unsupported:../crypto/evp/evp_fetch.c:386:Global default library context, Algorithm (DESX-CBC : 0), Properties ()
*** WARNING : deprecated key derivation used.
Using -iter or -pbkdf2 would be better.
Error setting cipher DESX-CBC
40E7F3F212780000:error:0308010C:digital envelope routines:inner_evp_generic_fetch:unsupported:../crypto/evp/evp_fetch.c:386:Global default library context, Algorithm (DESX-CBC : 0), Properties ()
*** WARNING : deprecated key derivation used.
Using -iter or -pbkdf2 would be better.
Error setting cipher DESX-CBC
40C7F6CAA3790000:error:0308010C:digital envelope routines:inner_evp_generic_fetch:unsupported:../crypto/evp/evp_fetch.c:386:Global default library context, Algorithm (DESX-CBC : 0), Properties ()
*** WARNING : deprecated key derivation used.
Using -iter or -pbkdf2 would be better.
Error setting cipher DESX-CBC
4037D588E27A0000:error:0308010C:digital envelope routines:inner_evp_generic_fetch:unsupported:../crypto/evp/evp_fetch.c:386:Global default library context, Algorithm (DESX-CBC : 0), Properties ()
*** WARNING : deprecated key derivation used.
Using -iter or -pbkdf2 would be better.
error writing output file
40470872BF700000:error:1C800066:Provider routines:aes_wrap_cipher_internal:cipher operation failed:../providers/implementations/ciphers/cipher_aes_wrp.c:212:
40470872BF700000:error:030000BD:digital envelope routines:EVP_DecryptUpdate:update error:../crypto/evp/evp_enc.c:837:
*** WARNING : deprecated key derivation used.
Using -iter or -pbkdf2 would be better.
*** WARNING : deprecated key derivation used.
Using -iter or -pbkdf2 would be better.
*** WARNING : deprecated key derivation used.
Using -iter or -pbkdf2 would be better.
error writing output file
402782DA56710000:error:1C800066:Provider routines:aes_wrap_cipher_internal:cipher operation failed:../providers/implementations/ciphers/cipher_aes_wrp.c:212:
402782DA56710000:error:030000BD:digital envelope routines:EVP_DecryptUpdate:update error:../crypto/evp/evp_enc.c:837:
*** WARNING : deprecated key derivation used.
Using -iter or -pbkdf2 would be better.
*** WARNING : deprecated key derivation used.
Using -iter or -pbkdf2 would be better.
*** WARNING : deprecated key derivation used.
Using -iter or -pbkdf2 would be better.
error writing output file
40A73CC056720000:error:1C800066:Provider routines:aes_wrap_cipher_internal:cipher operation failed:../providers/implementations/ciphers/cipher_aes_wrp.c:212:
40A73CC056720000:error:030000BD:digital envelope routines:EVP_DecryptUpdate:update error:../crypto/evp/evp_enc.c:837:
*** WARNING : deprecated key derivation used.
Using -iter or -pbkdf2 would be better.
*** WARNING : deprecated key derivation used.
Using -iter or -pbkdf2 would be better.
*** WARNING : deprecated key derivation used.
Using -iter or -pbkdf2 would be better.
error writing output file
4027810A75770000:error:1C800066:Provider routines:aes_wrap_cipher_internal:cipher operation failed:../providers/implementations/ciphers/cipher_aes_wrp.c:212:
4027810A75770000:error:030000BD:digital envelope routines:EVP_DecryptUpdate:update error:../crypto/evp/evp_enc.c:837:
*** WARNING : deprecated key derivation used.
Using -iter or -pbkdf2 would be better.
*** WARNING : deprecated key derivation used.
Using -iter or -pbkdf2 would be better.
*** WARNING : deprecated key derivation used.
Using -iter or -pbkdf2 would be better.
error writing output file
40B77F04BE7D0000:error:1C800066:Provider routines:aes_wrap_cipher_internal:cipher operation failed:../providers/implementations/ciphers/cipher_aes_wrp.c:212:
40B77F04BE7D0000:error:030000BD:digital envelope routines:EVP_DecryptUpdate:update error:../crypto/evp/evp_enc.c:837:
*** WARNING : deprecated key derivation used.
Using -iter or -pbkdf2 would be better.
*** WARNING : deprecated key derivation used.
Using -iter or -pbkdf2 would be better.
*** WARNING : deprecated key derivation used.
Using -iter or -pbkdf2 would be better.
error writing output file
409733553B710000:error:1C800066:Provider routines:aes_wrap_cipher_internal:cipher operation failed:../providers/implementations/ciphers/cipher_aes_wrp.c:212:
409733553B710000:error:030000BD:digital envelope routines:EVP_DecryptUpdate:update error:../crypto/evp/evp_enc.c:837:
*** WARNING : deprecated key derivation used.
Using -iter or -pbkdf2 would be better.
*** WARNING : deprecated key derivation used.
Using -iter or -pbkdf2 would be better.
*** WARNING : deprecated key derivation used.
Using -iter or -pbkdf2 would be better.
error writing output file
40F7653B9F760000:error:1C800066:Provider routines:tdes_wrap_update:cipher operation failed:../providers/implementations/ciphers/cipher_tdes_wrap.c:164:
*** WARNING : deprecated key derivation used.
Using -iter or -pbkdf2 would be better.
*** WARNING : deprecated key derivation used.
Using -iter or -pbkdf2 would be better.
*** WARNING : deprecated key derivation used.
Using -iter or -pbkdf2 would be better.
Error setting cipher RC2-CBC
4067B95584750000:error:0308010C:digital envelope routines:inner_evp_generic_fetch:unsupported:../crypto/evp/evp_fetch.c:386:Global default library context, Algorithm (RC2-CBC : 4), Properties ()
*** WARNING : deprecated key derivation used.
Using -iter or -pbkdf2 would be better.
Error setting cipher RC2-CBC
405732D2F87E0000:error:0308010C:digital envelope routines:inner_evp_generic_fetch:unsupported:../crypto/evp/evp_fetch.c:386:Global default library context, Algorithm (RC2-CBC : 4), Properties ()
*** WARNING : deprecated key derivation used.
Using -iter or -pbkdf2 would be better.
Error setting cipher RC2-CBC
403714860F7E0000:error:0308010C:digital envelope routines:inner_evp_generic_fetch:unsupported:../crypto/evp/evp_fetch.c:386:Global default library context, Algorithm (RC2-CBC : 4), Properties ()
*** WARNING : deprecated key derivation used.
Using -iter or -pbkdf2 would be better.
Error setting cipher RC2-CBC
40D75089F5730000:error:0308010C:digital envelope routines:inner_evp_generic_fetch:unsupported:../crypto/evp/evp_fetch.c:386:Global default library context, Algorithm (RC2-CBC : 4), Properties ()
*** WARNING : deprecated key derivation used.
Using -iter or -pbkdf2 would be better.
Error setting cipher RC2-CBC
40175778317D0000:error:0308010C:digital envelope routines:inner_evp_generic_fetch:unsupported:../crypto/evp/evp_fetch.c:386:Global default library context, Algorithm (RC2-CBC : 4), Properties ()
*** WARNING : deprecated key derivation used.
Using -iter or -pbkdf2 would be better.
Error setting cipher RC2-CBC
403735CDA77F0000:error:0308010C:digital envelope routines:inner_evp_generic_fetch:unsupported:../crypto/evp/evp_fetch.c:386:Global default library context, Algorithm (RC2-CBC : 4), Properties ()
*** WARNING : deprecated key derivation used.
Using -iter or -pbkdf2 would be better.
Error setting cipher RC2-40-CBC
4097C1618D730000:error:0308010C:digital envelope routines:inner_evp_generic_fetch:unsupported:../crypto/evp/evp_fetch.c:386:Global default library context, Algorithm (RC2-40-CBC : 0), Properties ()
*** WARNING : deprecated key derivation used.
Using -iter or -pbkdf2 would be better.
Error setting cipher RC2-40-CBC
40B72DE0A7700000:error:0308010C:digital envelope routines:inner_evp_generic_fetch:unsupported:../crypto/evp/evp_fetch.c:386:Global default library context, Algorithm (RC2-40-CBC : 0), Properties ()
*** WARNING : deprecated key derivation used.
Using -iter or -pbkdf2 would be better.
Error setting cipher RC2-40-CBC
405707F36B740000:error:0308010C:digital envelope routines:inner_evp_generic_fetch:unsupported:../crypto/evp/evp_fetch.c:386:Global default library context, Algorithm (RC2-40-CBC : 0), Properties ()
*** WARNING : deprecated key derivation used.
Using -iter or -pbkdf2 would be better.
Error setting cipher RC2-40-CBC
40E79B4EFC6F0000:error:0308010C:digital envelope routines:inner_evp_generic_fetch:unsupported:../crypto/evp/evp_fetch.c:386:Global default library context, Algorithm (RC2-40-CBC : 0), Properties ()
*** WARNING : deprecated key derivation used.
Using -iter or -pbkdf2 would be better.
Error setting cipher RC2-40-CBC
40D700A1AF770000:error:0308010C:digital envelope routines:inner_evp_generic_fetch:unsupported:../crypto/evp/evp_fetch.c:386:Global default library context, Algorithm (RC2-40-CBC : 0), Properties ()
*** WARNING : deprecated key derivation used.
Using -iter or -pbkdf2 would be better.
Error setting cipher RC2-40-CBC
40F7B6C259790000:error:0308010C:digital envelope routines:inner_evp_generic_fetch:unsupported:../crypto/evp/evp_fetch.c:386:Global default library context, Algorithm (RC2-40-CBC : 0), Properties ()
*** WARNING : deprecated key derivation used.
Using -iter or -pbkdf2 would be better.
Error setting cipher RC2-64-CBC
4097F9F9B37A0000:error:0308010C:digital envelope routines:inner_evp_generic_fetch:unsupported:../crypto/evp/evp_fetch.c:386:Global default library context, Algorithm (RC2-64-CBC : 0), Properties ()
*** WARNING : deprecated key derivation used.
Using -iter or -pbkdf2 would be better.
Error setting cipher RC2-64-CBC
40E7F5119A750000:error:0308010C:digital envelope routines:inner_evp_generic_fetch:unsupported:../crypto/evp/evp_fetch.c:386:Global default library context, Algorithm (RC2-64-CBC : 0), Properties ()
*** WARNING : deprecated key derivation used.
Using -iter or -pbkdf2 would be better.
Error setting cipher RC2-64-CBC
40B7EAB3A8730000:error:0308010C:digital envelope routines:inner_evp_generic_fetch:unsupported:../crypto/evp/evp_fetch.c:386:Global default library context, Algorithm (RC2-64-CBC : 0), Properties ()
*** WARNING : deprecated key derivation used.
Using -iter or -pbkdf2 would be better.
Error setting cipher RC2-64-CBC
401782740E7E0000:error:0308010C:digital envelope routines:inner_evp_generic_fetch:unsupported:../crypto/evp/evp_fetch.c:386:Global default library context, Algorithm (RC2-64-CBC : 0), Properties ()
*** WARNING : deprecated key derivation used.
Using -iter or -pbkdf2 would be better.
Error setting cipher RC2-64-CBC
40F76919F47A0000:error:0308010C:digital envelope routines:inner_evp_generic_fetch:unsupported:../crypto/evp/evp_fetch.c:386:Global default library context, Algorithm (RC2-64-CBC : 0), Properties ()
*** WARNING : deprecated key derivation used.
Using -iter or -pbkdf2 would be better.
Error setting cipher RC2-64-CBC
40D7985E57740000:error:0308010C:digital envelope routines:inner_evp_generic_fetch:unsupported:../crypto/evp/evp_fetch.c:386:Global default library context, Algorithm (RC2-64-CBC : 0), Properties ()
*** WARNING : deprecated key derivation used.
Using -iter or -pbkdf2 would be better.
Error setting cipher RC2-CBC
4027EC12787E0000:error:0308010C:digital envelope routines:inner_evp_generic_fetch:unsupported:../crypto/evp/evp_fetch.c:386:Global default library context, Algorithm (RC2-CBC : 4), Properties ()
*** WARNING : deprecated key derivation used.
Using -iter or -pbkdf2 would be better.
Error setting cipher RC2-CBC
40C7372103750000:error:0308010C:digital envelope routines:inner_evp_generic_fetch:unsupported:../crypto/evp/evp_fetch.c:386:Global default library context, Algorithm (RC2-CBC : 4), Properties ()
*** WARNING : deprecated key derivation used.
Using -iter or -pbkdf2 would be better.
Error setting cipher RC2-CBC
40B7F9CC9E710000:error:0308010C:digital envelope routines:inner_evp_generic_fetch:unsupported:../crypto/evp/evp_fetch.c:386:Global default library context, Algorithm (RC2-CBC : 4), Properties ()
*** WARNING : deprecated key derivation used.
Using -iter or -pbkdf2 would be better.
Error setting cipher RC2-CFB
40A7B034597C0000:error:0308010C:digital envelope routines:inner_evp_generic_fetch:unsupported:../crypto/evp/evp_fetch.c:386:Global default library context, Algorithm (RC2-CFB : 0), Properties ()
*** WARNING : deprecated key derivation used.
Using -iter or -pbkdf2 would be better.
Error setting cipher RC2-CFB
40C733E3B07A0000:error:0308010C:digital envelope routines:inner_evp_generic_fetch:unsupported:../crypto/evp/evp_fetch.c:386:Global default library context, Algorithm (RC2-CFB : 0), Properties ()
*** WARNING : deprecated key derivation used.
Using -iter or -pbkdf2 would be better.
Error setting cipher RC2-CFB
4017DBED7B710000:error:0308010C:digital envelope routines:inner_evp_generic_fetch:unsupported:../crypto/evp/evp_fetch.c:386:Global default library context, Algorithm (RC2-CFB : 0), Properties ()
*** WARNING : deprecated key derivation used.
Using -iter or -pbkdf2 would be better.
Error setting cipher RC2-ECB
4037C745F5740000:error:0308010C:digital envelope routines:inner_evp_generic_fetch:unsupported:../crypto/evp/evp_fetch.c:386:Global default library context, Algorithm (RC2-ECB : 0), Properties ()
*** WARNING : deprecated key derivation used.
Using -iter or -pbkdf2 would be better.
Error setting cipher RC2-ECB
40C7BBDDAA7A0000:error:0308010C:digital envelope routines:inner_evp_generic_fetch:unsupported:../crypto/evp/evp_fetch.c:386:Global default library context, Algorithm (RC2-ECB : 0), Properties ()
*** WARNING : deprecated key derivation used.
Using -iter or -pbkdf2 would be better.
Error setting cipher RC2-ECB
4007202C417D0000:error:0308010C:digital envelope routines:inner_evp_generic_fetch:unsupported:../crypto/evp/evp_fetch.c:386:Global default library context, Algorithm (RC2-ECB : 0), Properties ()
*** WARNING : deprecated key derivation used.
Using -iter or -pbkdf2 would be better.
Error setting cipher RC2-OFB
4037711F4B740000:error:0308010C:digital envelope routines:inner_evp_generic_fetch:unsupported:../crypto/evp/evp_fetch.c:386:Global default library context, Algorithm (RC2-OFB : 0), Properties ()
*** WARNING : deprecated key derivation used.
Using -iter or -pbkdf2 would be better.
Error setting cipher RC2-OFB
4037A04F73710000:error:0308010C:digital envelope routines:inner_evp_generic_fetch:unsupported:../crypto/evp/evp_fetch.c:386:Global default library context, Algorithm (RC2-OFB : 0), Properties ()
*** WARNING : deprecated key derivation used.
Using -iter or -pbkdf2 would be better.
Error setting cipher RC2-OFB
400760857A780000:error:0308010C:digital envelope routines:inner_evp_generic_fetch:unsupported:../crypto/evp/evp_fetch.c:386:Global default library context, Algorithm (RC2-OFB : 0), Properties ()
*** WARNING : deprecated key derivation used.
Using -iter or -pbkdf2 would be better.
Error setting cipher RC4
4067D36B42760000:error:0308010C:digital envelope routines:inner_evp_generic_fetch:unsupported:../crypto/evp/evp_fetch.c:386:Global default library context, Algorithm (RC4 : 37), Properties ()
*** WARNING : deprecated key derivation used.
Using -iter or -pbkdf2 would be better.
Error setting cipher RC4
40F7CC8B9B780000:error:0308010C:digital envelope routines:inner_evp_generic_fetch:unsupported:../crypto/evp/evp_fetch.c:386:Global default library context, Algorithm (RC4 : 37), Properties ()
*** WARNING : deprecated key derivation used.
Using -iter or -pbkdf2 would be better.
Error setting cipher RC4
4067683706760000:error:0308010C:digital envelope routines:inner_evp_generic_fetch:unsupported:../crypto/evp/evp_fetch.c:386:Global default library context, Algorithm (RC4 : 37), Properties ()
*** WARNING : deprecated key derivation used.
Using -iter or -pbkdf2 would be better.
Error setting cipher RC4-40
40D79C254F7E0000:error:0308010C:digital envelope routines:inner_evp_generic_fetch:unsupported:../crypto/evp/evp_fetch.c:386:Global default library context, Algorithm (RC4-40 : 0), Properties ()
*** WARNING : deprecated key derivation used.
Using -iter or -pbkdf2 would be better.
Error setting cipher RC4-40
406717BF067C0000:error:0308010C:digital envelope routines:inner_evp_generic_fetch:unsupported:../crypto/evp/evp_fetch.c:386:Global default library context, Algorithm (RC4-40 : 0), Properties ()
*** WARNING : deprecated key derivation used.
Using -iter or -pbkdf2 would be better.
Error setting cipher RC4-40
40B79ED3687B0000:error:0308010C:digital envelope routines:inner_evp_generic_fetch:unsupported:../crypto/evp/evp_fetch.c:386:Global default library context, Algorithm (RC4-40 : 0), Properties ()
*** WARNING : deprecated key derivation used.
Using -iter or -pbkdf2 would be better.
Error setting cipher SEED-CBC
40F76EF66F7D0000:error:0308010C:digital envelope routines:inner_evp_generic_fetch:unsupported:../crypto/evp/evp_fetch.c:386:Global default library context, Algorithm (SEED-CBC : 53), Properties ()
*** WARNING : deprecated key derivation used.
Using -iter or -pbkdf2 would be better.
Error setting cipher SEED-CBC
4017DA2FE3770000:error:0308010C:digital envelope routines:inner_evp_generic_fetch:unsupported:../crypto/evp/evp_fetch.c:386:Global default library context, Algorithm (SEED-CBC : 53), Properties ()
*** WARNING : deprecated key derivation used.
Using -iter or -pbkdf2 would be better.
Error setting cipher SEED-CBC
40E72256CD780000:error:0308010C:digital envelope routines:inner_evp_generic_fetch:unsupported:../crypto/evp/evp_fetch.c:386:Global default library context, Algorithm (SEED-CBC : 53), Properties ()
*** WARNING : deprecated key derivation used.
Using -iter or -pbkdf2 would be better.
Error setting cipher SEED-CBC
40B74A27C9780000:error:0308010C:digital envelope routines:inner_evp_generic_fetch:unsupported:../crypto/evp/evp_fetch.c:386:Global default library context, Algorithm (SEED-CBC : 53), Properties ()
*** WARNING : deprecated key derivation used.
Using -iter or -pbkdf2 would be better.
Error setting cipher SEED-CBC
4047B932297F0000:error:0308010C:digital envelope routines:inner_evp_generic_fetch:unsupported:../crypto/evp/evp_fetch.c:386:Global default library context, Algorithm (SEED-CBC : 53), Properties ()
*** WARNING : deprecated key derivation used.
Using -iter or -pbkdf2 would be better.
Error setting cipher SEED-CBC
4087C1278E790000:error:0308010C:digital envelope routines:inner_evp_generic_fetch:unsupported:../crypto/evp/evp_fetch.c:386:Global default library context, Algorithm (SEED-CBC : 53), Properties ()
*** WARNING : deprecated key derivation used.
Using -iter or -pbkdf2 would be better.
Error setting cipher SEED-CFB
4047B86DF67C0000:error:0308010C:digital envelope routines:inner_evp_generic_fetch:unsupported:../crypto/evp/evp_fetch.c:386:Global default library context, Algorithm (SEED-CFB : 49), Properties ()
*** WARNING : deprecated key derivation used.
Using -iter or -pbkdf2 would be better.
Error setting cipher SEED-CFB
40E7C0F3E7740000:error:0308010C:digital envelope routines:inner_evp_generic_fetch:unsupported:../crypto/evp/evp_fetch.c:386:Global default library context, Algorithm (SEED-CFB : 49), Properties ()
*** WARNING : deprecated key derivation used.
Using -iter or -pbkdf2 would be better.
Error setting cipher SEED-CFB
40877DEA217C0000:error:0308010C:digital envelope routines:inner_evp_generic_fetch:unsupported:../crypto/evp/evp_fetch.c:386:Global default library context, Algorithm (SEED-CFB : 49), Properties ()
*** WARNING : deprecated key derivation used.
Using -iter or -pbkdf2 would be better.
Error setting cipher SEED-ECB
4077F6B3EE780000:error:0308010C:digital envelope routines:inner_evp_generic_fetch:unsupported:../crypto/evp/evp_fetch.c:386:Global default library context, Algorithm (SEED-ECB : 74), Properties ()
*** WARNING : deprecated key derivation used.
Using -iter or -pbkdf2 would be better.
Error setting cipher SEED-ECB
40679F1071760000:error:0308010C:digital envelope routines:inner_evp_generic_fetch:unsupported:../crypto/evp/evp_fetch.c:386:Global default library context, Algorithm (SEED-ECB : 74), Properties ()
*** WARNING : deprecated key derivation used.
Using -iter or -pbkdf2 would be better.
Error setting cipher SEED-ECB
40C7E66BD27A0000:error:0308010C:digital envelope routines:inner_evp_generic_fetch:unsupported:../crypto/evp/evp_fetch.c:386:Global default library context, Algorithm (SEED-ECB : 74), Properties ()
*** WARNING : deprecated key derivation used.
Using -iter or -pbkdf2 would be better.
Error setting cipher SEED-OFB
40E7E564FD7D0000:error:0308010C:digital envelope routines:inner_evp_generic_fetch:unsupported:../crypto/evp/evp_fetch.c:386:Global default library context, Algorithm (SEED-OFB : 61), Properties ()
*** WARNING : deprecated key derivation used.
Using -iter or -pbkdf2 would be better.
Error setting cipher SEED-OFB
40C7F5A0767F0000:error:0308010C:digital envelope routines:inner_evp_generic_fetch:unsupported:../crypto/evp/evp_fetch.c:386:Global default library context, Algorithm (SEED-OFB : 61), Properties ()
*** WARNING : deprecated key derivation used.
Using -iter or -pbkdf2 would be better.
Error setting cipher SEED-OFB
40C7E4D84D7E0000:error:0308010C:digital envelope routines:inner_evp_generic_fetch:unsupported:../crypto/evp/evp_fetch.c:386:Global default library context, Algorithm (SEED-OFB : 61), Properties ()
*** WARNING : deprecated key derivation used.
Using -iter or -pbkdf2 would be better.
bad decrypt
403781DB9A760000:error:1C800064:Provider routines:ossl_cipher_unpadblock:bad decrypt:../providers/implementations/ciphers/ciphercommon_block.c:124:
*** WARNING : deprecated key derivation used.
Using -iter or -pbkdf2 would be better.
bad decrypt
40E7006484720000:error:1C800064:Provider routines:ossl_cipher_unpadblock:bad decrypt:../providers/implementations/ciphers/ciphercommon_block.c:124:
*** WARNING : deprecated key derivation used.
Using -iter or -pbkdf2 would be better.
bad decrypt
40F70262247D0000:error:1C800064:Provider routines:ossl_cipher_unpadblock:bad decrypt:../providers/implementations/ciphers/ciphercommon_block.c:124:
*** WARNING : deprecated key derivation used.
Using -iter or -pbkdf2 would be better.
bad decrypt
40078A75F77F0000:error:1C800064:Provider routines:ossl_cipher_unpadblock:bad decrypt:../providers/implementations/ciphers/ciphercommon_block.c:124:
*** WARNING : deprecated key derivation used.
Using -iter or -pbkdf2 would be better.
bad decrypt
40678AF89D700000:error:1C800064:Provider routines:ossl_cipher_unpadblock:bad decrypt:../providers/implementations/ciphers/ciphercommon_block.c:124:
*** WARNING : deprecated key derivation used.
Using -iter or -pbkdf2 would be better.
bad decrypt
40B7FC39847B0000:error:1C800064:Provider routines:ossl_cipher_unpadblock:bad decrypt:../providers/implementations/ciphers/ciphercommon_block.c:124:
*** WARNING : deprecated key derivation used.
Using -iter or -pbkdf2 would be better.
*** WARNING : deprecated key derivation used.
Using -iter or -pbkdf2 would be better.
*** WARNING : deprecated key derivation used.
Using -iter or -pbkdf2 would be better.
*** WARNING : deprecated key derivation used.
Using -iter or -pbkdf2 would be better.
*** WARNING : deprecated key derivation used.
Using -iter or -pbkdf2 would be better.
*** WARNING : deprecated key derivation used.
Using -iter or -pbkdf2 would be better.
*** WARNING : deprecated key derivation used.
Using -iter or -pbkdf2 would be better.
bad decrypt
40D709A7BD7F0000:error:1C800064:Provider routines:ossl_cipher_unpadblock:bad decrypt:../providers/implementations/ciphers/ciphercommon_block.c:124:
*** WARNING : deprecated key derivation used.
Using -iter or -pbkdf2 would be better.
bad decrypt
4067403DA6730000:error:1C800064:Provider routines:ossl_cipher_unpadblock:bad decrypt:../providers/implementations/ciphers/ciphercommon_block.c:124:
*** WARNING : deprecated key derivation used.
Using -iter or -pbkdf2 would be better.
bad decrypt
40F786408F750000:error:1C800064:Provider routines:ossl_cipher_unpadblock:bad decrypt:../providers/implementations/ciphers/ciphercommon_block.c:124:
*** WARNING : deprecated key derivation used.
Using -iter or -pbkdf2 would be better.
*** WARNING : deprecated key derivation used.
Using -iter or -pbkdf2 would be better.
*** WARNING : deprecated key derivation used.
Using -iter or -pbkdf2 would be better.
enc: Use -help for summary.
enc: Use -help for summary.
enc: Use -help for summary.
enc: Use -help for summary.
enc: Use -help for summary.
enc: Use -help for summary.
*** WARNING : deprecated key derivation used.
Using -iter or -pbkdf2 would be better.
bad decrypt
4097DBAB21770000:error:1C800064:Provider routines:ossl_cipher_unpadblock:bad decrypt:../providers/implementations/ciphers/ciphercommon_block.c:124:
*** WARNING : deprecated key derivation used.
Using -iter or -pbkdf2 would be better.
bad decrypt
4017E05DDB7E0000:error:1C800064:Provider routines:ossl_cipher_unpadblock:bad decrypt:../providers/implementations/ciphers/ciphercommon_block.c:124:
*** WARNING : deprecated key derivation used.
Using -iter or -pbkdf2 would be better.
bad decrypt
40F73D3B21760000:error:1C800064:Provider routines:ossl_cipher_unpadblock:bad decrypt:../providers/implementations/ciphers/ciphercommon_block.c:124:
*** WARNING : deprecated key derivation used.
Using -iter or -pbkdf2 would be better.
*** WARNING : deprecated key derivation used.
Using -iter or -pbkdf2 would be better.
*** WARNING : deprecated key derivation used.
Using -iter or -pbkdf2 would be better.
*** WARNING : deprecated key derivation used.
Using -iter or -pbkdf2 would be better.
*** WARNING : deprecated key derivation used.
Using -iter or -pbkdf2 would be better.
*** WARNING : deprecated key derivation used.
Using -iter or -pbkdf2 would be better.
*** WARNING : deprecated key derivation used.
Using -iter or -pbkdf2 would be better.
*** WARNING : deprecated key derivation used.
Using -iter or -pbkdf2 would be better.
*** WARNING : deprecated key derivation used.
Using -iter or -pbkdf2 would be better.
*** WARNING : deprecated key derivation used.
Using -iter or -pbkdf2 would be better.
*** WARNING : deprecated key derivation used.
Using -iter or -pbkdf2 would be better.
*** WARNING : deprecated key derivation used.
Using -iter or -pbkdf2 would be better.
*** WARNING : deprecated key derivation used.
Using -iter or -pbkdf2 would be better.
bad decrypt
40270B6389710000:error:1C800064:Provider routines:ossl_cipher_unpadblock:bad decrypt:../providers/implementations/ciphers/ciphercommon_block.c:124:
*** WARNING : deprecated key derivation used.
Using -iter or -pbkdf2 would be better.
bad decrypt
4097660F56790000:error:1C800064:Provider routines:ossl_cipher_unpadblock:bad decrypt:../providers/implementations/ciphers/ciphercommon_block.c:124:
*** WARNING : deprecated key derivation used.
Using -iter or -pbkdf2 would be better.
bad decrypt
4007D2099C7F0000:error:1C800064:Provider routines:ossl_cipher_unpadblock:bad decrypt:../providers/implementations/ciphers/ciphercommon_block.c:124:
*** WARNING : deprecated key derivation used.
Using -iter or -pbkdf2 would be better.
*** WARNING : deprecated key derivation used.
Using -iter or -pbkdf2 would be better.
*** WARNING : deprecated key derivation used.
Using -iter or -pbkdf2 would be better.
*** WARNING : deprecated key derivation used.
Using -iter or -pbkdf2 would be better.
bad decrypt
4047EAB67A730000:error:1C800064:Provider routines:ossl_cipher_unpadblock:bad decrypt:../providers/implementations/ciphers/ciphercommon_block.c:124:
*** WARNING : deprecated key derivation used.
Using -iter or -pbkdf2 would be better.
bad decrypt
4087B9B901730000:error:1C800064:Provider routines:ossl_cipher_unpadblock:bad decrypt:../providers/implementations/ciphers/ciphercommon_block.c:124:
*** WARNING : deprecated key derivation used.
Using -iter or -pbkdf2 would be better.
bad decrypt
40F7FB0B797B0000:error:1C800064:Provider routines:ossl_cipher_unpadblock:bad decrypt:../providers/implementations/ciphers/ciphercommon_block.c:124:
*** WARNING : deprecated key derivation used.
Using -iter or -pbkdf2 would be better.
*** WARNING : deprecated key derivation used.
Using -iter or -pbkdf2 would be better.
*** WARNING : deprecated key derivation used.
Using -iter or -pbkdf2 would be better.
*** WARNING : deprecated key derivation used.
Using -iter or -pbkdf2 would be better.
*** WARNING : deprecated key derivation used.
Using -iter or -pbkdf2 would be better.
*** WARNING : deprecated key derivation used.
Using -iter or -pbkdf2 would be better.
*** WARNING : deprecated key derivation used.
Using -iter or -pbkdf2 would be better.
*** WARNING : deprecated key derivation used.
Using -iter or -pbkdf2 would be better.
*** WARNING : deprecated key derivation used.
Using -iter or -pbkdf2 would be better.
*** WARNING : deprecated key derivation used.
Using -iter or -pbkdf2 would be better.
*** WARNING : deprecated key derivation used.
Using -iter or -pbkdf2 would be better.
*** WARNING : deprecated key derivation used.
Using -iter or -pbkdf2 would be better.
*** WARNING : deprecated key derivation used.
Using -iter or -pbkdf2 would be better.
bad decrypt
4067C7363B7B0000:error:1C800064:Provider routines:ossl_cipher_unpadblock:bad decrypt:../providers/implementations/ciphers/ciphercommon_block.c:124:
*** WARNING : deprecated key derivation used.
Using -iter or -pbkdf2 would be better.
bad decrypt
40F73A9D3F740000:error:1C800064:Provider routines:ossl_cipher_unpadblock:bad decrypt:../providers/implementations/ciphers/ciphercommon_block.c:124:
*** WARNING : deprecated key derivation used.
Using -iter or -pbkdf2 would be better.
bad decrypt
4037AD03A9720000:error:1C800064:Provider routines:ossl_cipher_unpadblock:bad decrypt:../providers/implementations/ciphers/ciphercommon_block.c:124:
*** WARNING : deprecated key derivation used.
Using -iter or -pbkdf2 would be better.
*** WARNING : deprecated key derivation used.
Using -iter or -pbkdf2 would be better.
*** WARNING : deprecated key derivation used.
Using -iter or -pbkdf2 would be better.
*** WARNING : deprecated key derivation used.
Using -iter or -pbkdf2 would be better.
bad decrypt
40D74CAA377C0000:error:1C800064:Provider routines:ossl_cipher_unpadblock:bad decrypt:../providers/implementations/ciphers/ciphercommon_block.c:124:
*** WARNING : deprecated key derivation used.
Using -iter or -pbkdf2 would be better.
bad decrypt
40C757CCE2760000:error:1C800064:Provider routines:ossl_cipher_unpadblock:bad decrypt:../providers/implementations/ciphers/ciphercommon_block.c:124:
*** WARNING : deprecated key derivation used.
Using -iter or -pbkdf2 would be better.
bad decrypt
4037810A6A760000:error:1C800064:Provider routines:ossl_cipher_unpadblock:bad decrypt:../providers/implementations/ciphers/ciphercommon_block.c:124:
*** WARNING : deprecated key derivation used.
Using -iter or -pbkdf2 would be better.
*** WARNING : deprecated key derivation used.
Using -iter or -pbkdf2 would be better.
*** WARNING : deprecated key derivation used.
Using -iter or -pbkdf2 would be better.
*** WARNING : deprecated key derivation used.
Using -iter or -pbkdf2 would be better.
*** WARNING : deprecated key derivation used.
Using -iter or -pbkdf2 would be better.
*** WARNING : deprecated key derivation used.
Using -iter or -pbkdf2 would be better.
*** WARNING : deprecated key derivation used.
Using -iter or -pbkdf2 would be better.
*** WARNING : deprecated key derivation used.
Using -iter or -pbkdf2 would be better.
*** WARNING : deprecated key derivation used.
Using -iter or -pbkdf2 would be better.
*** WARNING : deprecated key derivation used.
Using -iter or -pbkdf2 would be better.
*** WARNING : deprecated key derivation used.
Using -iter or -pbkdf2 would be better.
*** WARNING : deprecated key derivation used.
Using -iter or -pbkdf2 would be better.
*** WARNING : deprecated key derivation used.
Using -iter or -pbkdf2 would be better.
bad decrypt
4097345E87700000:error:1C800064:Provider routines:ossl_cipher_unpadblock:bad decrypt:../providers/implementations/ciphers/ciphercommon_block.c:124:
*** WARNING : deprecated key derivation used.
Using -iter or -pbkdf2 would be better.
bad decrypt
4037F7C8DA710000:error:1C800064:Provider routines:ossl_cipher_unpadblock:bad decrypt:../providers/implementations/ciphers/ciphercommon_block.c:124:
*** WARNING : deprecated key derivation used.
Using -iter or -pbkdf2 would be better.
bad decrypt
4037F1AA3A730000:error:1C800064:Provider routines:ossl_cipher_unpadblock:bad decrypt:../providers/implementations/ciphers/ciphercommon_block.c:124:
*** WARNING : deprecated key derivation used.
Using -iter or -pbkdf2 would be better.
*** WARNING : deprecated key derivation used.
Using -iter or -pbkdf2 would be better.
*** WARNING : deprecated key derivation used.
Using -iter or -pbkdf2 would be better.
*** WARNING : deprecated key derivation used.
Using -iter or -pbkdf2 would be better.
bad decrypt
4017037D3D700000:error:1C800064:Provider routines:ossl_cipher_unpadblock:bad decrypt:../providers/implementations/ciphers/ciphercommon_block.c:124:
*** WARNING : deprecated key derivation used.
Using -iter or -pbkdf2 would be better.
bad decrypt
407707DAE6790000:error:1C800064:Provider routines:ossl_cipher_unpadblock:bad decrypt:../providers/implementations/ciphers/ciphercommon_block.c:124:
*** WARNING : deprecated key derivation used.
Using -iter or -pbkdf2 would be better.
bad decrypt
40D7D87D93790000:error:1C800064:Provider routines:ossl_cipher_unpadblock:bad decrypt:../providers/implementations/ciphers/ciphercommon_block.c:124:
*** WARNING : deprecated key derivation used.
Using -iter or -pbkdf2 would be better.
error writing output file
40F767F625780000:error:1C800066:Provider routines:aes_wrap_cipher_internal:cipher operation failed:../providers/implementations/ciphers/cipher_aes_wrp.c:212:
40F767F625780000:error:030000BD:digital envelope routines:EVP_DecryptUpdate:update error:../crypto/evp/evp_enc.c:837:
*** WARNING : deprecated key derivation used.
Using -iter or -pbkdf2 would be better.
*** WARNING : deprecated key derivation used.
Using -iter or -pbkdf2 would be better.
*** WARNING : deprecated key derivation used.
Using -iter or -pbkdf2 would be better.
bad decrypt
40B7573754760000:error:1C800064:Provider routines:ossl_cipher_unpadblock:bad decrypt:../providers/implementations/ciphers/ciphercommon_block.c:124:
*** WARNING : deprecated key derivation used.
Using -iter or -pbkdf2 would be better.
bad decrypt
40C7A9B375790000:error:1C800064:Provider routines:ossl_cipher_unpadblock:bad decrypt:../providers/implementations/ciphers/ciphercommon_block.c:124:
*** WARNING : deprecated key derivation used.
Using -iter or -pbkdf2 would be better.
bad decrypt
407791ECDA760000:error:1C800064:Provider routines:ossl_cipher_unpadblock:bad decrypt:../providers/implementations/ciphers/ciphercommon_block.c:124:
*** WARNING : deprecated key derivation used.
Using -iter or -pbkdf2 would be better.
error writing output file
40D7ED71587F0000:error:1C800066:Provider routines:aes_wrap_cipher_internal:cipher operation failed:../providers/implementations/ciphers/cipher_aes_wrp.c:212:
40D7ED71587F0000:error:030000BD:digital envelope routines:EVP_DecryptUpdate:update error:../crypto/evp/evp_enc.c:837:
*** WARNING : deprecated key derivation used.
Using -iter or -pbkdf2 would be better.
*** WARNING : deprecated key derivation used.
Using -iter or -pbkdf2 would be better.
*** WARNING : deprecated key derivation used.
Using -iter or -pbkdf2 would be better.
bad decrypt
40D72B45A6770000:error:1C800064:Provider routines:ossl_cipher_unpadblock:bad decrypt:../providers/implementations/ciphers/ciphercommon_block.c:124:
*** WARNING : deprecated key derivation used.
Using -iter or -pbkdf2 would be better.
bad decrypt
40178EADBE770000:error:1C800064:Provider routines:ossl_cipher_unpadblock:bad decrypt:../providers/implementations/ciphers/ciphercommon_block.c:124:
*** WARNING : deprecated key derivation used.
Using -iter or -pbkdf2 would be better.
bad decrypt
40C7DA6E94750000:error:1C800064:Provider routines:ossl_cipher_unpadblock:bad decrypt:../providers/implementations/ciphers/ciphercommon_block.c:124:
*** WARNING : deprecated key derivation used.
Using -iter or -pbkdf2 would be better.
error writing output file
40379C39037F0000:error:1C800066:Provider routines:aes_wrap_cipher_internal:cipher operation failed:../providers/implementations/ciphers/cipher_aes_wrp.c:212:
40379C39037F0000:error:030000BD:digital envelope routines:EVP_DecryptUpdate:update error:../crypto/evp/evp_enc.c:837:
*** WARNING : deprecated key derivation used.
Using -iter or -pbkdf2 would be better.
*** WARNING : deprecated key derivation used.
Using -iter or -pbkdf2 would be better.
*** WARNING : deprecated key derivation used.
Using -iter or -pbkdf2 would be better.
bad decrypt
4037C6997C700000:error:1C800064:Provider routines:ossl_cipher_unpadblock:bad decrypt:../providers/implementations/ciphers/ciphercommon_block.c:124:
*** WARNING : deprecated key derivation used.
Using -iter or -pbkdf2 would be better.
bad decrypt
40573B401F790000:error:1C800064:Provider routines:ossl_cipher_unpadblock:bad decrypt:../providers/implementations/ciphers/ciphercommon_block.c:124:
*** WARNING : deprecated key derivation used.
Using -iter or -pbkdf2 would be better.
bad decrypt
40A7EAF7197C0000:error:1C800064:Provider routines:ossl_cipher_unpadblock:bad decrypt:../providers/implementations/ciphers/ciphercommon_block.c:124:
*** WARNING : deprecated key derivation used.
Using -iter or -pbkdf2 would be better.
*** WARNING : deprecated key derivation used.
Using -iter or -pbkdf2 would be better.
*** WARNING : deprecated key derivation used.
Using -iter or -pbkdf2 would be better.
*** WARNING : deprecated key derivation used.
Using -iter or -pbkdf2 would be better.
*** WARNING : deprecated key derivation used.
Using -iter or -pbkdf2 would be better.
*** WARNING : deprecated key derivation used.
Using -iter or -pbkdf2 would be better.
*** WARNING : deprecated key derivation used.
Using -iter or -pbkdf2 would be better.
*** WARNING : deprecated key derivation used.
Using -iter or -pbkdf2 would be better.
*** WARNING : deprecated key derivation used.
Using -iter or -pbkdf2 would be better.
*** WARNING : deprecated key derivation used.
Using -iter or -pbkdf2 would be better.
*** WARNING : deprecated key derivation used.
Using -iter or -pbkdf2 would be better.
*** WARNING : deprecated key derivation used.
Using -iter or -pbkdf2 would be better.
*** WARNING : deprecated key derivation used.
Using -iter or -pbkdf2 would be better.
bad decrypt
40B7DFC4B57C0000:error:1C800064:Provider routines:ossl_cipher_unpadblock:bad decrypt:../providers/implementations/ciphers/ciphercommon_block.c:129:
*** WARNING : deprecated key derivation used.
Using -iter or -pbkdf2 would be better.
bad decrypt
40273CFDFC7B0000:error:1C800064:Provider routines:ossl_cipher_unpadblock:bad decrypt:../providers/implementations/ciphers/ciphercommon_block.c:124:
*** WARNING : deprecated key derivation used.
Using -iter or -pbkdf2 would be better.
bad decrypt
40F73659137B0000:error:1C800064:Provider routines:ossl_cipher_unpadblock:bad decrypt:../providers/implementations/ciphers/ciphercommon_block.c:124:
*** WARNING : deprecated key derivation used.
Using -iter or -pbkdf2 would be better.
*** WARNING : deprecated key derivation used.
Using -iter or -pbkdf2 would be better.
*** WARNING : deprecated key derivation used.
Using -iter or -pbkdf2 would be better.
*** WARNING : deprecated key derivation used.
Using -iter or -pbkdf2 would be better.
bad decrypt
40B7F080857C0000:error:1C800064:Provider routines:ossl_cipher_unpadblock:bad decrypt:../providers/implementations/ciphers/ciphercommon_block.c:124:
*** WARNING : deprecated key derivation used.
Using -iter or -pbkdf2 would be better.
bad decrypt
40A7D4BA7B7B0000:error:1C800064:Provider routines:ossl_cipher_unpadblock:bad decrypt:../providers/implementations/ciphers/ciphercommon_block.c:124:
*** WARNING : deprecated key derivation used.
Using -iter or -pbkdf2 would be better.
bad decrypt
40771A332F730000:error:1C800064:Provider routines:ossl_cipher_unpadblock:bad decrypt:../providers/implementations/ciphers/ciphercommon_block.c:124:
*** WARNING : deprecated key derivation used.
Using -iter or -pbkdf2 would be better.
*** WARNING : deprecated key derivation used.
Using -iter or -pbkdf2 would be better.
*** WARNING : deprecated key derivation used.
Using -iter or -pbkdf2 would be better.
*** WARNING : deprecated key derivation used.
Using -iter or -pbkdf2 would be better.
*** WARNING : deprecated key derivation used.
Using -iter or -pbkdf2 would be better.
*** WARNING : deprecated key derivation used.
Using -iter or -pbkdf2 would be better.
*** WARNING : deprecated key derivation used.
Using -iter or -pbkdf2 would be better.
*** WARNING : deprecated key derivation used.
Using -iter or -pbkdf2 would be better.
*** WARNING : deprecated key derivation used.
Using -iter or -pbkdf2 would be better.
*** WARNING : deprecated key derivation used.
Using -iter or -pbkdf2 would be better.
*** WARNING : deprecated key derivation used.
Using -iter or -pbkdf2 would be better.
*** WARNING : deprecated key derivation used.
Using -iter or -pbkdf2 would be better.
*** WARNING : deprecated key derivation used.
Using -iter or -pbkdf2 would be better.
bad decrypt
40D7F66FAD740000:error:1C800064:Provider routines:ossl_cipher_unpadblock:bad decrypt:../providers/implementations/ciphers/ciphercommon_block.c:124:
*** WARNING : deprecated key derivation used.
Using -iter or -pbkdf2 would be better.
bad decrypt
402701D59D760000:error:1C800064:Provider routines:ossl_cipher_unpadblock:bad decrypt:../providers/implementations/ciphers/ciphercommon_block.c:124:
*** WARNING : deprecated key derivation used.
Using -iter or -pbkdf2 would be better.
bad decrypt
4067EF7DDE760000:error:1C800064:Provider routines:ossl_cipher_unpadblock:bad decrypt:../providers/implementations/ciphers/ciphercommon_block.c:124:
*** WARNING : deprecated key derivation used.
Using -iter or -pbkdf2 would be better.
*** WARNING : deprecated key derivation used.
Using -iter or -pbkdf2 would be better.
*** WARNING : deprecated key derivation used.
Using -iter or -pbkdf2 would be better.
*** WARNING : deprecated key derivation used.
Using -iter or -pbkdf2 would be better.
bad decrypt
4027862EEF760000:error:1C800064:Provider routines:ossl_cipher_unpadblock:bad decrypt:../providers/implementations/ciphers/ciphercommon_block.c:124:
*** WARNING : deprecated key derivation used.
Using -iter or -pbkdf2 would be better.
bad decrypt
40F7A128847E0000:error:1C800064:Provider routines:ossl_cipher_unpadblock:bad decrypt:../providers/implementations/ciphers/ciphercommon_block.c:124:
*** WARNING : deprecated key derivation used.
Using -iter or -pbkdf2 would be better.
bad decrypt
40C792B9FB7A0000:error:1C800064:Provider routines:ossl_cipher_unpadblock:bad decrypt:../providers/implementations/ciphers/ciphercommon_block.c:124:
*** WARNING : deprecated key derivation used.
Using -iter or -pbkdf2 would be better.
*** WARNING : deprecated key derivation used.
Using -iter or -pbkdf2 would be better.
*** WARNING : deprecated key derivation used.
Using -iter or -pbkdf2 would be better.
*** WARNING : deprecated key derivation used.
Using -iter or -pbkdf2 would be better.
*** WARNING : deprecated key derivation used.
Using -iter or -pbkdf2 would be better.
*** WARNING : deprecated key derivation used.
Using -iter or -pbkdf2 would be better.
*** WARNING : deprecated key derivation used.
Using -iter or -pbkdf2 would be better.
*** WARNING : deprecated key derivation used.
Using -iter or -pbkdf2 would be better.
*** WARNING : deprecated key derivation used.
Using -iter or -pbkdf2 would be better.
*** WARNING : deprecated key derivation used.
Using -iter or -pbkdf2 would be better.
*** WARNING : deprecated key derivation used.
Using -iter or -pbkdf2 would be better.
*** WARNING : deprecated key derivation used.
Using -iter or -pbkdf2 would be better.
*** WARNING : deprecated key derivation used.
Using -iter or -pbkdf2 would be better.
bad decrypt
40871EB5FD7A0000:error:1C800064:Provider routines:ossl_cipher_unpadblock:bad decrypt:../providers/implementations/ciphers/ciphercommon_block.c:124:
*** WARNING : deprecated key derivation used.
Using -iter or -pbkdf2 would be better.
bad decrypt
4037484ECA740000:error:1C800064:Provider routines:ossl_cipher_unpadblock:bad decrypt:../providers/implementations/ciphers/ciphercommon_block.c:124:
*** WARNING : deprecated key derivation used.
Using -iter or -pbkdf2 would be better.
bad decrypt
4047D43F08790000:error:1C800064:Provider routines:ossl_cipher_unpadblock:bad decrypt:../providers/implementations/ciphers/ciphercommon_block.c:124:
*** WARNING : deprecated key derivation used.
Using -iter or -pbkdf2 would be better.
*** WARNING : deprecated key derivation used.
Using -iter or -pbkdf2 would be better.
*** WARNING : deprecated key derivation used.
Using -iter or -pbkdf2 would be better.
*** WARNING : deprecated key derivation used.
Using -iter or -pbkdf2 would be better.
bad decrypt
40B7465024720000:error:1C800064:Provider routines:ossl_cipher_unpadblock:bad decrypt:../providers/implementations/ciphers/ciphercommon_block.c:124:
*** WARNING : deprecated key derivation used.
Using -iter or -pbkdf2 would be better.
bad decrypt
40472071D17B0000:error:1C800064:Provider routines:ossl_cipher_unpadblock:bad decrypt:../providers/implementations/ciphers/ciphercommon_block.c:124:
*** WARNING : deprecated key derivation used.
Using -iter or -pbkdf2 would be better.
bad decrypt
4027FFA3237B0000:error:1C800064:Provider routines:ossl_cipher_unpadblock:bad decrypt:../providers/implementations/ciphers/ciphercommon_block.c:124:
*** WARNING : deprecated key derivation used.
Using -iter or -pbkdf2 would be better.
bad decrypt
4017ADBF20770000:error:1C800064:Provider routines:ossl_cipher_unpadblock:bad decrypt:../providers/implementations/ciphers/ciphercommon_block.c:124:
*** WARNING : deprecated key derivation used.
Using -iter or -pbkdf2 would be better.
bad decrypt
40C7C5C8517E0000:error:1C800064:Provider routines:ossl_cipher_unpadblock:bad decrypt:../providers/implementations/ciphers/ciphercommon_block.c:124:
*** WARNING : deprecated key derivation used.
Using -iter or -pbkdf2 would be better.
bad decrypt
40D7EEFBC7760000:error:1C800064:Provider routines:ossl_cipher_unpadblock:bad decrypt:../providers/implementations/ciphers/ciphercommon_block.c:124:
*** WARNING : deprecated key derivation used.
Using -iter or -pbkdf2 would be better.
bad decrypt
40376FA2CA720000:error:1C800064:Provider routines:ossl_cipher_unpadblock:bad decrypt:../providers/implementations/ciphers/ciphercommon_block.c:124:
*** WARNING : deprecated key derivation used.
Using -iter or -pbkdf2 would be better.
bad decrypt
40776AB4277E0000:error:1C800064:Provider routines:ossl_cipher_unpadblock:bad decrypt:../providers/implementations/ciphers/ciphercommon_block.c:124:
*** WARNING : deprecated key derivation used.
Using -iter or -pbkdf2 would be better.
bad decrypt
4067D2E0517B0000:error:1C800064:Provider routines:ossl_cipher_unpadblock:bad decrypt:../providers/implementations/ciphers/ciphercommon_block.c:124:
*** WARNING : deprecated key derivation used.
Using -iter or -pbkdf2 would be better.
Error setting cipher BF-CBC
405736D28D720000:error:0308010C:digital envelope routines:inner_evp_generic_fetch:unsupported:../crypto/evp/evp_fetch.c:386:Global default library context, Algorithm (BF-CBC : 11), Properties ()
*** WARNING : deprecated key derivation used.
Using -iter or -pbkdf2 would be better.
Error setting cipher BF-CBC
40176C176D7B0000:error:0308010C:digital envelope routines:inner_evp_generic_fetch:unsupported:../crypto/evp/evp_fetch.c:386:Global default library context, Algorithm (BF-CBC : 11), Properties ()
*** WARNING : deprecated key derivation used.
Using -iter or -pbkdf2 would be better.
Error setting cipher BF-CBC
4017747CA7710000:error:0308010C:digital envelope routines:inner_evp_generic_fetch:unsupported:../crypto/evp/evp_fetch.c:386:Global default library context, Algorithm (BF-CBC : 11), Properties ()
*** WARNING : deprecated key derivation used.
Using -iter or -pbkdf2 would be better.
Error setting cipher BF-CBC
40D7E40AF07B0000:error:0308010C:digital envelope routines:inner_evp_generic_fetch:unsupported:../crypto/evp/evp_fetch.c:386:Global default library context, Algorithm (BF-CBC : 11), Properties ()
*** WARNING : deprecated key derivation used.
Using -iter or -pbkdf2 would be better.
Error setting cipher BF-CBC
40070FE9FB7C0000:error:0308010C:digital envelope routines:inner_evp_generic_fetch:unsupported:../crypto/evp/evp_fetch.c:386:Global default library context, Algorithm (BF-CBC : 11), Properties ()
*** WARNING : deprecated key derivation used.
Using -iter or -pbkdf2 would be better.
Error setting cipher BF-CBC
4047F8FCBD720000:error:0308010C:digital envelope routines:inner_evp_generic_fetch:unsupported:../crypto/evp/evp_fetch.c:386:Global default library context, Algorithm (BF-CBC : 11), Properties ()
*** WARNING : deprecated key derivation used.
Using -iter or -pbkdf2 would be better.
Error setting cipher BF-CFB
40877F79E1710000:error:0308010C:digital envelope routines:inner_evp_generic_fetch:unsupported:../crypto/evp/evp_fetch.c:386:Global default library context, Algorithm (BF-CFB : 0), Properties ()
*** WARNING : deprecated key derivation used.
Using -iter or -pbkdf2 would be better.
Error setting cipher BF-CFB
40C7A5B787700000:error:0308010C:digital envelope routines:inner_evp_generic_fetch:unsupported:../crypto/evp/evp_fetch.c:386:Global default library context, Algorithm (BF-CFB : 0), Properties ()
*** WARNING : deprecated key derivation used.
Using -iter or -pbkdf2 would be better.
Error setting cipher BF-CFB
4047A119FF780000:error:0308010C:digital envelope routines:inner_evp_generic_fetch:unsupported:../crypto/evp/evp_fetch.c:386:Global default library context, Algorithm (BF-CFB : 0), Properties ()
*** WARNING : deprecated key derivation used.
Using -iter or -pbkdf2 would be better.
Error setting cipher BF-ECB
40C7AFA7CD740000:error:0308010C:digital envelope routines:inner_evp_generic_fetch:unsupported:../crypto/evp/evp_fetch.c:386:Global default library context, Algorithm (BF-ECB : 0), Properties ()
*** WARNING : deprecated key derivation used.
Using -iter or -pbkdf2 would be better.
Error setting cipher BF-ECB
4037F7FB64790000:error:0308010C:digital envelope routines:inner_evp_generic_fetch:unsupported:../crypto/evp/evp_fetch.c:386:Global default library context, Algorithm (BF-ECB : 0), Properties ()
*** WARNING : deprecated key derivation used.
Using -iter or -pbkdf2 would be better.
Error setting cipher BF-ECB
40A746B94A770000:error:0308010C:digital envelope routines:inner_evp_generic_fetch:unsupported:../crypto/evp/evp_fetch.c:386:Global default library context, Algorithm (BF-ECB : 0), Properties ()
*** WARNING : deprecated key derivation used.
Using -iter or -pbkdf2 would be better.
Error setting cipher BF-OFB
40171D5440720000:error:0308010C:digital envelope routines:inner_evp_generic_fetch:unsupported:../crypto/evp/evp_fetch.c:386:Global default library context, Algorithm (BF-OFB : 0), Properties ()
*** WARNING : deprecated key derivation used.
Using -iter or -pbkdf2 would be better.
Error setting cipher BF-OFB
40A7EBC2C7740000:error:0308010C:digital envelope routines:inner_evp_generic_fetch:unsupported:../crypto/evp/evp_fetch.c:386:Global default library context, Algorithm (BF-OFB : 0), Properties ()
*** WARNING : deprecated key derivation used.
Using -iter or -pbkdf2 would be better.
Error setting cipher BF-OFB
4017750CF1730000:error:0308010C:digital envelope routines:inner_evp_generic_fetch:unsupported:../crypto/evp/evp_fetch.c:386:Global default library context, Algorithm (BF-OFB : 0), Properties ()
*** WARNING : deprecated key derivation used.
Using -iter or -pbkdf2 would be better.
Error setting cipher BF-CBC
40C7BB95DF710000:error:0308010C:digital envelope routines:inner_evp_generic_fetch:unsupported:../crypto/evp/evp_fetch.c:386:Global default library context, Algorithm (BF-CBC : 11), Properties ()
*** WARNING : deprecated key derivation used.
Using -iter or -pbkdf2 would be better.
Error setting cipher BF-CBC
40272F7E38750000:error:0308010C:digital envelope routines:inner_evp_generic_fetch:unsupported:../crypto/evp/evp_fetch.c:386:Global default library context, Algorithm (BF-CBC : 11), Properties ()
*** WARNING : deprecated key derivation used.
Using -iter or -pbkdf2 would be better.
Error setting cipher BF-CBC
40A775012C7E0000:error:0308010C:digital envelope routines:inner_evp_generic_fetch:unsupported:../crypto/evp/evp_fetch.c:386:Global default library context, Algorithm (BF-CBC : 11), Properties ()
*** WARNING : deprecated key derivation used.
Using -iter or -pbkdf2 would be better.
bad decrypt
4097EB6000740000:error:1C800064:Provider routines:ossl_cipher_unpadblock:bad decrypt:../providers/implementations/ciphers/ciphercommon_block.c:124:
*** WARNING : deprecated key derivation used.
Using -iter or -pbkdf2 would be better.
bad decrypt
40B71864EA770000:error:1C800064:Provider routines:ossl_cipher_unpadblock:bad decrypt:../providers/implementations/ciphers/ciphercommon_block.c:124:
*** WARNING : deprecated key derivation used.
Using -iter or -pbkdf2 would be better.
bad decrypt
40470797E67F0000:error:1C800064:Provider routines:ossl_cipher_unpadblock:bad decrypt:../providers/implementations/ciphers/ciphercommon_block.c:124:
*** WARNING : deprecated key derivation used.
Using -iter or -pbkdf2 would be better.
*** WARNING : deprecated key derivation used.
Using -iter or -pbkdf2 would be better.
*** WARNING : deprecated key derivation used.
Using -iter or -pbkdf2 would be better.
*** WARNING : deprecated key derivation used.
Using -iter or -pbkdf2 would be better.
*** WARNING : deprecated key derivation used.
Using -iter or -pbkdf2 would be better.
*** WARNING : deprecated key derivation used.
Using -iter or -pbkdf2 would be better.
*** WARNING : deprecated key derivation used.
Using -iter or -pbkdf2 would be better.
*** WARNING : deprecated key derivation used.
Using -iter or -pbkdf2 would be better.
*** WARNING : deprecated key derivation used.
Using -iter or -pbkdf2 would be better.
*** WARNING : deprecated key derivation used.
Using -iter or -pbkdf2 would be better.
*** WARNING : deprecated key derivation used.
Using -iter or -pbkdf2 would be better.
*** WARNING : deprecated key derivation used.
Using -iter or -pbkdf2 would be better.
*** WARNING : deprecated key derivation used.
Using -iter or -pbkdf2 would be better.
bad decrypt
40A71F1755720000:error:1C800064:Provider routines:ossl_cipher_unpadblock:bad decrypt:../providers/implementations/ciphers/ciphercommon_block.c:124:
*** WARNING : deprecated key derivation used.
Using -iter or -pbkdf2 would be better.
bad decrypt
40B7F03483700000:error:1C800064:Provider routines:ossl_cipher_unpadblock:bad decrypt:../providers/implementations/ciphers/ciphercommon_block.c:124:
*** WARNING : deprecated key derivation used.
Using -iter or -pbkdf2 would be better.
bad decrypt
40A7619B73760000:error:1C800064:Provider routines:ossl_cipher_unpadblock:bad decrypt:../providers/implementations/ciphers/ciphercommon_block.c:124:
*** WARNING : deprecated key derivation used.
Using -iter or -pbkdf2 would be better.
*** WARNING : deprecated key derivation used.
Using -iter or -pbkdf2 would be better.
*** WARNING : deprecated key derivation used.
Using -iter or -pbkdf2 would be better.
*** WARNING : deprecated key derivation used.
Using -iter or -pbkdf2 would be better.
bad decrypt
4007F88BE4790000:error:1C800064:Provider routines:ossl_cipher_unpadblock:bad decrypt:../providers/implementations/ciphers/ciphercommon_block.c:124:
*** WARNING : deprecated key derivation used.
Using -iter or -pbkdf2 would be better.
bad decrypt
40979281A5760000:error:1C800064:Provider routines:ossl_cipher_unpadblock:bad decrypt:../providers/implementations/ciphers/ciphercommon_block.c:124:
*** WARNING : deprecated key derivation used.
Using -iter or -pbkdf2 would be better.
bad decrypt
4027771BD27C0000:error:1C800064:Provider routines:ossl_cipher_unpadblock:bad decrypt:../providers/implementations/ciphers/ciphercommon_block.c:124:
*** WARNING : deprecated key derivation used.
Using -iter or -pbkdf2 would be better.
*** WARNING : deprecated key derivation used.
Using -iter or -pbkdf2 would be better.
*** WARNING : deprecated key derivation used.
Using -iter or -pbkdf2 would be better.
*** WARNING : deprecated key derivation used.
Using -iter or -pbkdf2 would be better.
*** WARNING : deprecated key derivation used.
Using -iter or -pbkdf2 would be better.
*** WARNING : deprecated key derivation used.
Using -iter or -pbkdf2 would be better.
*** WARNING : deprecated key derivation used.
Using -iter or -pbkdf2 would be better.
*** WARNING : deprecated key derivation used.
Using -iter or -pbkdf2 would be better.
*** WARNING : deprecated key derivation used.
Using -iter or -pbkdf2 would be better.
*** WARNING : deprecated key derivation used.
Using -iter or -pbkdf2 would be better.
*** WARNING : deprecated key derivation used.
Using -iter or -pbkdf2 would be better.
*** WARNING : deprecated key derivation used.
Using -iter or -pbkdf2 would be better.
*** WARNING : deprecated key derivation used.
Using -iter or -pbkdf2 would be better.
bad decrypt
4027F95B86790000:error:1C800064:Provider routines:ossl_cipher_unpadblock:bad decrypt:../providers/implementations/ciphers/ciphercommon_block.c:124:
*** WARNING : deprecated key derivation used.
Using -iter or -pbkdf2 would be better.
bad decrypt
402717F3227E0000:error:1C800064:Provider routines:ossl_cipher_unpadblock:bad decrypt:../providers/implementations/ciphers/ciphercommon_block.c:124:
*** WARNING : deprecated key derivation used.
Using -iter or -pbkdf2 would be better.
bad decrypt
40975784137C0000:error:1C800064:Provider routines:ossl_cipher_unpadblock:bad decrypt:../providers/implementations/ciphers/ciphercommon_block.c:124:
*** WARNING : deprecated key derivation used.
Using -iter or -pbkdf2 would be better.
*** WARNING : deprecated key derivation used.
Using -iter or -pbkdf2 would be better.
*** WARNING : deprecated key derivation used.
Using -iter or -pbkdf2 would be better.
*** WARNING : deprecated key derivation used.
Using -iter or -pbkdf2 would be better.
bad decrypt
40E7FC3599770000:error:1C800064:Provider routines:ossl_cipher_unpadblock:bad decrypt:../providers/implementations/ciphers/ciphercommon_block.c:124:
*** WARNING : deprecated key derivation used.
Using -iter or -pbkdf2 would be better.
bad decrypt
408776C7A9750000:error:1C800064:Provider routines:ossl_cipher_unpadblock:bad decrypt:../providers/implementations/ciphers/ciphercommon_block.c:124:
*** WARNING : deprecated key derivation used.
Using -iter or -pbkdf2 would be better.
bad decrypt
40673825E07C0000:error:1C800064:Provider routines:ossl_cipher_unpadblock:bad decrypt:../providers/implementations/ciphers/ciphercommon_block.c:124:
*** WARNING : deprecated key derivation used.
Using -iter or -pbkdf2 would be better.
*** WARNING : deprecated key derivation used.
Using -iter or -pbkdf2 would be better.
*** WARNING : deprecated key derivation used.
Using -iter or -pbkdf2 would be better.
*** WARNING : deprecated key derivation used.
Using -iter or -pbkdf2 would be better.
*** WARNING : deprecated key derivation used.
Using -iter or -pbkdf2 would be better.
*** WARNING : deprecated key derivation used.
Using -iter or -pbkdf2 would be better.
*** WARNING : deprecated key derivation used.
Using -iter or -pbkdf2 would be better.
*** WARNING : deprecated key derivation used.
Using -iter or -pbkdf2 would be better.
*** WARNING : deprecated key derivation used.
Using -iter or -pbkdf2 would be better.
*** WARNING : deprecated key derivation used.
Using -iter or -pbkdf2 would be better.
*** WARNING : deprecated key derivation used.
Using -iter or -pbkdf2 would be better.
*** WARNING : deprecated key derivation used.
Using -iter or -pbkdf2 would be better.
*** WARNING : deprecated key derivation used.
Using -iter or -pbkdf2 would be better.
bad decrypt
40379B0A4E790000:error:1C800064:Provider routines:ossl_cipher_unpadblock:bad decrypt:../providers/implementations/ciphers/ciphercommon_block.c:124:
*** WARNING : deprecated key derivation used.
Using -iter or -pbkdf2 would be better.
bad decrypt
40C74863CC700000:error:1C800064:Provider routines:ossl_cipher_unpadblock:bad decrypt:../providers/implementations/ciphers/ciphercommon_block.c:124:
*** WARNING : deprecated key derivation used.
Using -iter or -pbkdf2 would be better.
bad decrypt
40A700C8877F0000:error:1C800064:Provider routines:ossl_cipher_unpadblock:bad decrypt:../providers/implementations/ciphers/ciphercommon_block.c:124:
*** WARNING : deprecated key derivation used.
Using -iter or -pbkdf2 would be better.
*** WARNING : deprecated key derivation used.
Using -iter or -pbkdf2 would be better.
*** WARNING : deprecated key derivation used.
Using -iter or -pbkdf2 would be better.
*** WARNING : deprecated key derivation used.
Using -iter or -pbkdf2 would be better.
bad decrypt
40176AA6F07F0000:error:1C800064:Provider routines:ossl_cipher_unpadblock:bad decrypt:../providers/implementations/ciphers/ciphercommon_block.c:124:
*** WARNING : deprecated key derivation used.
Using -iter or -pbkdf2 would be better.
bad decrypt
4087EBF88C720000:error:1C800064:Provider routines:ossl_cipher_unpadblock:bad decrypt:../providers/implementations/ciphers/ciphercommon_block.c:124:
*** WARNING : deprecated key derivation used.
Using -iter or -pbkdf2 would be better.
bad decrypt
40F79BA1D8710000:error:1C800064:Provider routines:ossl_cipher_unpadblock:bad decrypt:../providers/implementations/ciphers/ciphercommon_block.c:124:
*** WARNING : deprecated key derivation used.
Using -iter or -pbkdf2 would be better.
bad decrypt
403728CAD6760000:error:1C800064:Provider routines:ossl_cipher_unpadblock:bad decrypt:../providers/implementations/ciphers/ciphercommon_block.c:124:
*** WARNING : deprecated key derivation used.
Using -iter or -pbkdf2 would be better.
bad decrypt
401720175E740000:error:1C800064:Provider routines:ossl_cipher_unpadblock:bad decrypt:../providers/implementations/ciphers/ciphercommon_block.c:124:
*** WARNING : deprecated key derivation used.
Using -iter or -pbkdf2 would be better.
bad decrypt
40477AEC63760000:error:1C800064:Provider routines:ossl_cipher_unpadblock:bad decrypt:../providers/implementations/ciphers/ciphercommon_block.c:124:
*** WARNING : deprecated key derivation used.
Using -iter or -pbkdf2 would be better.
bad decrypt
4047A142F1730000:error:1C800064:Provider routines:ossl_cipher_unpadblock:bad decrypt:../providers/implementations/ciphers/ciphercommon_block.c:124:
*** WARNING : deprecated key derivation used.
Using -iter or -pbkdf2 would be better.
bad decrypt
40971959087B0000:error:1C800064:Provider routines:ossl_cipher_unpadblock:bad decrypt:../providers/implementations/ciphers/ciphercommon_block.c:124:
*** WARNING : deprecated key derivation used.
Using -iter or -pbkdf2 would be better.
bad decrypt
40B79C0B1A7C0000:error:1C800064:Provider routines:ossl_cipher_unpadblock:bad decrypt:../providers/implementations/ciphers/ciphercommon_block.c:124:
*** WARNING : deprecated key derivation used.
Using -iter or -pbkdf2 would be better.
Error setting cipher CAST5-CBC
40E7080AA8710000:error:0308010C:digital envelope routines:inner_evp_generic_fetch:unsupported:../crypto/evp/evp_fetch.c:386:Global default library context, Algorithm (CAST5-CBC : 18), Properties ()
*** WARNING : deprecated key derivation used.
Using -iter or -pbkdf2 would be better.
Error setting cipher CAST5-CBC
4097F1C81D710000:error:0308010C:digital envelope routines:inner_evp_generic_fetch:unsupported:../crypto/evp/evp_fetch.c:386:Global default library context, Algorithm (CAST5-CBC : 18), Properties ()
*** WARNING : deprecated key derivation used.
Using -iter or -pbkdf2 would be better.
Error setting cipher CAST5-CBC
4087AEEA28760000:error:0308010C:digital envelope routines:inner_evp_generic_fetch:unsupported:../crypto/evp/evp_fetch.c:386:Global default library context, Algorithm (CAST5-CBC : 18), Properties ()
*** WARNING : deprecated key derivation used.
Using -iter or -pbkdf2 would be better.
Error setting cipher CAST5-CBC
40171CB447720000:error:0308010C:digital envelope routines:inner_evp_generic_fetch:unsupported:../crypto/evp/evp_fetch.c:386:Global default library context, Algorithm (CAST5-CBC : 18), Properties ()
*** WARNING : deprecated key derivation used.
Using -iter or -pbkdf2 would be better.
Error setting cipher CAST5-CBC
40D7298C20770000:error:0308010C:digital envelope routines:inner_evp_generic_fetch:unsupported:../crypto/evp/evp_fetch.c:386:Global default library context, Algorithm (CAST5-CBC : 18), Properties ()
*** WARNING : deprecated key derivation used.
Using -iter or -pbkdf2 would be better.
Error setting cipher CAST5-CBC
4047F063B9740000:error:0308010C:digital envelope routines:inner_evp_generic_fetch:unsupported:../crypto/evp/evp_fetch.c:386:Global default library context, Algorithm (CAST5-CBC : 18), Properties ()
*** WARNING : deprecated key derivation used.
Using -iter or -pbkdf2 would be better.
Error setting cipher CAST5-CBC
40376D566B760000:error:0308010C:digital envelope routines:inner_evp_generic_fetch:unsupported:../crypto/evp/evp_fetch.c:386:Global default library context, Algorithm (CAST5-CBC : 18), Properties ()
*** WARNING : deprecated key derivation used.
Using -iter or -pbkdf2 would be better.
Error setting cipher CAST5-CBC
402741154F760000:error:0308010C:digital envelope routines:inner_evp_generic_fetch:unsupported:../crypto/evp/evp_fetch.c:386:Global default library context, Algorithm (CAST5-CBC : 18), Properties ()
*** WARNING : deprecated key derivation used.
Using -iter or -pbkdf2 would be better.
Error setting cipher CAST5-CBC
40F76B3CA7790000:error:0308010C:digital envelope routines:inner_evp_generic_fetch:unsupported:../crypto/evp/evp_fetch.c:386:Global default library context, Algorithm (CAST5-CBC : 18), Properties ()
*** WARNING : deprecated key derivation used.
Using -iter or -pbkdf2 would be better.
Error setting cipher CAST5-CFB
40A7DF0419780000:error:0308010C:digital envelope routines:inner_evp_generic_fetch:unsupported:../crypto/evp/evp_fetch.c:386:Global default library context, Algorithm (CAST5-CFB : 0), Properties ()
*** WARNING : deprecated key derivation used.
Using -iter or -pbkdf2 would be better.
Error setting cipher CAST5-CFB
40873CE86E720000:error:0308010C:digital envelope routines:inner_evp_generic_fetch:unsupported:../crypto/evp/evp_fetch.c:386:Global default library context, Algorithm (CAST5-CFB : 0), Properties ()
*** WARNING : deprecated key derivation used.
Using -iter or -pbkdf2 would be better.
Error setting cipher CAST5-CFB
406757DEFF7C0000:error:0308010C:digital envelope routines:inner_evp_generic_fetch:unsupported:../crypto/evp/evp_fetch.c:386:Global default library context, Algorithm (CAST5-CFB : 0), Properties ()
*** WARNING : deprecated key derivation used.
Using -iter or -pbkdf2 would be better.
Error setting cipher CAST5-ECB
40F72A445D720000:error:0308010C:digital envelope routines:inner_evp_generic_fetch:unsupported:../crypto/evp/evp_fetch.c:386:Global default library context, Algorithm (CAST5-ECB : 0), Properties ()
*** WARNING : deprecated key derivation used.
Using -iter or -pbkdf2 would be better.
Error setting cipher CAST5-ECB
4037B23F67700000:error:0308010C:digital envelope routines:inner_evp_generic_fetch:unsupported:../crypto/evp/evp_fetch.c:386:Global default library context, Algorithm (CAST5-ECB : 0), Properties ()
*** WARNING : deprecated key derivation used.
Using -iter or -pbkdf2 would be better.
Error setting cipher CAST5-ECB
40B771D409780000:error:0308010C:digital envelope routines:inner_evp_generic_fetch:unsupported:../crypto/evp/evp_fetch.c:386:Global default library context, Algorithm (CAST5-ECB : 0), Properties ()
*** WARNING : deprecated key derivation used.
Using -iter or -pbkdf2 would be better.
Error setting cipher CAST5-OFB
4067CA97F3780000:error:0308010C:digital envelope routines:inner_evp_generic_fetch:unsupported:../crypto/evp/evp_fetch.c:386:Global default library context, Algorithm (CAST5-OFB : 0), Properties ()
*** WARNING : deprecated key derivation used.
Using -iter or -pbkdf2 would be better.
Error setting cipher CAST5-OFB
40378C6919760000:error:0308010C:digital envelope routines:inner_evp_generic_fetch:unsupported:../crypto/evp/evp_fetch.c:386:Global default library context, Algorithm (CAST5-OFB : 0), Properties ()
*** WARNING : deprecated key derivation used.
Using -iter or -pbkdf2 would be better.
Error setting cipher CAST5-OFB
40B7684157760000:error:0308010C:digital envelope routines:inner_evp_generic_fetch:unsupported:../crypto/evp/evp_fetch.c:386:Global default library context, Algorithm (CAST5-OFB : 0), Properties ()
*** WARNING : deprecated key derivation used.
Using -iter or -pbkdf2 would be better.
*** WARNING : deprecated key derivation used.
Using -iter or -pbkdf2 would be better.
*** WARNING : deprecated key derivation used.
Using -iter or -pbkdf2 would be better.
*** WARNING : deprecated key derivation used.
Using -iter or -pbkdf2 would be better.
Error setting cipher DES-CBC
40D7BF5E1D7C0000:error:0308010C:digital envelope routines:inner_evp_generic_fetch:unsupported:../crypto/evp/evp_fetch.c:386:Global default library context, Algorithm (DES-CBC : 8), Properties ()
*** WARNING : deprecated key derivation used.
Using -iter or -pbkdf2 would be better.
Error setting cipher DES-CBC
4077DE0218740000:error:0308010C:digital envelope routines:inner_evp_generic_fetch:unsupported:../crypto/evp/evp_fetch.c:386:Global default library context, Algorithm (DES-CBC : 8), Properties ()
*** WARNING : deprecated key derivation used.
Using -iter or -pbkdf2 would be better.
Error setting cipher DES-CBC
401732FAFE760000:error:0308010C:digital envelope routines:inner_evp_generic_fetch:unsupported:../crypto/evp/evp_fetch.c:386:Global default library context, Algorithm (DES-CBC : 8), Properties ()
*** WARNING : deprecated key derivation used.
Using -iter or -pbkdf2 would be better.
Error setting cipher DES-CBC
40F74402807B0000:error:0308010C:digital envelope routines:inner_evp_generic_fetch:unsupported:../crypto/evp/evp_fetch.c:386:Global default library context, Algorithm (DES-CBC : 8), Properties ()
*** WARNING : deprecated key derivation used.
Using -iter or -pbkdf2 would be better.
Error setting cipher DES-CBC
40478F8761750000:error:0308010C:digital envelope routines:inner_evp_generic_fetch:unsupported:../crypto/evp/evp_fetch.c:386:Global default library context, Algorithm (DES-CBC : 8), Properties ()
*** WARNING : deprecated key derivation used.
Using -iter or -pbkdf2 would be better.
Error setting cipher DES-CBC
40A7B954A1730000:error:0308010C:digital envelope routines:inner_evp_generic_fetch:unsupported:../crypto/evp/evp_fetch.c:386:Global default library context, Algorithm (DES-CBC : 8), Properties ()
*** WARNING : deprecated key derivation used.
Using -iter or -pbkdf2 would be better.
Error setting cipher DES-CFB
407713BD81790000:error:0308010C:digital envelope routines:inner_evp_generic_fetch:unsupported:../crypto/evp/evp_fetch.c:386:Global default library context, Algorithm (DES-CFB : 38), Properties ()
*** WARNING : deprecated key derivation used.
Using -iter or -pbkdf2 would be better.
Error setting cipher DES-CFB
40D7C2E371780000:error:0308010C:digital envelope routines:inner_evp_generic_fetch:unsupported:../crypto/evp/evp_fetch.c:386:Global default library context, Algorithm (DES-CFB : 38), Properties ()
*** WARNING : deprecated key derivation used.
Using -iter or -pbkdf2 would be better.
Error setting cipher DES-CFB
40673F00787E0000:error:0308010C:digital envelope routines:inner_evp_generic_fetch:unsupported:../crypto/evp/evp_fetch.c:386:Global default library context, Algorithm (DES-CFB : 38), Properties ()
*** WARNING : deprecated key derivation used.
Using -iter or -pbkdf2 would be better.
Error setting cipher DES-CFB1
40271976237C0000:error:0308010C:digital envelope routines:inner_evp_generic_fetch:unsupported:../crypto/evp/evp_fetch.c:386:Global default library context, Algorithm (DES-CFB1 : 0), Properties ()
*** WARNING : deprecated key derivation used.
Using -iter or -pbkdf2 would be better.
Error setting cipher DES-CFB1
40B7BDF9A2790000:error:0308010C:digital envelope routines:inner_evp_generic_fetch:unsupported:../crypto/evp/evp_fetch.c:386:Global default library context, Algorithm (DES-CFB1 : 0), Properties ()
*** WARNING : deprecated key derivation used.
Using -iter or -pbkdf2 would be better.
Error setting cipher DES-CFB1
408792B5B7790000:error:0308010C:digital envelope routines:inner_evp_generic_fetch:unsupported:../crypto/evp/evp_fetch.c:386:Global default library context, Algorithm (DES-CFB1 : 0), Properties ()
*** WARNING : deprecated key derivation used.
Using -iter or -pbkdf2 would be better.
Error setting cipher DES-CFB8
4057665B357D0000:error:0308010C:digital envelope routines:inner_evp_generic_fetch:unsupported:../crypto/evp/evp_fetch.c:386:Global default library context, Algorithm (DES-CFB8 : 0), Properties ()
*** WARNING : deprecated key derivation used.
Using -iter or -pbkdf2 would be better.
Error setting cipher DES-CFB8
4057CD091A7D0000:error:0308010C:digital envelope routines:inner_evp_generic_fetch:unsupported:../crypto/evp/evp_fetch.c:386:Global default library context, Algorithm (DES-CFB8 : 0), Properties ()
*** WARNING : deprecated key derivation used.
Using -iter or -pbkdf2 would be better.
Error setting cipher DES-CFB8
40874739F57A0000:error:0308010C:digital envelope routines:inner_evp_generic_fetch:unsupported:../crypto/evp/evp_fetch.c:386:Global default library context, Algorithm (DES-CFB8 : 0), Properties ()
*** WARNING : deprecated key derivation used.
Using -iter or -pbkdf2 would be better.
Error setting cipher DES-ECB
40C755D8407D0000:error:0308010C:digital envelope routines:inner_evp_generic_fetch:unsupported:../crypto/evp/evp_fetch.c:386:Global default library context, Algorithm (DES-ECB : 1), Properties ()
*** WARNING : deprecated key derivation used.
Using -iter or -pbkdf2 would be better.
Error setting cipher DES-ECB
40F7C0B235760000:error:0308010C:digital envelope routines:inner_evp_generic_fetch:unsupported:../crypto/evp/evp_fetch.c:386:Global default library context, Algorithm (DES-ECB : 1), Properties ()
*** WARNING : deprecated key derivation used.
Using -iter or -pbkdf2 would be better.
Error setting cipher DES-ECB
40174572237E0000:error:0308010C:digital envelope routines:inner_evp_generic_fetch:unsupported:../crypto/evp/evp_fetch.c:386:Global default library context, Algorithm (DES-ECB : 1), Properties ()
*** WARNING : deprecated key derivation used.
Using -iter or -pbkdf2 would be better.
bad decrypt
4087E06F917A0000:error:1C800064:Provider routines:ossl_cipher_unpadblock:bad decrypt:../providers/implementations/ciphers/ciphercommon_block.c:124:
*** WARNING : deprecated key derivation used.
Using -iter or -pbkdf2 would be better.
bad decrypt
4017803237750000:error:1C800064:Provider routines:ossl_cipher_unpadblock:bad decrypt:../providers/implementations/ciphers/ciphercommon_block.c:124:
*** WARNING : deprecated key derivation used.
Using -iter or -pbkdf2 would be better.
bad decrypt
40F7C08089770000:error:1C800064:Provider routines:ossl_cipher_unpadblock:bad decrypt:../providers/implementations/ciphers/ciphercommon_block.c:124:
*** WARNING : deprecated key derivation used.
Using -iter or -pbkdf2 would be better.
bad decrypt
40E71DBF36760000:error:1C800064:Provider routines:ossl_cipher_unpadblock:bad decrypt:../providers/implementations/ciphers/ciphercommon_block.c:124:
*** WARNING : deprecated key derivation used.
Using -iter or -pbkdf2 would be better.
bad decrypt
40073DF5D9720000:error:1C800064:Provider routines:ossl_cipher_unpadblock:bad decrypt:../providers/implementations/ciphers/ciphercommon_block.c:124:
*** WARNING : deprecated key derivation used.
Using -iter or -pbkdf2 would be better.
bad decrypt
40B7614874700000:error:1C800064:Provider routines:ossl_cipher_unpadblock:bad decrypt:../providers/implementations/ciphers/ciphercommon_block.c:124:
*** WARNING : deprecated key derivation used.
Using -iter or -pbkdf2 would be better.
*** WARNING : deprecated key derivation used.
Using -iter or -pbkdf2 would be better.
*** WARNING : deprecated key derivation used.
Using -iter or -pbkdf2 would be better.
*** WARNING : deprecated key derivation used.
Using -iter or -pbkdf2 would be better.
bad decrypt
40A7ADBDF17A0000:error:1C800064:Provider routines:ossl_cipher_unpadblock:bad decrypt:../providers/implementations/ciphers/ciphercommon_block.c:124:
*** WARNING : deprecated key derivation used.
Using -iter or -pbkdf2 would be better.
bad decrypt
40372CC8F77E0000:error:1C800064:Provider routines:ossl_cipher_unpadblock:bad decrypt:../providers/implementations/ciphers/ciphercommon_block.c:124:
*** WARNING : deprecated key derivation used.
Using -iter or -pbkdf2 would be better.
bad decrypt
40A7B4D2257F0000:error:1C800064:Provider routines:ossl_cipher_unpadblock:bad decrypt:../providers/implementations/ciphers/ciphercommon_block.c:124:
*** WARNING : deprecated key derivation used.
Using -iter or -pbkdf2 would be better.
*** WARNING : deprecated key derivation used.
Using -iter or -pbkdf2 would be better.
*** WARNING : deprecated key derivation used.
Using -iter or -pbkdf2 would be better.
*** WARNING : deprecated key derivation used.
Using -iter or -pbkdf2 would be better.
bad decrypt
40873B2B877B0000:error:1C800064:Provider routines:ossl_cipher_unpadblock:bad decrypt:../providers/implementations/ciphers/ciphercommon_block.c:124:
*** WARNING : deprecated key derivation used.
Using -iter or -pbkdf2 would be better.
bad decrypt
4087DA15107C0000:error:1C800064:Provider routines:ossl_cipher_unpadblock:bad decrypt:../providers/implementations/ciphers/ciphercommon_block.c:124:
*** WARNING : deprecated key derivation used.
Using -iter or -pbkdf2 would be better.
bad decrypt
4057563E827B0000:error:1C800064:Provider routines:ossl_cipher_unpadblock:bad decrypt:../providers/implementations/ciphers/ciphercommon_block.c:124:
*** WARNING : deprecated key derivation used.
Using -iter or -pbkdf2 would be better.
bad decrypt
40079E10CE790000:error:1C800064:Provider routines:ossl_cipher_unpadblock:bad decrypt:../providers/implementations/ciphers/ciphercommon_block.c:124:
*** WARNING : deprecated key derivation used.
Using -iter or -pbkdf2 would be better.
bad decrypt
40A7BC5943760000:error:1C800064:Provider routines:ossl_cipher_unpadblock:bad decrypt:../providers/implementations/ciphers/ciphercommon_block.c:124:
*** WARNING : deprecated key derivation used.
Using -iter or -pbkdf2 would be better.
bad decrypt
40979B832B7B0000:error:1C800064:Provider routines:ossl_cipher_unpadblock:bad decrypt:../providers/implementations/ciphers/ciphercommon_block.c:124:
*** WARNING : deprecated key derivation used.
Using -iter or -pbkdf2 would be better.
*** WARNING : deprecated key derivation used.
Using -iter or -pbkdf2 would be better.
*** WARNING : deprecated key derivation used.
Using -iter or -pbkdf2 would be better.
*** WARNING : deprecated key derivation used.
Using -iter or -pbkdf2 would be better.
*** WARNING : deprecated key derivation used.
Using -iter or -pbkdf2 would be better.
*** WARNING : deprecated key derivation used.
Using -iter or -pbkdf2 would be better.
*** WARNING : deprecated key derivation used.
Using -iter or -pbkdf2 would be better.
*** WARNING : deprecated key derivation used.
Using -iter or -pbkdf2 would be better.
*** WARNING : deprecated key derivation used.
Using -iter or -pbkdf2 would be better.
*** WARNING : deprecated key derivation used.
Using -iter or -pbkdf2 would be better.
bad decrypt
40F734D7DD770000:error:1C800064:Provider routines:ossl_cipher_unpadblock:bad decrypt:../providers/implementations/ciphers/ciphercommon_block.c:124:
*** WARNING : deprecated key derivation used.
Using -iter or -pbkdf2 would be better.
bad decrypt
4047F7D783740000:error:1C800064:Provider routines:ossl_cipher_unpadblock:bad decrypt:../providers/implementations/ciphers/ciphercommon_block.c:124:
*** WARNING : deprecated key derivation used.
Using -iter or -pbkdf2 would be better.
bad decrypt
4037FDA7FC7B0000:error:1C800064:Provider routines:ossl_cipher_unpadblock:bad decrypt:../providers/implementations/ciphers/ciphercommon_block.c:124:
*** WARNING : deprecated key derivation used.
Using -iter or -pbkdf2 would be better.
*** WARNING : deprecated key derivation used.
Using -iter or -pbkdf2 would be better.
*** WARNING : deprecated key derivation used.
Using -iter or -pbkdf2 would be better.
*** WARNING : deprecated key derivation used.
Using -iter or -pbkdf2 would be better.
Error setting cipher DES-OFB
4057236664790000:error:0308010C:digital envelope routines:inner_evp_generic_fetch:unsupported:../crypto/evp/evp_fetch.c:386:Global default library context, Algorithm (DES-OFB : 66), Properties ()
*** WARNING : deprecated key derivation used.
Using -iter or -pbkdf2 would be better.
Error setting cipher DES-OFB
40179C111F7A0000:error:0308010C:digital envelope routines:inner_evp_generic_fetch:unsupported:../crypto/evp/evp_fetch.c:386:Global default library context, Algorithm (DES-OFB : 66), Properties ()
*** WARNING : deprecated key derivation used.
Using -iter or -pbkdf2 would be better.
Error setting cipher DES-OFB
4027E82B1A7B0000:error:0308010C:digital envelope routines:inner_evp_generic_fetch:unsupported:../crypto/evp/evp_fetch.c:386:Global default library context, Algorithm (DES-OFB : 66), Properties ()
*** WARNING : deprecated key derivation used.
Using -iter or -pbkdf2 would be better.
bad decrypt
4027673BD2730000:error:1C800064:Provider routines:ossl_cipher_unpadblock:bad decrypt:../providers/implementations/ciphers/ciphercommon_block.c:124:
*** WARNING : deprecated key derivation used.
Using -iter or -pbkdf2 would be better.
bad decrypt
4017F8644A750000:error:1C800064:Provider routines:ossl_cipher_unpadblock:bad decrypt:../providers/implementations/ciphers/ciphercommon_block.c:124:
*** WARNING : deprecated key derivation used.
Using -iter or -pbkdf2 would be better.
bad decrypt
4017F3C84D740000:error:1C800064:Provider routines:ossl_cipher_unpadblock:bad decrypt:../providers/implementations/ciphers/ciphercommon_block.c:124:
*** WARNING : deprecated key derivation used.
Using -iter or -pbkdf2 would be better.
error writing output file
4027CE8BF9710000:error:1C800066:Provider routines:tdes_wrap_update:cipher operation failed:../providers/implementations/ciphers/cipher_tdes_wrap.c:164:
*** WARNING : deprecated key derivation used.
Using -iter or -pbkdf2 would be better.
*** WARNING : deprecated key derivation used.
Using -iter or -pbkdf2 would be better.
*** WARNING : deprecated key derivation used.
Using -iter or -pbkdf2 would be better.
Error setting cipher DESX-CBC
4087E006E9780000:error:0308010C:digital envelope routines:inner_evp_generic_fetch:unsupported:../crypto/evp/evp_fetch.c:386:Global default library context, Algorithm (DESX-CBC : 0), Properties ()
*** WARNING : deprecated key derivation used.
Using -iter or -pbkdf2 would be better.
Error setting cipher DESX-CBC
400748AE027D0000:error:0308010C:digital envelope routines:inner_evp_generic_fetch:unsupported:../crypto/evp/evp_fetch.c:386:Global default library context, Algorithm (DESX-CBC : 0), Properties ()
*** WARNING : deprecated key derivation used.
Using -iter or -pbkdf2 would be better.
Error setting cipher DESX-CBC
403777B504720000:error:0308010C:digital envelope routines:inner_evp_generic_fetch:unsupported:../crypto/evp/evp_fetch.c:386:Global default library context, Algorithm (DESX-CBC : 0), Properties ()
*** WARNING : deprecated key derivation used.
Using -iter or -pbkdf2 would be better.
Error setting cipher DESX-CBC
40D76535667C0000:error:0308010C:digital envelope routines:inner_evp_generic_fetch:unsupported:../crypto/evp/evp_fetch.c:386:Global default library context, Algorithm (DESX-CBC : 0), Properties ()
*** WARNING : deprecated key derivation used.
Using -iter or -pbkdf2 would be better.
Error setting cipher DESX-CBC
4027FFD9C07D0000:error:0308010C:digital envelope routines:inner_evp_generic_fetch:unsupported:../crypto/evp/evp_fetch.c:386:Global default library context, Algorithm (DESX-CBC : 0), Properties ()
*** WARNING : deprecated key derivation used.
Using -iter or -pbkdf2 would be better.
Error setting cipher DESX-CBC
4037771A167D0000:error:0308010C:digital envelope routines:inner_evp_generic_fetch:unsupported:../crypto/evp/evp_fetch.c:386:Global default library context, Algorithm (DESX-CBC : 0), Properties ()
*** WARNING : deprecated key derivation used.
Using -iter or -pbkdf2 would be better.
error writing output file
40279B6E427A0000:error:1C800066:Provider routines:aes_wrap_cipher_internal:cipher operation failed:../providers/implementations/ciphers/cipher_aes_wrp.c:212:
40279B6E427A0000:error:030000BD:digital envelope routines:EVP_DecryptUpdate:update error:../crypto/evp/evp_enc.c:837:
*** WARNING : deprecated key derivation used.
Using -iter or -pbkdf2 would be better.
*** WARNING : deprecated key derivation used.
Using -iter or -pbkdf2 would be better.
*** WARNING : deprecated key derivation used.
Using -iter or -pbkdf2 would be better.
error writing output file
40A7087EFF780000:error:1C800066:Provider routines:aes_wrap_cipher_internal:cipher operation failed:../providers/implementations/ciphers/cipher_aes_wrp.c:212:
40A7087EFF780000:error:030000BD:digital envelope routines:EVP_DecryptUpdate:update error:../crypto/evp/evp_enc.c:837:
*** WARNING : deprecated key derivation used.
Using -iter or -pbkdf2 would be better.
*** WARNING : deprecated key derivation used.
Using -iter or -pbkdf2 would be better.
*** WARNING : deprecated key derivation used.
Using -iter or -pbkdf2 would be better.
error writing output file
40B767F1CC790000:error:1C800066:Provider routines:aes_wrap_cipher_internal:cipher operation failed:../providers/implementations/ciphers/cipher_aes_wrp.c:212:
40B767F1CC790000:error:030000BD:digital envelope routines:EVP_DecryptUpdate:update error:../crypto/evp/evp_enc.c:837:
*** WARNING : deprecated key derivation used.
Using -iter or -pbkdf2 would be better.
*** WARNING : deprecated key derivation used.
Using -iter or -pbkdf2 would be better.
*** WARNING : deprecated key derivation used.
Using -iter or -pbkdf2 would be better.
error writing output file
40E720A218750000:error:1C800066:Provider routines:aes_wrap_cipher_internal:cipher operation failed:../providers/implementations/ciphers/cipher_aes_wrp.c:212:
40E720A218750000:error:030000BD:digital envelope routines:EVP_DecryptUpdate:update error:../crypto/evp/evp_enc.c:837:
*** WARNING : deprecated key derivation used.
Using -iter or -pbkdf2 would be better.
*** WARNING : deprecated key derivation used.
Using -iter or -pbkdf2 would be better.
*** WARNING : deprecated key derivation used.
Using -iter or -pbkdf2 would be better.
error writing output file
40C71D2E147F0000:error:1C800066:Provider routines:aes_wrap_cipher_internal:cipher operation failed:../providers/implementations/ciphers/cipher_aes_wrp.c:212:
40C71D2E147F0000:error:030000BD:digital envelope routines:EVP_DecryptUpdate:update error:../crypto/evp/evp_enc.c:837:
*** WARNING : deprecated key derivation used.
Using -iter or -pbkdf2 would be better.
*** WARNING : deprecated key derivation used.
Using -iter or -pbkdf2 would be better.
*** WARNING : deprecated key derivation used.
Using -iter or -pbkdf2 would be better.
error writing output file
4097E77FB2710000:error:1C800066:Provider routines:aes_wrap_cipher_internal:cipher operation failed:../providers/implementations/ciphers/cipher_aes_wrp.c:212:
4097E77FB2710000:error:030000BD:digital envelope routines:EVP_DecryptUpdate:update error:../crypto/evp/evp_enc.c:837:
*** WARNING : deprecated key derivation used.
Using -iter or -pbkdf2 would be better.
*** WARNING : deprecated key derivation used.
Using -iter or -pbkdf2 would be better.
*** WARNING : deprecated key derivation used.
Using -iter or -pbkdf2 would be better.
error writing output file
40171460F1770000:error:1C800066:Provider routines:tdes_wrap_update:cipher operation failed:../providers/implementations/ciphers/cipher_tdes_wrap.c:164:
*** WARNING : deprecated key derivation used.
Using -iter or -pbkdf2 would be better.
*** WARNING : deprecated key derivation used.
Using -iter or -pbkdf2 would be better.
*** WARNING : deprecated key derivation used.
Using -iter or -pbkdf2 would be better.
Error setting cipher RC2-CBC
40A7EB89D7790000:error:0308010C:digital envelope routines:inner_evp_generic_fetch:unsupported:../crypto/evp/evp_fetch.c:386:Global default library context, Algorithm (RC2-CBC : 4), Properties ()
*** WARNING : deprecated key derivation used.
Using -iter or -pbkdf2 would be better.
Error setting cipher RC2-CBC
40F79B8034700000:error:0308010C:digital envelope routines:inner_evp_generic_fetch:unsupported:../crypto/evp/evp_fetch.c:386:Global default library context, Algorithm (RC2-CBC : 4), Properties ()
*** WARNING : deprecated key derivation used.
Using -iter or -pbkdf2 would be better.
Error setting cipher RC2-CBC
40C74EF36D7D0000:error:0308010C:digital envelope routines:inner_evp_generic_fetch:unsupported:../crypto/evp/evp_fetch.c:386:Global default library context, Algorithm (RC2-CBC : 4), Properties ()
*** WARNING : deprecated key derivation used.
Using -iter or -pbkdf2 would be better.
Error setting cipher RC2-CBC
409725944E770000:error:0308010C:digital envelope routines:inner_evp_generic_fetch:unsupported:../crypto/evp/evp_fetch.c:386:Global default library context, Algorithm (RC2-CBC : 4), Properties ()
*** WARNING : deprecated key derivation used.
Using -iter or -pbkdf2 would be better.
Error setting cipher RC2-CBC
40F7ACE909730000:error:0308010C:digital envelope routines:inner_evp_generic_fetch:unsupported:../crypto/evp/evp_fetch.c:386:Global default library context, Algorithm (RC2-CBC : 4), Properties ()
*** WARNING : deprecated key derivation used.
Using -iter or -pbkdf2 would be better.
Error setting cipher RC2-CBC
40979168DB700000:error:0308010C:digital envelope routines:inner_evp_generic_fetch:unsupported:../crypto/evp/evp_fetch.c:386:Global default library context, Algorithm (RC2-CBC : 4), Properties ()
*** WARNING : deprecated key derivation used.
Using -iter or -pbkdf2 would be better.
Error setting cipher RC2-40-CBC
4007EFE17C710000:error:0308010C:digital envelope routines:inner_evp_generic_fetch:unsupported:../crypto/evp/evp_fetch.c:386:Global default library context, Algorithm (RC2-40-CBC : 0), Properties ()
*** WARNING : deprecated key derivation used.
Using -iter or -pbkdf2 would be better.
Error setting cipher RC2-40-CBC
4027C5065D760000:error:0308010C:digital envelope routines:inner_evp_generic_fetch:unsupported:../crypto/evp/evp_fetch.c:386:Global default library context, Algorithm (RC2-40-CBC : 0), Properties ()
*** WARNING : deprecated key derivation used.
Using -iter or -pbkdf2 would be better.
Error setting cipher RC2-40-CBC
402744F085710000:error:0308010C:digital envelope routines:inner_evp_generic_fetch:unsupported:../crypto/evp/evp_fetch.c:386:Global default library context, Algorithm (RC2-40-CBC : 0), Properties ()
*** WARNING : deprecated key derivation used.
Using -iter or -pbkdf2 would be better.
Error setting cipher RC2-40-CBC
4067D42970780000:error:0308010C:digital envelope routines:inner_evp_generic_fetch:unsupported:../crypto/evp/evp_fetch.c:386:Global default library context, Algorithm (RC2-40-CBC : 0), Properties ()
*** WARNING : deprecated key derivation used.
Using -iter or -pbkdf2 would be better.
Error setting cipher RC2-40-CBC
4097DB28D97F0000:error:0308010C:digital envelope routines:inner_evp_generic_fetch:unsupported:../crypto/evp/evp_fetch.c:386:Global default library context, Algorithm (RC2-40-CBC : 0), Properties ()
*** WARNING : deprecated key derivation used.
Using -iter or -pbkdf2 would be better.
Error setting cipher RC2-40-CBC
4007177F42770000:error:0308010C:digital envelope routines:inner_evp_generic_fetch:unsupported:../crypto/evp/evp_fetch.c:386:Global default library context, Algorithm (RC2-40-CBC : 0), Properties ()
*** WARNING : deprecated key derivation used.
Using -iter or -pbkdf2 would be better.
Error setting cipher RC2-64-CBC
402786D5D47B0000:error:0308010C:digital envelope routines:inner_evp_generic_fetch:unsupported:../crypto/evp/evp_fetch.c:386:Global default library context, Algorithm (RC2-64-CBC : 0), Properties ()
*** WARNING : deprecated key derivation used.
Using -iter or -pbkdf2 would be better.
Error setting cipher RC2-64-CBC
4017ABA3A9740000:error:0308010C:digital envelope routines:inner_evp_generic_fetch:unsupported:../crypto/evp/evp_fetch.c:386:Global default library context, Algorithm (RC2-64-CBC : 0), Properties ()
*** WARNING : deprecated key derivation used.
Using -iter or -pbkdf2 would be better.
Error setting cipher RC2-64-CBC
4017E0EEAA730000:error:0308010C:digital envelope routines:inner_evp_generic_fetch:unsupported:../crypto/evp/evp_fetch.c:386:Global default library context, Algorithm (RC2-64-CBC : 0), Properties ()
*** WARNING : deprecated key derivation used.
Using -iter or -pbkdf2 would be better.
Error setting cipher RC2-64-CBC
4037CAFC687E0000:error:0308010C:digital envelope routines:inner_evp_generic_fetch:unsupported:../crypto/evp/evp_fetch.c:386:Global default library context, Algorithm (RC2-64-CBC : 0), Properties ()
*** WARNING : deprecated key derivation used.
Using -iter or -pbkdf2 would be better.
Error setting cipher RC2-64-CBC
40C76B074D710000:error:0308010C:digital envelope routines:inner_evp_generic_fetch:unsupported:../crypto/evp/evp_fetch.c:386:Global default library context, Algorithm (RC2-64-CBC : 0), Properties ()
*** WARNING : deprecated key derivation used.
Using -iter or -pbkdf2 would be better.
Error setting cipher RC2-64-CBC
4087398BA47B0000:error:0308010C:digital envelope routines:inner_evp_generic_fetch:unsupported:../crypto/evp/evp_fetch.c:386:Global default library context, Algorithm (RC2-64-CBC : 0), Properties ()
*** WARNING : deprecated key derivation used.
Using -iter or -pbkdf2 would be better.
Error setting cipher RC2-CBC
40970965A87E0000:error:0308010C:digital envelope routines:inner_evp_generic_fetch:unsupported:../crypto/evp/evp_fetch.c:386:Global default library context, Algorithm (RC2-CBC : 4), Properties ()
*** WARNING : deprecated key derivation used.
Using -iter or -pbkdf2 would be better.
Error setting cipher RC2-CBC
40D7F06833780000:error:0308010C:digital envelope routines:inner_evp_generic_fetch:unsupported:../crypto/evp/evp_fetch.c:386:Global default library context, Algorithm (RC2-CBC : 4), Properties ()
*** WARNING : deprecated key derivation used.
Using -iter or -pbkdf2 would be better.
Error setting cipher RC2-CBC
40C7149C77760000:error:0308010C:digital envelope routines:inner_evp_generic_fetch:unsupported:../crypto/evp/evp_fetch.c:386:Global default library context, Algorithm (RC2-CBC : 4), Properties ()
*** WARNING : deprecated key derivation used.
Using -iter or -pbkdf2 would be better.
Error setting cipher RC2-CFB
4007665494780000:error:0308010C:digital envelope routines:inner_evp_generic_fetch:unsupported:../crypto/evp/evp_fetch.c:386:Global default library context, Algorithm (RC2-CFB : 0), Properties ()
*** WARNING : deprecated key derivation used.
Using -iter or -pbkdf2 would be better.
Error setting cipher RC2-CFB
4017DAEB26710000:error:0308010C:digital envelope routines:inner_evp_generic_fetch:unsupported:../crypto/evp/evp_fetch.c:386:Global default library context, Algorithm (RC2-CFB : 0), Properties ()
*** WARNING : deprecated key derivation used.
Using -iter or -pbkdf2 would be better.
Error setting cipher RC2-CFB
40A7C2FAE1710000:error:0308010C:digital envelope routines:inner_evp_generic_fetch:unsupported:../crypto/evp/evp_fetch.c:386:Global default library context, Algorithm (RC2-CFB : 0), Properties ()
*** WARNING : deprecated key derivation used.
Using -iter or -pbkdf2 would be better.
Error setting cipher RC2-ECB
40B73665017C0000:error:0308010C:digital envelope routines:inner_evp_generic_fetch:unsupported:../crypto/evp/evp_fetch.c:386:Global default library context, Algorithm (RC2-ECB : 0), Properties ()
*** WARNING : deprecated key derivation used.
Using -iter or -pbkdf2 would be better.
Error setting cipher RC2-ECB
406716BABF770000:error:0308010C:digital envelope routines:inner_evp_generic_fetch:unsupported:../crypto/evp/evp_fetch.c:386:Global default library context, Algorithm (RC2-ECB : 0), Properties ()
*** WARNING : deprecated key derivation used.
Using -iter or -pbkdf2 would be better.
Error setting cipher RC2-ECB
40A7E04A82780000:error:0308010C:digital envelope routines:inner_evp_generic_fetch:unsupported:../crypto/evp/evp_fetch.c:386:Global default library context, Algorithm (RC2-ECB : 0), Properties ()
*** WARNING : deprecated key derivation used.
Using -iter or -pbkdf2 would be better.
Error setting cipher RC2-OFB
401758D95D730000:error:0308010C:digital envelope routines:inner_evp_generic_fetch:unsupported:../crypto/evp/evp_fetch.c:386:Global default library context, Algorithm (RC2-OFB : 0), Properties ()
*** WARNING : deprecated key derivation used.
Using -iter or -pbkdf2 would be better.
Error setting cipher RC2-OFB
40974FFFA9740000:error:0308010C:digital envelope routines:inner_evp_generic_fetch:unsupported:../crypto/evp/evp_fetch.c:386:Global default library context, Algorithm (RC2-OFB : 0), Properties ()
*** WARNING : deprecated key derivation used.
Using -iter or -pbkdf2 would be better.
Error setting cipher RC2-OFB
40C7CF7D14710000:error:0308010C:digital envelope routines:inner_evp_generic_fetch:unsupported:../crypto/evp/evp_fetch.c:386:Global default library context, Algorithm (RC2-OFB : 0), Properties ()
*** WARNING : deprecated key derivation used.
Using -iter or -pbkdf2 would be better.
Error setting cipher RC4
4097C081BE770000:error:0308010C:digital envelope routines:inner_evp_generic_fetch:unsupported:../crypto/evp/evp_fetch.c:386:Global default library context, Algorithm (RC4 : 37), Properties ()
*** WARNING : deprecated key derivation used.
Using -iter or -pbkdf2 would be better.
Error setting cipher RC4
4087B86EA2720000:error:0308010C:digital envelope routines:inner_evp_generic_fetch:unsupported:../crypto/evp/evp_fetch.c:386:Global default library context, Algorithm (RC4 : 37), Properties ()
*** WARNING : deprecated key derivation used.
Using -iter or -pbkdf2 would be better.
Error setting cipher RC4
400722D70B7C0000:error:0308010C:digital envelope routines:inner_evp_generic_fetch:unsupported:../crypto/evp/evp_fetch.c:386:Global default library context, Algorithm (RC4 : 37), Properties ()
*** WARNING : deprecated key derivation used.
Using -iter or -pbkdf2 would be better.
Error setting cipher RC4-40
4007E4DD0C740000:error:0308010C:digital envelope routines:inner_evp_generic_fetch:unsupported:../crypto/evp/evp_fetch.c:386:Global default library context, Algorithm (RC4-40 : 0), Properties ()
*** WARNING : deprecated key derivation used.
Using -iter or -pbkdf2 would be better.
Error setting cipher RC4-40
40C744BDFB7B0000:error:0308010C:digital envelope routines:inner_evp_generic_fetch:unsupported:../crypto/evp/evp_fetch.c:386:Global default library context, Algorithm (RC4-40 : 0), Properties ()
*** WARNING : deprecated key derivation used.
Using -iter or -pbkdf2 would be better.
Error setting cipher RC4-40
40474C89627E0000:error:0308010C:digital envelope routines:inner_evp_generic_fetch:unsupported:../crypto/evp/evp_fetch.c:386:Global default library context, Algorithm (RC4-40 : 0), Properties ()
*** WARNING : deprecated key derivation used.
Using -iter or -pbkdf2 would be better.
Error setting cipher SEED-CBC
40A762433C7B0000:error:0308010C:digital envelope routines:inner_evp_generic_fetch:unsupported:../crypto/evp/evp_fetch.c:386:Global default library context, Algorithm (SEED-CBC : 53), Properties ()
*** WARNING : deprecated key derivation used.
Using -iter or -pbkdf2 would be better.
Error setting cipher SEED-CBC
4067D289F47E0000:error:0308010C:digital envelope routines:inner_evp_generic_fetch:unsupported:../crypto/evp/evp_fetch.c:386:Global default library context, Algorithm (SEED-CBC : 53), Properties ()
*** WARNING : deprecated key derivation used.
Using -iter or -pbkdf2 would be better.
Error setting cipher SEED-CBC
40C70867937F0000:error:0308010C:digital envelope routines:inner_evp_generic_fetch:unsupported:../crypto/evp/evp_fetch.c:386:Global default library context, Algorithm (SEED-CBC : 53), Properties ()
*** WARNING : deprecated key derivation used.
Using -iter or -pbkdf2 would be better.
Error setting cipher SEED-CBC
40D7962FEC730000:error:0308010C:digital envelope routines:inner_evp_generic_fetch:unsupported:../crypto/evp/evp_fetch.c:386:Global default library context, Algorithm (SEED-CBC : 53), Properties ()
*** WARNING : deprecated key derivation used.
Using -iter or -pbkdf2 would be better.
Error setting cipher SEED-CBC
40678DAA487C0000:error:0308010C:digital envelope routines:inner_evp_generic_fetch:unsupported:../crypto/evp/evp_fetch.c:386:Global default library context, Algorithm (SEED-CBC : 53), Properties ()
*** WARNING : deprecated key derivation used.
Using -iter or -pbkdf2 would be better.
Error setting cipher SEED-CBC
40A71D4ACF700000:error:0308010C:digital envelope routines:inner_evp_generic_fetch:unsupported:../crypto/evp/evp_fetch.c:386:Global default library context, Algorithm (SEED-CBC : 53), Properties ()
*** WARNING : deprecated key derivation used.
Using -iter or -pbkdf2 would be better.
Error setting cipher SEED-CFB
4007F44E43750000:error:0308010C:digital envelope routines:inner_evp_generic_fetch:unsupported:../crypto/evp/evp_fetch.c:386:Global default library context, Algorithm (SEED-CFB : 49), Properties ()
*** WARNING : deprecated key derivation used.
Using -iter or -pbkdf2 would be better.
Error setting cipher SEED-CFB
40F71440C7720000:error:0308010C:digital envelope routines:inner_evp_generic_fetch:unsupported:../crypto/evp/evp_fetch.c:386:Global default library context, Algorithm (SEED-CFB : 49), Properties ()
*** WARNING : deprecated key derivation used.
Using -iter or -pbkdf2 would be better.
Error setting cipher SEED-CFB
40B70E40C6720000:error:0308010C:digital envelope routines:inner_evp_generic_fetch:unsupported:../crypto/evp/evp_fetch.c:386:Global default library context, Algorithm (SEED-CFB : 49), Properties ()
*** WARNING : deprecated key derivation used.
Using -iter or -pbkdf2 would be better.
Error setting cipher SEED-ECB
4077F129F2760000:error:0308010C:digital envelope routines:inner_evp_generic_fetch:unsupported:../crypto/evp/evp_fetch.c:386:Global default library context, Algorithm (SEED-ECB : 74), Properties ()
*** WARNING : deprecated key derivation used.
Using -iter or -pbkdf2 would be better.
Error setting cipher SEED-ECB
4047E628CB700000:error:0308010C:digital envelope routines:inner_evp_generic_fetch:unsupported:../crypto/evp/evp_fetch.c:386:Global default library context, Algorithm (SEED-ECB : 74), Properties ()
*** WARNING : deprecated key derivation used.
Using -iter or -pbkdf2 would be better.
Error setting cipher SEED-ECB
4077F47127790000:error:0308010C:digital envelope routines:inner_evp_generic_fetch:unsupported:../crypto/evp/evp_fetch.c:386:Global default library context, Algorithm (SEED-ECB : 74), Properties ()
*** WARNING : deprecated key derivation used.
Using -iter or -pbkdf2 would be better.
Error setting cipher SEED-OFB
40D77FCC65710000:error:0308010C:digital envelope routines:inner_evp_generic_fetch:unsupported:../crypto/evp/evp_fetch.c:386:Global default library context, Algorithm (SEED-OFB : 61), Properties ()
*** WARNING : deprecated key derivation used.
Using -iter or -pbkdf2 would be better.
Error setting cipher SEED-OFB
40D79C64FA770000:error:0308010C:digital envelope routines:inner_evp_generic_fetch:unsupported:../crypto/evp/evp_fetch.c:386:Global default library context, Algorithm (SEED-OFB : 61), Properties ()
*** WARNING : deprecated key derivation used.
Using -iter or -pbkdf2 would be better.
Error setting cipher SEED-OFB
40C76A1FF97D0000:error:0308010C:digital envelope routines:inner_evp_generic_fetch:unsupported:../crypto/evp/evp_fetch.c:386:Global default library context, Algorithm (SEED-OFB : 61), Properties ()
*** WARNING : deprecated key derivation used.
Using -iter or -pbkdf2 would be better.
bad decrypt
40375C548C7A0000:error:1C800064:Provider routines:ossl_cipher_unpadblock:bad decrypt:../providers/implementations/ciphers/ciphercommon_block.c:124:
*** WARNING : deprecated key derivation used.
Using -iter or -pbkdf2 would be better.
bad decrypt
40276966547E0000:error:1C800064:Provider routines:ossl_cipher_unpadblock:bad decrypt:../providers/implementations/ciphers/ciphercommon_block.c:124:
*** WARNING : deprecated key derivation used.
Using -iter or -pbkdf2 would be better.
bad decrypt
40B757D5577E0000:error:1C800064:Provider routines:ossl_cipher_unpadblock:bad decrypt:../providers/implementations/ciphers/ciphercommon_block.c:124:
*** WARNING : deprecated key derivation used.
Using -iter or -pbkdf2 would be better.
bad decrypt
400738656E770000:error:1C800064:Provider routines:ossl_cipher_unpadblock:bad decrypt:../providers/implementations/ciphers/ciphercommon_block.c:124:
*** WARNING : deprecated key derivation used.
Using -iter or -pbkdf2 would be better.
bad decrypt
40375E9EAA730000:error:1C800064:Provider routines:ossl_cipher_unpadblock:bad decrypt:../providers/implementations/ciphers/ciphercommon_block.c:124:
*** WARNING : deprecated key derivation used.
Using -iter or -pbkdf2 would be better.
bad decrypt
405727D78B7A0000:error:1C800064:Provider routines:ossl_cipher_unpadblock:bad decrypt:../providers/implementations/ciphers/ciphercommon_block.c:124:
*** WARNING : deprecated key derivation used.
Using -iter or -pbkdf2 would be better.
*** WARNING : deprecated key derivation used.
Using -iter or -pbkdf2 would be better.
*** WARNING : deprecated key derivation used.
Using -iter or -pbkdf2 would be better.
*** WARNING : deprecated key derivation used.
Using -iter or -pbkdf2 would be better.
*** WARNING : deprecated key derivation used.
Using -iter or -pbkdf2 would be better.
*** WARNING : deprecated key derivation used.
Using -iter or -pbkdf2 would be better.
*** WARNING : deprecated key derivation used.
Using -iter or -pbkdf2 would be better.
bad decrypt
4007956356750000:error:1C800064:Provider routines:ossl_cipher_unpadblock:bad decrypt:../providers/implementations/ciphers/ciphercommon_block.c:124:
*** WARNING : deprecated key derivation used.
Using -iter or -pbkdf2 would be better.
bad decrypt
408770DC52720000:error:1C800064:Provider routines:ossl_cipher_unpadblock:bad decrypt:../providers/implementations/ciphers/ciphercommon_block.c:124:
*** WARNING : deprecated key derivation used.
Using -iter or -pbkdf2 would be better.
bad decrypt
40F7692C01740000:error:1C800064:Provider routines:ossl_cipher_unpadblock:bad decrypt:../providers/implementations/ciphers/ciphercommon_block.c:124:
*** WARNING : deprecated key derivation used.
Using -iter or -pbkdf2 would be better.
*** WARNING : deprecated key derivation used.
Using -iter or -pbkdf2 would be better.
*** WARNING : deprecated key derivation used.
Using -iter or -pbkdf2 would be better.
enc: Use -help for summary.
enc: Use -help for summary.
enc: Use -help for summary.
enc: Use -help for summary.
enc: Use -help for summary.
enc: Use -help for summary.
*** WARNING : deprecated key derivation used.
Using -iter or -pbkdf2 would be better.
bad decrypt
40D7273EEA790000:error:1C800064:Provider routines:ossl_cipher_unpadblock:bad decrypt:../providers/implementations/ciphers/ciphercommon_block.c:129:
*** WARNING : deprecated key derivation used.
Using -iter or -pbkdf2 would be better.
bad decrypt
4007A4BDE4740000:error:1C800064:Provider routines:ossl_cipher_unpadblock:bad decrypt:../providers/implementations/ciphers/ciphercommon_block.c:124:
*** WARNING : deprecated key derivation used.
Using -iter or -pbkdf2 would be better.
bad decrypt
402750814C790000:error:1C800064:Provider routines:ossl_cipher_unpadblock:bad decrypt:../providers/implementations/ciphers/ciphercommon_block.c:124:
*** WARNING : deprecated key derivation used.
Using -iter or -pbkdf2 would be better.
*** WARNING : deprecated key derivation used.
Using -iter or -pbkdf2 would be better.
*** WARNING : deprecated key derivation used.
Using -iter or -pbkdf2 would be better.
*** WARNING : deprecated key derivation used.
Using -iter or -pbkdf2 would be better.
*** WARNING : deprecated key derivation used.
Using -iter or -pbkdf2 would be better.
*** WARNING : deprecated key derivation used.
Using -iter or -pbkdf2 would be better.
*** WARNING : deprecated key derivation used.
Using -iter or -pbkdf2 would be better.
*** WARNING : deprecated key derivation used.
Using -iter or -pbkdf2 would be better.
*** WARNING : deprecated key derivation used.
Using -iter or -pbkdf2 would be better.
*** WARNING : deprecated key derivation used.
Using -iter or -pbkdf2 would be better.
*** WARNING : deprecated key derivation used.
Using -iter or -pbkdf2 would be better.
*** WARNING : deprecated key derivation used.
Using -iter or -pbkdf2 would be better.
*** WARNING : deprecated key derivation used.
Using -iter or -pbkdf2 would be better.
bad decrypt
409705BD6E7A0000:error:1C800064:Provider routines:ossl_cipher_unpadblock:bad decrypt:../providers/implementations/ciphers/ciphercommon_block.c:124:
*** WARNING : deprecated key derivation used.
Using -iter or -pbkdf2 would be better.
bad decrypt
40C7C1579A710000:error:1C800064:Provider routines:ossl_cipher_unpadblock:bad decrypt:../providers/implementations/ciphers/ciphercommon_block.c:124:
*** WARNING : deprecated key derivation used.
Using -iter or -pbkdf2 would be better.
bad decrypt
40777C7AD9740000:error:1C800064:Provider routines:ossl_cipher_unpadblock:bad decrypt:../providers/implementations/ciphers/ciphercommon_block.c:124:
*** WARNING : deprecated key derivation used.
Using -iter or -pbkdf2 would be better.
*** WARNING : deprecated key derivation used.
Using -iter or -pbkdf2 would be better.
*** WARNING : deprecated key derivation used.
Using -iter or -pbkdf2 would be better.
*** WARNING : deprecated key derivation used.
Using -iter or -pbkdf2 would be better.
bad decrypt
40D720E0EC7D0000:error:1C800064:Provider routines:ossl_cipher_unpadblock:bad decrypt:../providers/implementations/ciphers/ciphercommon_block.c:124:
*** WARNING : deprecated key derivation used.
Using -iter or -pbkdf2 would be better.
bad decrypt
40B7BE5153720000:error:1C800064:Provider routines:ossl_cipher_unpadblock:bad decrypt:../providers/implementations/ciphers/ciphercommon_block.c:129:
*** WARNING : deprecated key derivation used.
Using -iter or -pbkdf2 would be better.
bad decrypt
40C7245FC0750000:error:1C800064:Provider routines:ossl_cipher_unpadblock:bad decrypt:../providers/implementations/ciphers/ciphercommon_block.c:124:
*** WARNING : deprecated key derivation used.
Using -iter or -pbkdf2 would be better.
*** WARNING : deprecated key derivation used.
Using -iter or -pbkdf2 would be better.
*** WARNING : deprecated key derivation used.
Using -iter or -pbkdf2 would be better.
*** WARNING : deprecated key derivation used.
Using -iter or -pbkdf2 would be better.
*** WARNING : deprecated key derivation used.
Using -iter or -pbkdf2 would be better.
*** WARNING : deprecated key derivation used.
Using -iter or -pbkdf2 would be better.
*** WARNING : deprecated key derivation used.
Using -iter or -pbkdf2 would be better.
*** WARNING : deprecated key derivation used.
Using -iter or -pbkdf2 would be better.
*** WARNING : deprecated key derivation used.
Using -iter or -pbkdf2 would be better.
*** WARNING : deprecated key derivation used.
Using -iter or -pbkdf2 would be better.
*** WARNING : deprecated key derivation used.
Using -iter or -pbkdf2 would be better.
*** WARNING : deprecated key derivation used.
Using -iter or -pbkdf2 would be better.
*** WARNING : deprecated key derivation used.
Using -iter or -pbkdf2 would be better.
bad decrypt
40373FD6097B0000:error:1C800064:Provider routines:ossl_cipher_unpadblock:bad decrypt:../providers/implementations/ciphers/ciphercommon_block.c:124:
*** WARNING : deprecated key derivation used.
Using -iter or -pbkdf2 would be better.
bad decrypt
4097C24043770000:error:1C800064:Provider routines:ossl_cipher_unpadblock:bad decrypt:../providers/implementations/ciphers/ciphercommon_block.c:124:
*** WARNING : deprecated key derivation used.
Using -iter or -pbkdf2 would be better.
bad decrypt
40379B35E7760000:error:1C800064:Provider routines:ossl_cipher_unpadblock:bad decrypt:../providers/implementations/ciphers/ciphercommon_block.c:124:
*** WARNING : deprecated key derivation used.
Using -iter or -pbkdf2 would be better.
*** WARNING : deprecated key derivation used.
Using -iter or -pbkdf2 would be better.
*** WARNING : deprecated key derivation used.
Using -iter or -pbkdf2 would be better.
*** WARNING : deprecated key derivation used.
Using -iter or -pbkdf2 would be better.
bad decrypt
4097EA32557A0000:error:1C800064:Provider routines:ossl_cipher_unpadblock:bad decrypt:../providers/implementations/ciphers/ciphercommon_block.c:124:
*** WARNING : deprecated key derivation used.
Using -iter or -pbkdf2 would be better.
bad decrypt
40A79192AF730000:error:1C800064:Provider routines:ossl_cipher_unpadblock:bad decrypt:../providers/implementations/ciphers/ciphercommon_block.c:124:
*** WARNING : deprecated key derivation used.
Using -iter or -pbkdf2 would be better.
bad decrypt
40078C678B750000:error:1C800064:Provider routines:ossl_cipher_unpadblock:bad decrypt:../providers/implementations/ciphers/ciphercommon_block.c:124:
*** WARNING : deprecated key derivation used.
Using -iter or -pbkdf2 would be better.
*** WARNING : deprecated key derivation used.
Using -iter or -pbkdf2 would be better.
*** WARNING : deprecated key derivation used.
Using -iter or -pbkdf2 would be better.
*** WARNING : deprecated key derivation used.
Using -iter or -pbkdf2 would be better.
*** WARNING : deprecated key derivation used.
Using -iter or -pbkdf2 would be better.
*** WARNING : deprecated key derivation used.
Using -iter or -pbkdf2 would be better.
*** WARNING : deprecated key derivation used.
Using -iter or -pbkdf2 would be better.
*** WARNING : deprecated key derivation used.
Using -iter or -pbkdf2 would be better.
*** WARNING : deprecated key derivation used.
Using -iter or -pbkdf2 would be better.
*** WARNING : deprecated key derivation used.
Using -iter or -pbkdf2 would be better.
*** WARNING : deprecated key derivation used.
Using -iter or -pbkdf2 would be better.
*** WARNING : deprecated key derivation used.
Using -iter or -pbkdf2 would be better.
*** WARNING : deprecated key derivation used.
Using -iter or -pbkdf2 would be better.
bad decrypt
40F79D77C6740000:error:1C800064:Provider routines:ossl_cipher_unpadblock:bad decrypt:../providers/implementations/ciphers/ciphercommon_block.c:124:
*** WARNING : deprecated key derivation used.
Using -iter or -pbkdf2 would be better.
bad decrypt
40F72CEB9F700000:error:1C800064:Provider routines:ossl_cipher_unpadblock:bad decrypt:../providers/implementations/ciphers/ciphercommon_block.c:124:
*** WARNING : deprecated key derivation used.
Using -iter or -pbkdf2 would be better.
bad decrypt
40873A41537A0000:error:1C800064:Provider routines:ossl_cipher_unpadblock:bad decrypt:../providers/implementations/ciphers/ciphercommon_block.c:124:
*** WARNING : deprecated key derivation used.
Using -iter or -pbkdf2 would be better.
*** WARNING : deprecated key derivation used.
Using -iter or -pbkdf2 would be better.
*** WARNING : deprecated key derivation used.
Using -iter or -pbkdf2 would be better.
*** WARNING : deprecated key derivation used.
Using -iter or -pbkdf2 would be better.
bad decrypt
40971A6B7E790000:error:1C800064:Provider routines:ossl_cipher_unpadblock:bad decrypt:../providers/implementations/ciphers/ciphercommon_block.c:129:
*** WARNING : deprecated key derivation used.
Using -iter or -pbkdf2 would be better.
bad decrypt
408790647A7E0000:error:1C800064:Provider routines:ossl_cipher_unpadblock:bad decrypt:../providers/implementations/ciphers/ciphercommon_block.c:124:
*** WARNING : deprecated key derivation used.
Using -iter or -pbkdf2 would be better.
bad decrypt
40074A48137D0000:error:1C800064:Provider routines:ossl_cipher_unpadblock:bad decrypt:../providers/implementations/ciphers/ciphercommon_block.c:124:
*** WARNING : deprecated key derivation used.
Using -iter or -pbkdf2 would be better.
error writing output file
40F7DA2AA87B0000:error:1C800066:Provider routines:aes_wrap_cipher_internal:cipher operation failed:../providers/implementations/ciphers/cipher_aes_wrp.c:212:
40F7DA2AA87B0000:error:030000BD:digital envelope routines:EVP_DecryptUpdate:update error:../crypto/evp/evp_enc.c:837:
*** WARNING : deprecated key derivation used.
Using -iter or -pbkdf2 would be better.
*** WARNING : deprecated key derivation used.
Using -iter or -pbkdf2 would be better.
*** WARNING : deprecated key derivation used.
Using -iter or -pbkdf2 would be better.
bad decrypt
40E73005D07C0000:error:1C800064:Provider routines:ossl_cipher_unpadblock:bad decrypt:../providers/implementations/ciphers/ciphercommon_block.c:124:
*** WARNING : deprecated key derivation used.
Using -iter or -pbkdf2 would be better.
bad decrypt
40670DDCCD7E0000:error:1C800064:Provider routines:ossl_cipher_unpadblock:bad decrypt:../providers/implementations/ciphers/ciphercommon_block.c:129:
*** WARNING : deprecated key derivation used.
Using -iter or -pbkdf2 would be better.
bad decrypt
4087527B5F730000:error:1C800064:Provider routines:ossl_cipher_unpadblock:bad decrypt:../providers/implementations/ciphers/ciphercommon_block.c:124:
*** WARNING : deprecated key derivation used.
Using -iter or -pbkdf2 would be better.
error writing output file
40570557897E0000:error:1C800066:Provider routines:aes_wrap_cipher_internal:cipher operation failed:../providers/implementations/ciphers/cipher_aes_wrp.c:212:
40570557897E0000:error:030000BD:digital envelope routines:EVP_DecryptUpdate:update error:../crypto/evp/evp_enc.c:837:
*** WARNING : deprecated key derivation used.
Using -iter or -pbkdf2 would be better.
*** WARNING : deprecated key derivation used.
Using -iter or -pbkdf2 would be better.
*** WARNING : deprecated key derivation used.
Using -iter or -pbkdf2 would be better.
bad decrypt
40F7C1809E7D0000:error:1C800064:Provider routines:ossl_cipher_unpadblock:bad decrypt:../providers/implementations/ciphers/ciphercommon_block.c:124:
*** WARNING : deprecated key derivation used.
Using -iter or -pbkdf2 would be better.
bad decrypt
40E765D25A7A0000:error:1C800064:Provider routines:ossl_cipher_unpadblock:bad decrypt:../providers/implementations/ciphers/ciphercommon_block.c:124:
*** WARNING : deprecated key derivation used.
Using -iter or -pbkdf2 would be better.
bad decrypt
408712DCF5790000:error:1C800064:Provider routines:ossl_cipher_unpadblock:bad decrypt:../providers/implementations/ciphers/ciphercommon_block.c:124:
*** WARNING : deprecated key derivation used.
Using -iter or -pbkdf2 would be better.
error writing output file
40C7EFB788740000:error:1C800066:Provider routines:aes_wrap_cipher_internal:cipher operation failed:../providers/implementations/ciphers/cipher_aes_wrp.c:212:
40C7EFB788740000:error:030000BD:digital envelope routines:EVP_DecryptUpdate:update error:../crypto/evp/evp_enc.c:837:
*** WARNING : deprecated key derivation used.
Using -iter or -pbkdf2 would be better.
*** WARNING : deprecated key derivation used.
Using -iter or -pbkdf2 would be better.
*** WARNING : deprecated key derivation used.
Using -iter or -pbkdf2 would be better.
bad decrypt
4057E6C2AC7C0000:error:1C800064:Provider routines:ossl_cipher_unpadblock:bad decrypt:../providers/implementations/ciphers/ciphercommon_block.c:124:
*** WARNING : deprecated key derivation used.
Using -iter or -pbkdf2 would be better.
bad decrypt
4097208E5D7E0000:error:1C800064:Provider routines:ossl_cipher_unpadblock:bad decrypt:../providers/implementations/ciphers/ciphercommon_block.c:124:
*** WARNING : deprecated key derivation used.
Using -iter or -pbkdf2 would be better.
bad decrypt
4087D05831780000:error:1C800064:Provider routines:ossl_cipher_unpadblock:bad decrypt:../providers/implementations/ciphers/ciphercommon_block.c:124:
*** WARNING : deprecated key derivation used.
Using -iter or -pbkdf2 would be better.
*** WARNING : deprecated key derivation used.
Using -iter or -pbkdf2 would be better.
*** WARNING : deprecated key derivation used.
Using -iter or -pbkdf2 would be better.
*** WARNING : deprecated key derivation used.
Using -iter or -pbkdf2 would be better.
*** WARNING : deprecated key derivation used.
Using -iter or -pbkdf2 would be better.
*** WARNING : deprecated key derivation used.
Using -iter or -pbkdf2 would be better.
*** WARNING : deprecated key derivation used.
Using -iter or -pbkdf2 would be better.
*** WARNING : deprecated key derivation used.
Using -iter or -pbkdf2 would be better.
*** WARNING : deprecated key derivation used.
Using -iter or -pbkdf2 would be better.
*** WARNING : deprecated key derivation used.
Using -iter or -pbkdf2 would be better.
*** WARNING : deprecated key derivation used.
Using -iter or -pbkdf2 would be better.
*** WARNING : deprecated key derivation used.
Using -iter or -pbkdf2 would be better.
*** WARNING : deprecated key derivation used.
Using -iter or -pbkdf2 would be better.
bad decrypt
4057E60F99770000:error:1C800064:Provider routines:ossl_cipher_unpadblock:bad decrypt:../providers/implementations/ciphers/ciphercommon_block.c:124:
*** WARNING : deprecated key derivation used.
Using -iter or -pbkdf2 would be better.
bad decrypt
40179533C3750000:error:1C800064:Provider routines:ossl_cipher_unpadblock:bad decrypt:../providers/implementations/ciphers/ciphercommon_block.c:124:
*** WARNING : deprecated key derivation used.
Using -iter or -pbkdf2 would be better.
bad decrypt
40379DCD3C770000:error:1C800064:Provider routines:ossl_cipher_unpadblock:bad decrypt:../providers/implementations/ciphers/ciphercommon_block.c:124:
*** WARNING : deprecated key derivation used.
Using -iter or -pbkdf2 would be better.
*** WARNING : deprecated key derivation used.
Using -iter or -pbkdf2 would be better.
*** WARNING : deprecated key derivation used.
Using -iter or -pbkdf2 would be better.
*** WARNING : deprecated key derivation used.
Using -iter or -pbkdf2 would be better.
bad decrypt
40A7C7607D7D0000:error:1C800064:Provider routines:ossl_cipher_unpadblock:bad decrypt:../providers/implementations/ciphers/ciphercommon_block.c:124:
*** WARNING : deprecated key derivation used.
Using -iter or -pbkdf2 would be better.
bad decrypt
407709A6487D0000:error:1C800064:Provider routines:ossl_cipher_unpadblock:bad decrypt:../providers/implementations/ciphers/ciphercommon_block.c:124:
*** WARNING : deprecated key derivation used.
Using -iter or -pbkdf2 would be better.
bad decrypt
4037BE19DE7D0000:error:1C800064:Provider routines:ossl_cipher_unpadblock:bad decrypt:../providers/implementations/ciphers/ciphercommon_block.c:124:
*** WARNING : deprecated key derivation used.
Using -iter or -pbkdf2 would be better.
*** WARNING : deprecated key derivation used.
Using -iter or -pbkdf2 would be better.
*** WARNING : deprecated key derivation used.
Using -iter or -pbkdf2 would be better.
*** WARNING : deprecated key derivation used.
Using -iter or -pbkdf2 would be better.
*** WARNING : deprecated key derivation used.
Using -iter or -pbkdf2 would be better.
*** WARNING : deprecated key derivation used.
Using -iter or -pbkdf2 would be better.
*** WARNING : deprecated key derivation used.
Using -iter or -pbkdf2 would be better.
*** WARNING : deprecated key derivation used.
Using -iter or -pbkdf2 would be better.
*** WARNING : deprecated key derivation used.
Using -iter or -pbkdf2 would be better.
*** WARNING : deprecated key derivation used.
Using -iter or -pbkdf2 would be better.
*** WARNING : deprecated key derivation used.
Using -iter or -pbkdf2 would be better.
*** WARNING : deprecated key derivation used.
Using -iter or -pbkdf2 would be better.
*** WARNING : deprecated key derivation used.
Using -iter or -pbkdf2 would be better.
bad decrypt
4077DFF442730000:error:1C800064:Provider routines:ossl_cipher_unpadblock:bad decrypt:../providers/implementations/ciphers/ciphercommon_block.c:124:
*** WARNING : deprecated key derivation used.
Using -iter or -pbkdf2 would be better.
bad decrypt
40B75D351D700000:error:1C800064:Provider routines:ossl_cipher_unpadblock:bad decrypt:../providers/implementations/ciphers/ciphercommon_block.c:124:
*** WARNING : deprecated key derivation used.
Using -iter or -pbkdf2 would be better.
bad decrypt
40775459167C0000:error:1C800064:Provider routines:ossl_cipher_unpadblock:bad decrypt:../providers/implementations/ciphers/ciphercommon_block.c:124:
*** WARNING : deprecated key derivation used.
Using -iter or -pbkdf2 would be better.
*** WARNING : deprecated key derivation used.
Using -iter or -pbkdf2 would be better.
*** WARNING : deprecated key derivation used.
Using -iter or -pbkdf2 would be better.
*** WARNING : deprecated key derivation used.
Using -iter or -pbkdf2 would be better.
bad decrypt
4097CF445E740000:error:1C800064:Provider routines:ossl_cipher_unpadblock:bad decrypt:../providers/implementations/ciphers/ciphercommon_block.c:124:
*** WARNING : deprecated key derivation used.
Using -iter or -pbkdf2 would be better.
bad decrypt
400750318E700000:error:1C800064:Provider routines:ossl_cipher_unpadblock:bad decrypt:../providers/implementations/ciphers/ciphercommon_block.c:124:
*** WARNING : deprecated key derivation used.
Using -iter or -pbkdf2 would be better.
bad decrypt
40A7C70A5F710000:error:1C800064:Provider routines:ossl_cipher_unpadblock:bad decrypt:../providers/implementations/ciphers/ciphercommon_block.c:124:
*** WARNING : deprecated key derivation used.
Using -iter or -pbkdf2 would be better.
*** WARNING : deprecated key derivation used.
Using -iter or -pbkdf2 would be better.
*** WARNING : deprecated key derivation used.
Using -iter or -pbkdf2 would be better.
*** WARNING : deprecated key derivation used.
Using -iter or -pbkdf2 would be better.
*** WARNING : deprecated key derivation used.
Using -iter or -pbkdf2 would be better.
*** WARNING : deprecated key derivation used.
Using -iter or -pbkdf2 would be better.
*** WARNING : deprecated key derivation used.
Using -iter or -pbkdf2 would be better.
*** WARNING : deprecated key derivation used.
Using -iter or -pbkdf2 would be better.
*** WARNING : deprecated key derivation used.
Using -iter or -pbkdf2 would be better.
*** WARNING : deprecated key derivation used.
Using -iter or -pbkdf2 would be better.
*** WARNING : deprecated key derivation used.
Using -iter or -pbkdf2 would be better.
*** WARNING : deprecated key derivation used.
Using -iter or -pbkdf2 would be better.
*** WARNING : deprecated key derivation used.
Using -iter or -pbkdf2 would be better.
bad decrypt
40B768284B7B0000:error:1C800064:Provider routines:ossl_cipher_unpadblock:bad decrypt:../providers/implementations/ciphers/ciphercommon_block.c:124:
*** WARNING : deprecated key derivation used.
Using -iter or -pbkdf2 would be better.
bad decrypt
40B718E2F1720000:error:1C800064:Provider routines:ossl_cipher_unpadblock:bad decrypt:../providers/implementations/ciphers/ciphercommon_block.c:124:
*** WARNING : deprecated key derivation used.
Using -iter or -pbkdf2 would be better.
bad decrypt
40074A5A0B790000:error:1C800064:Provider routines:ossl_cipher_unpadblock:bad decrypt:../providers/implementations/ciphers/ciphercommon_block.c:124:
*** WARNING : deprecated key derivation used.
Using -iter or -pbkdf2 would be better.
*** WARNING : deprecated key derivation used.
Using -iter or -pbkdf2 would be better.
*** WARNING : deprecated key derivation used.
Using -iter or -pbkdf2 would be better.
*** WARNING : deprecated key derivation used.
Using -iter or -pbkdf2 would be better.
bad decrypt
40F70D8FA87A0000:error:1C800064:Provider routines:ossl_cipher_unpadblock:bad decrypt:../providers/implementations/ciphers/ciphercommon_block.c:124:
*** WARNING : deprecated key derivation used.
Using -iter or -pbkdf2 would be better.
bad decrypt
40174271D47A0000:error:1C800064:Provider routines:ossl_cipher_unpadblock:bad decrypt:../providers/implementations/ciphers/ciphercommon_block.c:124:
*** WARNING : deprecated key derivation used.
Using -iter or -pbkdf2 would be better.
bad decrypt
4047FB29DD720000:error:1C800064:Provider routines:ossl_cipher_unpadblock:bad decrypt:../providers/implementations/ciphers/ciphercommon_block.c:124:
*** WARNING : deprecated key derivation used.
Using -iter or -pbkdf2 would be better.
bad decrypt
4057A509E07E0000:error:1C800064:Provider routines:ossl_cipher_unpadblock:bad decrypt:../providers/implementations/ciphers/ciphercommon_block.c:124:
*** WARNING : deprecated key derivation used.
Using -iter or -pbkdf2 would be better.
bad decrypt
4017BC1113700000:error:1C800064:Provider routines:ossl_cipher_unpadblock:bad decrypt:../providers/implementations/ciphers/ciphercommon_block.c:124:
*** WARNING : deprecated key derivation used.
Using -iter or -pbkdf2 would be better.
bad decrypt
40C7D121CD780000:error:1C800064:Provider routines:ossl_cipher_unpadblock:bad decrypt:../providers/implementations/ciphers/ciphercommon_block.c:124:
*** WARNING : deprecated key derivation used.
Using -iter or -pbkdf2 would be better.
bad decrypt
400768D50B7E0000:error:1C800064:Provider routines:ossl_cipher_unpadblock:bad decrypt:../providers/implementations/ciphers/ciphercommon_block.c:124:
*** WARNING : deprecated key derivation used.
Using -iter or -pbkdf2 would be better.
bad decrypt
40F7FDF9747C0000:error:1C800064:Provider routines:ossl_cipher_unpadblock:bad decrypt:../providers/implementations/ciphers/ciphercommon_block.c:124:
*** WARNING : deprecated key derivation used.
Using -iter or -pbkdf2 would be better.
bad decrypt
405706F52E730000:error:1C800064:Provider routines:ossl_cipher_unpadblock:bad decrypt:../providers/implementations/ciphers/ciphercommon_block.c:124:
*** WARNING : deprecated key derivation used.
Using -iter or -pbkdf2 would be better.
Error setting cipher BF-CBC
40D7179BCF710000:error:0308010C:digital envelope routines:inner_evp_generic_fetch:unsupported:../crypto/evp/evp_fetch.c:386:Global default library context, Algorithm (BF-CBC : 11), Properties ()
*** WARNING : deprecated key derivation used.
Using -iter or -pbkdf2 would be better.
Error setting cipher BF-CBC
40C7C41C837E0000:error:0308010C:digital envelope routines:inner_evp_generic_fetch:unsupported:../crypto/evp/evp_fetch.c:386:Global default library context, Algorithm (BF-CBC : 11), Properties ()
*** WARNING : deprecated key derivation used.
Using -iter or -pbkdf2 would be better.
Error setting cipher BF-CBC
40F7105E70700000:error:0308010C:digital envelope routines:inner_evp_generic_fetch:unsupported:../crypto/evp/evp_fetch.c:386:Global default library context, Algorithm (BF-CBC : 11), Properties ()
*** WARNING : deprecated key derivation used.
Using -iter or -pbkdf2 would be better.
Error setting cipher BF-CBC
40779374AA7F0000:error:0308010C:digital envelope routines:inner_evp_generic_fetch:unsupported:../crypto/evp/evp_fetch.c:386:Global default library context, Algorithm (BF-CBC : 11), Properties ()
*** WARNING : deprecated key derivation used.
Using -iter or -pbkdf2 would be better.
Error setting cipher BF-CBC
4067F8F00C760000:error:0308010C:digital envelope routines:inner_evp_generic_fetch:unsupported:../crypto/evp/evp_fetch.c:386:Global default library context, Algorithm (BF-CBC : 11), Properties ()
*** WARNING : deprecated key derivation used.
Using -iter or -pbkdf2 would be better.
Error setting cipher BF-CBC
40E767E1EF7F0000:error:0308010C:digital envelope routines:inner_evp_generic_fetch:unsupported:../crypto/evp/evp_fetch.c:386:Global default library context, Algorithm (BF-CBC : 11), Properties ()
*** WARNING : deprecated key derivation used.
Using -iter or -pbkdf2 would be better.
Error setting cipher BF-CFB
4037B3AD08720000:error:0308010C:digital envelope routines:inner_evp_generic_fetch:unsupported:../crypto/evp/evp_fetch.c:386:Global default library context, Algorithm (BF-CFB : 0), Properties ()
*** WARNING : deprecated key derivation used.
Using -iter or -pbkdf2 would be better.
Error setting cipher BF-CFB
4057D50C5F7B0000:error:0308010C:digital envelope routines:inner_evp_generic_fetch:unsupported:../crypto/evp/evp_fetch.c:386:Global default library context, Algorithm (BF-CFB : 0), Properties ()
*** WARNING : deprecated key derivation used.
Using -iter or -pbkdf2 would be better.
Error setting cipher BF-CFB
40177458B7760000:error:0308010C:digital envelope routines:inner_evp_generic_fetch:unsupported:../crypto/evp/evp_fetch.c:386:Global default library context, Algorithm (BF-CFB : 0), Properties ()
*** WARNING : deprecated key derivation used.
Using -iter or -pbkdf2 would be better.
Error setting cipher BF-ECB
40E78D5A63740000:error:0308010C:digital envelope routines:inner_evp_generic_fetch:unsupported:../crypto/evp/evp_fetch.c:386:Global default library context, Algorithm (BF-ECB : 0), Properties ()
*** WARNING : deprecated key derivation used.
Using -iter or -pbkdf2 would be better.
Error setting cipher BF-ECB
4047089989700000:error:0308010C:digital envelope routines:inner_evp_generic_fetch:unsupported:../crypto/evp/evp_fetch.c:386:Global default library context, Algorithm (BF-ECB : 0), Properties ()
*** WARNING : deprecated key derivation used.
Using -iter or -pbkdf2 would be better.
Error setting cipher BF-ECB
4017465B597A0000:error:0308010C:digital envelope routines:inner_evp_generic_fetch:unsupported:../crypto/evp/evp_fetch.c:386:Global default library context, Algorithm (BF-ECB : 0), Properties ()
*** WARNING : deprecated key derivation used.
Using -iter or -pbkdf2 would be better.
Error setting cipher BF-OFB
40D72158097E0000:error:0308010C:digital envelope routines:inner_evp_generic_fetch:unsupported:../crypto/evp/evp_fetch.c:386:Global default library context, Algorithm (BF-OFB : 0), Properties ()
*** WARNING : deprecated key derivation used.
Using -iter or -pbkdf2 would be better.
Error setting cipher BF-OFB
40C76377C37F0000:error:0308010C:digital envelope routines:inner_evp_generic_fetch:unsupported:../crypto/evp/evp_fetch.c:386:Global default library context, Algorithm (BF-OFB : 0), Properties ()
*** WARNING : deprecated key derivation used.
Using -iter or -pbkdf2 would be better.
Error setting cipher BF-OFB
40F781FFFD6F0000:error:0308010C:digital envelope routines:inner_evp_generic_fetch:unsupported:../crypto/evp/evp_fetch.c:386:Global default library context, Algorithm (BF-OFB : 0), Properties ()
*** WARNING : deprecated key derivation used.
Using -iter or -pbkdf2 would be better.
Error setting cipher BF-CBC
406725E1AD7B0000:error:0308010C:digital envelope routines:inner_evp_generic_fetch:unsupported:../crypto/evp/evp_fetch.c:386:Global default library context, Algorithm (BF-CBC : 11), Properties ()
*** WARNING : deprecated key derivation used.
Using -iter or -pbkdf2 would be better.
Error setting cipher BF-CBC
40077B54E9740000:error:0308010C:digital envelope routines:inner_evp_generic_fetch:unsupported:../crypto/evp/evp_fetch.c:386:Global default library context, Algorithm (BF-CBC : 11), Properties ()
*** WARNING : deprecated key derivation used.
Using -iter or -pbkdf2 would be better.
Error setting cipher BF-CBC
40A7205B9A7B0000:error:0308010C:digital envelope routines:inner_evp_generic_fetch:unsupported:../crypto/evp/evp_fetch.c:386:Global default library context, Algorithm (BF-CBC : 11), Properties ()
*** WARNING : deprecated key derivation used.
Using -iter or -pbkdf2 would be better.
bad decrypt
40876529277C0000:error:1C800064:Provider routines:ossl_cipher_unpadblock:bad decrypt:../providers/implementations/ciphers/ciphercommon_block.c:124:
*** WARNING : deprecated key derivation used.
Using -iter or -pbkdf2 would be better.
bad decrypt
404716BBE97D0000:error:1C800064:Provider routines:ossl_cipher_unpadblock:bad decrypt:../providers/implementations/ciphers/ciphercommon_block.c:124:
*** WARNING : deprecated key derivation used.
Using -iter or -pbkdf2 would be better.
bad decrypt
4047EC9F4B790000:error:1C800064:Provider routines:ossl_cipher_unpadblock:bad decrypt:../providers/implementations/ciphers/ciphercommon_block.c:129:
*** WARNING : deprecated key derivation used.
Using -iter or -pbkdf2 would be better.
*** WARNING : deprecated key derivation used.
Using -iter or -pbkdf2 would be better.
*** WARNING : deprecated key derivation used.
Using -iter or -pbkdf2 would be better.
*** WARNING : deprecated key derivation used.
Using -iter or -pbkdf2 would be better.
*** WARNING : deprecated key derivation used.
Using -iter or -pbkdf2 would be better.
*** WARNING : deprecated key derivation used.
Using -iter or -pbkdf2 would be better.
*** WARNING : deprecated key derivation used.
Using -iter or -pbkdf2 would be better.
*** WARNING : deprecated key derivation used.
Using -iter or -pbkdf2 would be better.
*** WARNING : deprecated key derivation used.
Using -iter or -pbkdf2 would be better.
*** WARNING : deprecated key derivation used.
Using -iter or -pbkdf2 would be better.
*** WARNING : deprecated key derivation used.
Using -iter or -pbkdf2 would be better.
*** WARNING : deprecated key derivation used.
Using -iter or -pbkdf2 would be better.
*** WARNING : deprecated key derivation used.
Using -iter or -pbkdf2 would be better.
bad decrypt
40D781C1CF7A0000:error:1C800064:Provider routines:ossl_cipher_unpadblock:bad decrypt:../providers/implementations/ciphers/ciphercommon_block.c:124:
*** WARNING : deprecated key derivation used.
Using -iter or -pbkdf2 would be better.
bad decrypt
40A7ACB18E7D0000:error:1C800064:Provider routines:ossl_cipher_unpadblock:bad decrypt:../providers/implementations/ciphers/ciphercommon_block.c:124:
*** WARNING : deprecated key derivation used.
Using -iter or -pbkdf2 would be better.
bad decrypt
402774F5B4740000:error:1C800064:Provider routines:ossl_cipher_unpadblock:bad decrypt:../providers/implementations/ciphers/ciphercommon_block.c:124:
*** WARNING : deprecated key derivation used.
Using -iter or -pbkdf2 would be better.
*** WARNING : deprecated key derivation used.
Using -iter or -pbkdf2 would be better.
*** WARNING : deprecated key derivation used.
Using -iter or -pbkdf2 would be better.
*** WARNING : deprecated key derivation used.
Using -iter or -pbkdf2 would be better.
bad decrypt
40D73276807D0000:error:1C800064:Provider routines:ossl_cipher_unpadblock:bad decrypt:../providers/implementations/ciphers/ciphercommon_block.c:124:
*** WARNING : deprecated key derivation used.
Using -iter or -pbkdf2 would be better.
bad decrypt
40C72D2FE27E0000:error:1C800064:Provider routines:ossl_cipher_unpadblock:bad decrypt:../providers/implementations/ciphers/ciphercommon_block.c:124:
*** WARNING : deprecated key derivation used.
Using -iter or -pbkdf2 would be better.
bad decrypt
40E7F06FC4750000:error:1C800064:Provider routines:ossl_cipher_unpadblock:bad decrypt:../providers/implementations/ciphers/ciphercommon_block.c:124:
*** WARNING : deprecated key derivation used.
Using -iter or -pbkdf2 would be better.
*** WARNING : deprecated key derivation used.
Using -iter or -pbkdf2 would be better.
*** WARNING : deprecated key derivation used.
Using -iter or -pbkdf2 would be better.
*** WARNING : deprecated key derivation used.
Using -iter or -pbkdf2 would be better.
*** WARNING : deprecated key derivation used.
Using -iter or -pbkdf2 would be better.
*** WARNING : deprecated key derivation used.
Using -iter or -pbkdf2 would be better.
*** WARNING : deprecated key derivation used.
Using -iter or -pbkdf2 would be better.
*** WARNING : deprecated key derivation used.
Using -iter or -pbkdf2 would be better.
*** WARNING : deprecated key derivation used.
Using -iter or -pbkdf2 would be better.
*** WARNING : deprecated key derivation used.
Using -iter or -pbkdf2 would be better.
*** WARNING : deprecated key derivation used.
Using -iter or -pbkdf2 would be better.
*** WARNING : deprecated key derivation used.
Using -iter or -pbkdf2 would be better.
*** WARNING : deprecated key derivation used.
Using -iter or -pbkdf2 would be better.
bad decrypt
40679C19F4700000:error:1C800064:Provider routines:ossl_cipher_unpadblock:bad decrypt:../providers/implementations/ciphers/ciphercommon_block.c:124:
*** WARNING : deprecated key derivation used.
Using -iter or -pbkdf2 would be better.
bad decrypt
40E7BB4F1B7B0000:error:1C800064:Provider routines:ossl_cipher_unpadblock:bad decrypt:../providers/implementations/ciphers/ciphercommon_block.c:124:
*** WARNING : deprecated key derivation used.
Using -iter or -pbkdf2 would be better.
bad decrypt
40A78C7B8A7D0000:error:1C800064:Provider routines:ossl_cipher_unpadblock:bad decrypt:../providers/implementations/ciphers/ciphercommon_block.c:124:
*** WARNING : deprecated key derivation used.
Using -iter or -pbkdf2 would be better.
*** WARNING : deprecated key derivation used.
Using -iter or -pbkdf2 would be better.
*** WARNING : deprecated key derivation used.
Using -iter or -pbkdf2 would be better.
*** WARNING : deprecated key derivation used.
Using -iter or -pbkdf2 would be better.
bad decrypt
4017D560717E0000:error:1C800064:Provider routines:ossl_cipher_unpadblock:bad decrypt:../providers/implementations/ciphers/ciphercommon_block.c:124:
*** WARNING : deprecated key derivation used.
Using -iter or -pbkdf2 would be better.
bad decrypt
40575D418E7C0000:error:1C800064:Provider routines:ossl_cipher_unpadblock:bad decrypt:../providers/implementations/ciphers/ciphercommon_block.c:124:
*** WARNING : deprecated key derivation used.
Using -iter or -pbkdf2 would be better.
bad decrypt
40C7648750790000:error:1C800064:Provider routines:ossl_cipher_unpadblock:bad decrypt:../providers/implementations/ciphers/ciphercommon_block.c:124:
*** WARNING : deprecated key derivation used.
Using -iter or -pbkdf2 would be better.
*** WARNING : deprecated key derivation used.
Using -iter or -pbkdf2 would be better.
*** WARNING : deprecated key derivation used.
Using -iter or -pbkdf2 would be better.
*** WARNING : deprecated key derivation used.
Using -iter or -pbkdf2 would be better.
*** WARNING : deprecated key derivation used.
Using -iter or -pbkdf2 would be better.
*** WARNING : deprecated key derivation used.
Using -iter or -pbkdf2 would be better.
*** WARNING : deprecated key derivation used.
Using -iter or -pbkdf2 would be better.
*** WARNING : deprecated key derivation used.
Using -iter or -pbkdf2 would be better.
*** WARNING : deprecated key derivation used.
Using -iter or -pbkdf2 would be better.
*** WARNING : deprecated key derivation used.
Using -iter or -pbkdf2 would be better.
*** WARNING : deprecated key derivation used.
Using -iter or -pbkdf2 would be better.
*** WARNING : deprecated key derivation used.
Using -iter or -pbkdf2 would be better.
*** WARNING : deprecated key derivation used.
Using -iter or -pbkdf2 would be better.
bad decrypt
4037A4FE01770000:error:1C800064:Provider routines:ossl_cipher_unpadblock:bad decrypt:../providers/implementations/ciphers/ciphercommon_block.c:124:
*** WARNING : deprecated key derivation used.
Using -iter or -pbkdf2 would be better.
bad decrypt
402792154D740000:error:1C800064:Provider routines:ossl_cipher_unpadblock:bad decrypt:../providers/implementations/ciphers/ciphercommon_block.c:124:
*** WARNING : deprecated key derivation used.
Using -iter or -pbkdf2 would be better.
bad decrypt
4007AAEF667B0000:error:1C800064:Provider routines:ossl_cipher_unpadblock:bad decrypt:../providers/implementations/ciphers/ciphercommon_block.c:129:
*** WARNING : deprecated key derivation used.
Using -iter or -pbkdf2 would be better.
*** WARNING : deprecated key derivation used.
Using -iter or -pbkdf2 would be better.
*** WARNING : deprecated key derivation used.
Using -iter or -pbkdf2 would be better.
*** WARNING : deprecated key derivation used.
Using -iter or -pbkdf2 would be better.
bad decrypt
40F712D5BA710000:error:1C800064:Provider routines:ossl_cipher_unpadblock:bad decrypt:../providers/implementations/ciphers/ciphercommon_block.c:124:
*** WARNING : deprecated key derivation used.
Using -iter or -pbkdf2 would be better.
bad decrypt
4097D36F627E0000:error:1C800064:Provider routines:ossl_cipher_unpadblock:bad decrypt:../providers/implementations/ciphers/ciphercommon_block.c:124:
*** WARNING : deprecated key derivation used.
Using -iter or -pbkdf2 would be better.
bad decrypt
4077502E257E0000:error:1C800064:Provider routines:ossl_cipher_unpadblock:bad decrypt:../providers/implementations/ciphers/ciphercommon_block.c:129:
*** WARNING : deprecated key derivation used.
Using -iter or -pbkdf2 would be better.
bad decrypt
402733C15C770000:error:1C800064:Provider routines:ossl_cipher_unpadblock:bad decrypt:../providers/implementations/ciphers/ciphercommon_block.c:124:
*** WARNING : deprecated key derivation used.
Using -iter or -pbkdf2 would be better.
bad decrypt
4087AB05B7750000:error:1C800064:Provider routines:ossl_cipher_unpadblock:bad decrypt:../providers/implementations/ciphers/ciphercommon_block.c:124:
*** WARNING : deprecated key derivation used.
Using -iter or -pbkdf2 would be better.
bad decrypt
40A78824BD770000:error:1C800064:Provider routines:ossl_cipher_unpadblock:bad decrypt:../providers/implementations/ciphers/ciphercommon_block.c:124:
*** WARNING : deprecated key derivation used.
Using -iter or -pbkdf2 would be better.
bad decrypt
40B70C24AC740000:error:1C800064:Provider routines:ossl_cipher_unpadblock:bad decrypt:../providers/implementations/ciphers/ciphercommon_block.c:124:
*** WARNING : deprecated key derivation used.
Using -iter or -pbkdf2 would be better.
bad decrypt
40B7739B3C7B0000:error:1C800064:Provider routines:ossl_cipher_unpadblock:bad decrypt:../providers/implementations/ciphers/ciphercommon_block.c:124:
*** WARNING : deprecated key derivation used.
Using -iter or -pbkdf2 would be better.
bad decrypt
40676CD79D7B0000:error:1C800064:Provider routines:ossl_cipher_unpadblock:bad decrypt:../providers/implementations/ciphers/ciphercommon_block.c:124:
*** WARNING : deprecated key derivation used.
Using -iter or -pbkdf2 would be better.
Error setting cipher CAST5-CBC
4087733C427A0000:error:0308010C:digital envelope routines:inner_evp_generic_fetch:unsupported:../crypto/evp/evp_fetch.c:386:Global default library context, Algorithm (CAST5-CBC : 18), Properties ()
*** WARNING : deprecated key derivation used.
Using -iter or -pbkdf2 would be better.
Error setting cipher CAST5-CBC
403719FBFC760000:error:0308010C:digital envelope routines:inner_evp_generic_fetch:unsupported:../crypto/evp/evp_fetch.c:386:Global default library context, Algorithm (CAST5-CBC : 18), Properties ()
*** WARNING : deprecated key derivation used.
Using -iter or -pbkdf2 would be better.
Error setting cipher CAST5-CBC
40C7BB8CB3740000:error:0308010C:digital envelope routines:inner_evp_generic_fetch:unsupported:../crypto/evp/evp_fetch.c:386:Global default library context, Algorithm (CAST5-CBC : 18), Properties ()
*** WARNING : deprecated key derivation used.
Using -iter or -pbkdf2 would be better.
Error setting cipher CAST5-CBC
4067684F807D0000:error:0308010C:digital envelope routines:inner_evp_generic_fetch:unsupported:../crypto/evp/evp_fetch.c:386:Global default library context, Algorithm (CAST5-CBC : 18), Properties ()
*** WARNING : deprecated key derivation used.
Using -iter or -pbkdf2 would be better.
Error setting cipher CAST5-CBC
40571DB7B7710000:error:0308010C:digital envelope routines:inner_evp_generic_fetch:unsupported:../crypto/evp/evp_fetch.c:386:Global default library context, Algorithm (CAST5-CBC : 18), Properties ()
*** WARNING : deprecated key derivation used.
Using -iter or -pbkdf2 would be better.
Error setting cipher CAST5-CBC
4037C13FF07C0000:error:0308010C:digital envelope routines:inner_evp_generic_fetch:unsupported:../crypto/evp/evp_fetch.c:386:Global default library context, Algorithm (CAST5-CBC : 18), Properties ()
*** WARNING : deprecated key derivation used.
Using -iter or -pbkdf2 would be better.
Error setting cipher CAST5-CBC
40C79AD018720000:error:0308010C:digital envelope routines:inner_evp_generic_fetch:unsupported:../crypto/evp/evp_fetch.c:386:Global default library context, Algorithm (CAST5-CBC : 18), Properties ()
*** WARNING : deprecated key derivation used.
Using -iter or -pbkdf2 would be better.
Error setting cipher CAST5-CBC
40C7F82949750000:error:0308010C:digital envelope routines:inner_evp_generic_fetch:unsupported:../crypto/evp/evp_fetch.c:386:Global default library context, Algorithm (CAST5-CBC : 18), Properties ()
*** WARNING : deprecated key derivation used.
Using -iter or -pbkdf2 would be better.
Error setting cipher CAST5-CBC
40075FACB8780000:error:0308010C:digital envelope routines:inner_evp_generic_fetch:unsupported:../crypto/evp/evp_fetch.c:386:Global default library context, Algorithm (CAST5-CBC : 18), Properties ()
*** WARNING : deprecated key derivation used.
Using -iter or -pbkdf2 would be better.
Error setting cipher CAST5-CFB
4047F539C1770000:error:0308010C:digital envelope routines:inner_evp_generic_fetch:unsupported:../crypto/evp/evp_fetch.c:386:Global default library context, Algorithm (CAST5-CFB : 0), Properties ()
*** WARNING : deprecated key derivation used.
Using -iter or -pbkdf2 would be better.
Error setting cipher CAST5-CFB
4007380054740000:error:0308010C:digital envelope routines:inner_evp_generic_fetch:unsupported:../crypto/evp/evp_fetch.c:386:Global default library context, Algorithm (CAST5-CFB : 0), Properties ()
*** WARNING : deprecated key derivation used.
Using -iter or -pbkdf2 would be better.
Error setting cipher CAST5-CFB
4097AF2303770000:error:0308010C:digital envelope routines:inner_evp_generic_fetch:unsupported:../crypto/evp/evp_fetch.c:386:Global default library context, Algorithm (CAST5-CFB : 0), Properties ()
*** WARNING : deprecated key derivation used.
Using -iter or -pbkdf2 would be better.
Error setting cipher CAST5-ECB
4097F8B095760000:error:0308010C:digital envelope routines:inner_evp_generic_fetch:unsupported:../crypto/evp/evp_fetch.c:386:Global default library context, Algorithm (CAST5-ECB : 0), Properties ()
*** WARNING : deprecated key derivation used.
Using -iter or -pbkdf2 would be better.
Error setting cipher CAST5-ECB
4087B49FDE7D0000:error:0308010C:digital envelope routines:inner_evp_generic_fetch:unsupported:../crypto/evp/evp_fetch.c:386:Global default library context, Algorithm (CAST5-ECB : 0), Properties ()
*** WARNING : deprecated key derivation used.
Using -iter or -pbkdf2 would be better.
Error setting cipher CAST5-ECB
40579CD3DE750000:error:0308010C:digital envelope routines:inner_evp_generic_fetch:unsupported:../crypto/evp/evp_fetch.c:386:Global default library context, Algorithm (CAST5-ECB : 0), Properties ()
*** WARNING : deprecated key derivation used.
Using -iter or -pbkdf2 would be better.
Error setting cipher CAST5-OFB
4047973763730000:error:0308010C:digital envelope routines:inner_evp_generic_fetch:unsupported:../crypto/evp/evp_fetch.c:386:Global default library context, Algorithm (CAST5-OFB : 0), Properties ()
*** WARNING : deprecated key derivation used.
Using -iter or -pbkdf2 would be better.
Error setting cipher CAST5-OFB
40473F4E49700000:error:0308010C:digital envelope routines:inner_evp_generic_fetch:unsupported:../crypto/evp/evp_fetch.c:386:Global default library context, Algorithm (CAST5-OFB : 0), Properties ()
*** WARNING : deprecated key derivation used.
Using -iter or -pbkdf2 would be better.
Error setting cipher CAST5-OFB
40F78B7527780000:error:0308010C:digital envelope routines:inner_evp_generic_fetch:unsupported:../crypto/evp/evp_fetch.c:386:Global default library context, Algorithm (CAST5-OFB : 0), Properties ()
*** WARNING : deprecated key derivation used.
Using -iter or -pbkdf2 would be better.
*** WARNING : deprecated key derivation used.
Using -iter or -pbkdf2 would be better.
*** WARNING : deprecated key derivation used.
Using -iter or -pbkdf2 would be better.
*** WARNING : deprecated key derivation used.
Using -iter or -pbkdf2 would be better.
Error setting cipher DES-CBC
40D7A47DD2740000:error:0308010C:digital envelope routines:inner_evp_generic_fetch:unsupported:../crypto/evp/evp_fetch.c:386:Global default library context, Algorithm (DES-CBC : 8), Properties ()
*** WARNING : deprecated key derivation used.
Using -iter or -pbkdf2 would be better.
Error setting cipher DES-CBC
40F7EC85DE7B0000:error:0308010C:digital envelope routines:inner_evp_generic_fetch:unsupported:../crypto/evp/evp_fetch.c:386:Global default library context, Algorithm (DES-CBC : 8), Properties ()
*** WARNING : deprecated key derivation used.
Using -iter or -pbkdf2 would be better.
Error setting cipher DES-CBC
40A7D1338E7C0000:error:0308010C:digital envelope routines:inner_evp_generic_fetch:unsupported:../crypto/evp/evp_fetch.c:386:Global default library context, Algorithm (DES-CBC : 8), Properties ()
*** WARNING : deprecated key derivation used.
Using -iter or -pbkdf2 would be better.
Error setting cipher DES-CBC
40F749C59B7C0000:error:0308010C:digital envelope routines:inner_evp_generic_fetch:unsupported:../crypto/evp/evp_fetch.c:386:Global default library context, Algorithm (DES-CBC : 8), Properties ()
*** WARNING : deprecated key derivation used.
Using -iter or -pbkdf2 would be better.
Error setting cipher DES-CBC
404712B6D5720000:error:0308010C:digital envelope routines:inner_evp_generic_fetch:unsupported:../crypto/evp/evp_fetch.c:386:Global default library context, Algorithm (DES-CBC : 8), Properties ()
*** WARNING : deprecated key derivation used.
Using -iter or -pbkdf2 would be better.
Error setting cipher DES-CBC
4017B641567D0000:error:0308010C:digital envelope routines:inner_evp_generic_fetch:unsupported:../crypto/evp/evp_fetch.c:386:Global default library context, Algorithm (DES-CBC : 8), Properties ()
*** WARNING : deprecated key derivation used.
Using -iter or -pbkdf2 would be better.
Error setting cipher DES-CFB
402720E51D750000:error:0308010C:digital envelope routines:inner_evp_generic_fetch:unsupported:../crypto/evp/evp_fetch.c:386:Global default library context, Algorithm (DES-CFB : 38), Properties ()
*** WARNING : deprecated key derivation used.
Using -iter or -pbkdf2 would be better.
Error setting cipher DES-CFB
40A79111067D0000:error:0308010C:digital envelope routines:inner_evp_generic_fetch:unsupported:../crypto/evp/evp_fetch.c:386:Global default library context, Algorithm (DES-CFB : 38), Properties ()
*** WARNING : deprecated key derivation used.
Using -iter or -pbkdf2 would be better.
Error setting cipher DES-CFB
4007AD8B887B0000:error:0308010C:digital envelope routines:inner_evp_generic_fetch:unsupported:../crypto/evp/evp_fetch.c:386:Global default library context, Algorithm (DES-CFB : 38), Properties ()
*** WARNING : deprecated key derivation used.
Using -iter or -pbkdf2 would be better.
Error setting cipher DES-CFB1
40D7D126D3770000:error:0308010C:digital envelope routines:inner_evp_generic_fetch:unsupported:../crypto/evp/evp_fetch.c:386:Global default library context, Algorithm (DES-CFB1 : 0), Properties ()
*** WARNING : deprecated key derivation used.
Using -iter or -pbkdf2 would be better.
Error setting cipher DES-CFB1
40D776E005760000:error:0308010C:digital envelope routines:inner_evp_generic_fetch:unsupported:../crypto/evp/evp_fetch.c:386:Global default library context, Algorithm (DES-CFB1 : 0), Properties ()
*** WARNING : deprecated key derivation used.
Using -iter or -pbkdf2 would be better.
Error setting cipher DES-CFB1
404711CCBF770000:error:0308010C:digital envelope routines:inner_evp_generic_fetch:unsupported:../crypto/evp/evp_fetch.c:386:Global default library context, Algorithm (DES-CFB1 : 0), Properties ()
*** WARNING : deprecated key derivation used.
Using -iter or -pbkdf2 would be better.
Error setting cipher DES-CFB8
4027750ABF710000:error:0308010C:digital envelope routines:inner_evp_generic_fetch:unsupported:../crypto/evp/evp_fetch.c:386:Global default library context, Algorithm (DES-CFB8 : 0), Properties ()
*** WARNING : deprecated key derivation used.
Using -iter or -pbkdf2 would be better.
Error setting cipher DES-CFB8
40276EEA50700000:error:0308010C:digital envelope routines:inner_evp_generic_fetch:unsupported:../crypto/evp/evp_fetch.c:386:Global default library context, Algorithm (DES-CFB8 : 0), Properties ()
*** WARNING : deprecated key derivation used.
Using -iter or -pbkdf2 would be better.
Error setting cipher DES-CFB8
4027A772FD7A0000:error:0308010C:digital envelope routines:inner_evp_generic_fetch:unsupported:../crypto/evp/evp_fetch.c:386:Global default library context, Algorithm (DES-CFB8 : 0), Properties ()
*** WARNING : deprecated key derivation used.
Using -iter or -pbkdf2 would be better.
Error setting cipher DES-ECB
400770EC6D730000:error:0308010C:digital envelope routines:inner_evp_generic_fetch:unsupported:../crypto/evp/evp_fetch.c:386:Global default library context, Algorithm (DES-ECB : 1), Properties ()
*** WARNING : deprecated key derivation used.
Using -iter or -pbkdf2 would be better.
Error setting cipher DES-ECB
40C74214F1760000:error:0308010C:digital envelope routines:inner_evp_generic_fetch:unsupported:../crypto/evp/evp_fetch.c:386:Global default library context, Algorithm (DES-ECB : 1), Properties ()
*** WARNING : deprecated key derivation used.
Using -iter or -pbkdf2 would be better.
Error setting cipher DES-ECB
40D7FFB065730000:error:0308010C:digital envelope routines:inner_evp_generic_fetch:unsupported:../crypto/evp/evp_fetch.c:386:Global default library context, Algorithm (DES-ECB : 1), Properties ()
*** WARNING : deprecated key derivation used.
Using -iter or -pbkdf2 would be better.
bad decrypt
4087341F33750000:error:1C800064:Provider routines:ossl_cipher_unpadblock:bad decrypt:../providers/implementations/ciphers/ciphercommon_block.c:124:
*** WARNING : deprecated key derivation used.
Using -iter or -pbkdf2 would be better.
bad decrypt
40075D59D4780000:error:1C800064:Provider routines:ossl_cipher_unpadblock:bad decrypt:../providers/implementations/ciphers/ciphercommon_block.c:124:
*** WARNING : deprecated key derivation used.
Using -iter or -pbkdf2 would be better.
bad decrypt
40F74A8AA3750000:error:1C800064:Provider routines:ossl_cipher_unpadblock:bad decrypt:../providers/implementations/ciphers/ciphercommon_block.c:124:
*** WARNING : deprecated key derivation used.
Using -iter or -pbkdf2 would be better.
bad decrypt
40E755A20B7C0000:error:1C800064:Provider routines:ossl_cipher_unpadblock:bad decrypt:../providers/implementations/ciphers/ciphercommon_block.c:124:
*** WARNING : deprecated key derivation used.
Using -iter or -pbkdf2 would be better.
bad decrypt
40C7B537D37F0000:error:1C800064:Provider routines:ossl_cipher_unpadblock:bad decrypt:../providers/implementations/ciphers/ciphercommon_block.c:124:
*** WARNING : deprecated key derivation used.
Using -iter or -pbkdf2 would be better.
bad decrypt
40372EDCBD780000:error:1C800064:Provider routines:ossl_cipher_unpadblock:bad decrypt:../providers/implementations/ciphers/ciphercommon_block.c:124:
*** WARNING : deprecated key derivation used.
Using -iter or -pbkdf2 would be better.
*** WARNING : deprecated key derivation used.
Using -iter or -pbkdf2 would be better.
*** WARNING : deprecated key derivation used.
Using -iter or -pbkdf2 would be better.
*** WARNING : deprecated key derivation used.
Using -iter or -pbkdf2 would be better.
bad decrypt
4037136ADE780000:error:1C800064:Provider routines:ossl_cipher_unpadblock:bad decrypt:../providers/implementations/ciphers/ciphercommon_block.c:124:
*** WARNING : deprecated key derivation used.
Using -iter or -pbkdf2 would be better.
bad decrypt
40C75DF4FA7E0000:error:1C800064:Provider routines:ossl_cipher_unpadblock:bad decrypt:../providers/implementations/ciphers/ciphercommon_block.c:124:
*** WARNING : deprecated key derivation used.
Using -iter or -pbkdf2 would be better.
bad decrypt
405778C1E0760000:error:1C800064:Provider routines:ossl_cipher_unpadblock:bad decrypt:../providers/implementations/ciphers/ciphercommon_block.c:124:
*** WARNING : deprecated key derivation used.
Using -iter or -pbkdf2 would be better.
*** WARNING : deprecated key derivation used.
Using -iter or -pbkdf2 would be better.
*** WARNING : deprecated key derivation used.
Using -iter or -pbkdf2 would be better.
*** WARNING : deprecated key derivation used.
Using -iter or -pbkdf2 would be better.
bad decrypt
40C7B92A30760000:error:1C800064:Provider routines:ossl_cipher_unpadblock:bad decrypt:../providers/implementations/ciphers/ciphercommon_block.c:124:
*** WARNING : deprecated key derivation used.
Using -iter or -pbkdf2 would be better.
bad decrypt
40E751C924730000:error:1C800064:Provider routines:ossl_cipher_unpadblock:bad decrypt:../providers/implementations/ciphers/ciphercommon_block.c:124:
*** WARNING : deprecated key derivation used.
Using -iter or -pbkdf2 would be better.
bad decrypt
4047CE8714780000:error:1C800064:Provider routines:ossl_cipher_unpadblock:bad decrypt:../providers/implementations/ciphers/ciphercommon_block.c:124:
*** WARNING : deprecated key derivation used.
Using -iter or -pbkdf2 would be better.
bad decrypt
40974EDB58720000:error:1C800064:Provider routines:ossl_cipher_unpadblock:bad decrypt:../providers/implementations/ciphers/ciphercommon_block.c:124:
*** WARNING : deprecated key derivation used.
Using -iter or -pbkdf2 would be better.
bad decrypt
40C75855A8790000:error:1C800064:Provider routines:ossl_cipher_unpadblock:bad decrypt:../providers/implementations/ciphers/ciphercommon_block.c:124:
*** WARNING : deprecated key derivation used.
Using -iter or -pbkdf2 would be better.
bad decrypt
40F782FBC47F0000:error:1C800064:Provider routines:ossl_cipher_unpadblock:bad decrypt:../providers/implementations/ciphers/ciphercommon_block.c:124:
*** WARNING : deprecated key derivation used.
Using -iter or -pbkdf2 would be better.
*** WARNING : deprecated key derivation used.
Using -iter or -pbkdf2 would be better.
*** WARNING : deprecated key derivation used.
Using -iter or -pbkdf2 would be better.
*** WARNING : deprecated key derivation used.
Using -iter or -pbkdf2 would be better.
*** WARNING : deprecated key derivation used.
Using -iter or -pbkdf2 would be better.
*** WARNING : deprecated key derivation used.
Using -iter or -pbkdf2 would be better.
*** WARNING : deprecated key derivation used.
Using -iter or -pbkdf2 would be better.
*** WARNING : deprecated key derivation used.
Using -iter or -pbkdf2 would be better.
*** WARNING : deprecated key derivation used.
Using -iter or -pbkdf2 would be better.
*** WARNING : deprecated key derivation used.
Using -iter or -pbkdf2 would be better.
bad decrypt
4097C6052C790000:error:1C800064:Provider routines:ossl_cipher_unpadblock:bad decrypt:../providers/implementations/ciphers/ciphercommon_block.c:124:
*** WARNING : deprecated key derivation used.
Using -iter or -pbkdf2 would be better.
bad decrypt
40B7CDF02B710000:error:1C800064:Provider routines:ossl_cipher_unpadblock:bad decrypt:../providers/implementations/ciphers/ciphercommon_block.c:124:
*** WARNING : deprecated key derivation used.
Using -iter or -pbkdf2 would be better.
bad decrypt
4057B544617F0000:error:1C800064:Provider routines:ossl_cipher_unpadblock:bad decrypt:../providers/implementations/ciphers/ciphercommon_block.c:124:
*** WARNING : deprecated key derivation used.
Using -iter or -pbkdf2 would be better.
*** WARNING : deprecated key derivation used.
Using -iter or -pbkdf2 would be better.
*** WARNING : deprecated key derivation used.
Using -iter or -pbkdf2 would be better.
*** WARNING : deprecated key derivation used.
Using -iter or -pbkdf2 would be better.
Error setting cipher DES-OFB
4097FB1EA27C0000:error:0308010C:digital envelope routines:inner_evp_generic_fetch:unsupported:../crypto/evp/evp_fetch.c:386:Global default library context, Algorithm (DES-OFB : 66), Properties ()
*** WARNING : deprecated key derivation used.
Using -iter or -pbkdf2 would be better.
Error setting cipher DES-OFB
40173A51D27B0000:error:0308010C:digital envelope routines:inner_evp_generic_fetch:unsupported:../crypto/evp/evp_fetch.c:386:Global default library context, Algorithm (DES-OFB : 66), Properties ()
*** WARNING : deprecated key derivation used.
Using -iter or -pbkdf2 would be better.
Error setting cipher DES-OFB
40E73E877E7A0000:error:0308010C:digital envelope routines:inner_evp_generic_fetch:unsupported:../crypto/evp/evp_fetch.c:386:Global default library context, Algorithm (DES-OFB : 66), Properties ()
*** WARNING : deprecated key derivation used.
Using -iter or -pbkdf2 would be better.
bad decrypt
4047A5BBD1770000:error:1C800064:Provider routines:ossl_cipher_unpadblock:bad decrypt:../providers/implementations/ciphers/ciphercommon_block.c:124:
*** WARNING : deprecated key derivation used.
Using -iter or -pbkdf2 would be better.
bad decrypt
40B7E2C2A2790000:error:1C800064:Provider routines:ossl_cipher_unpadblock:bad decrypt:../providers/implementations/ciphers/ciphercommon_block.c:124:
*** WARNING : deprecated key derivation used.
Using -iter or -pbkdf2 would be better.
bad decrypt
40B79FE267740000:error:1C800064:Provider routines:ossl_cipher_unpadblock:bad decrypt:../providers/implementations/ciphers/ciphercommon_block.c:124:
*** WARNING : deprecated key derivation used.
Using -iter or -pbkdf2 would be better.
error writing output file
40877819177B0000:error:1C800066:Provider routines:tdes_wrap_update:cipher operation failed:../providers/implementations/ciphers/cipher_tdes_wrap.c:164:
*** WARNING : deprecated key derivation used.
Using -iter or -pbkdf2 would be better.
*** WARNING : deprecated key derivation used.
Using -iter or -pbkdf2 would be better.
*** WARNING : deprecated key derivation used.
Using -iter or -pbkdf2 would be better.
Error setting cipher DESX-CBC
4067E1E20C740000:error:0308010C:digital envelope routines:inner_evp_generic_fetch:unsupported:../crypto/evp/evp_fetch.c:386:Global default library context, Algorithm (DESX-CBC : 0), Properties ()
*** WARNING : deprecated key derivation used.
Using -iter or -pbkdf2 would be better.
Error setting cipher DESX-CBC
40A7B51445750000:error:0308010C:digital envelope routines:inner_evp_generic_fetch:unsupported:../crypto/evp/evp_fetch.c:386:Global default library context, Algorithm (DESX-CBC : 0), Properties ()
*** WARNING : deprecated key derivation used.
Using -iter or -pbkdf2 would be better.
Error setting cipher DESX-CBC
40F7D127BD700000:error:0308010C:digital envelope routines:inner_evp_generic_fetch:unsupported:../crypto/evp/evp_fetch.c:386:Global default library context, Algorithm (DESX-CBC : 0), Properties ()
*** WARNING : deprecated key derivation used.
Using -iter or -pbkdf2 would be better.
Error setting cipher DESX-CBC
4037068DA1780000:error:0308010C:digital envelope routines:inner_evp_generic_fetch:unsupported:../crypto/evp/evp_fetch.c:386:Global default library context, Algorithm (DESX-CBC : 0), Properties ()
*** WARNING : deprecated key derivation used.
Using -iter or -pbkdf2 would be better.
Error setting cipher DESX-CBC
40D73B4E8D7E0000:error:0308010C:digital envelope routines:inner_evp_generic_fetch:unsupported:../crypto/evp/evp_fetch.c:386:Global default library context, Algorithm (DESX-CBC : 0), Properties ()
*** WARNING : deprecated key derivation used.
Using -iter or -pbkdf2 would be better.
Error setting cipher DESX-CBC
40375BFFAB7C0000:error:0308010C:digital envelope routines:inner_evp_generic_fetch:unsupported:../crypto/evp/evp_fetch.c:386:Global default library context, Algorithm (DESX-CBC : 0), Properties ()
*** WARNING : deprecated key derivation used.
Using -iter or -pbkdf2 would be better.
error writing output file
4047160DC3740000:error:1C800066:Provider routines:aes_wrap_cipher_internal:cipher operation failed:../providers/implementations/ciphers/cipher_aes_wrp.c:212:
4047160DC3740000:error:030000BD:digital envelope routines:EVP_DecryptUpdate:update error:../crypto/evp/evp_enc.c:837:
*** WARNING : deprecated key derivation used.
Using -iter or -pbkdf2 would be better.
*** WARNING : deprecated key derivation used.
Using -iter or -pbkdf2 would be better.
*** WARNING : deprecated key derivation used.
Using -iter or -pbkdf2 would be better.
error writing output file
40879B6538740000:error:1C800066:Provider routines:aes_wrap_cipher_internal:cipher operation failed:../providers/implementations/ciphers/cipher_aes_wrp.c:212:
40879B6538740000:error:030000BD:digital envelope routines:EVP_DecryptUpdate:update error:../crypto/evp/evp_enc.c:837:
*** WARNING : deprecated key derivation used.
Using -iter or -pbkdf2 would be better.
*** WARNING : deprecated key derivation used.
Using -iter or -pbkdf2 would be better.
*** WARNING : deprecated key derivation used.
Using -iter or -pbkdf2 would be better.
error writing output file
4007C799DA790000:error:1C800066:Provider routines:aes_wrap_cipher_internal:cipher operation failed:../providers/implementations/ciphers/cipher_aes_wrp.c:212:
4007C799DA790000:error:030000BD:digital envelope routines:EVP_DecryptUpdate:update error:../crypto/evp/evp_enc.c:837:
*** WARNING : deprecated key derivation used.
Using -iter or -pbkdf2 would be better.
*** WARNING : deprecated key derivation used.
Using -iter or -pbkdf2 would be better.
*** WARNING : deprecated key derivation used.
Using -iter or -pbkdf2 would be better.
error writing output file
4007FD03FF700000:error:1C800066:Provider routines:aes_wrap_cipher_internal:cipher operation failed:../providers/implementations/ciphers/cipher_aes_wrp.c:212:
4007FD03FF700000:error:030000BD:digital envelope routines:EVP_DecryptUpdate:update error:../crypto/evp/evp_enc.c:837:
*** WARNING : deprecated key derivation used.
Using -iter or -pbkdf2 would be better.
*** WARNING : deprecated key derivation used.
Using -iter or -pbkdf2 would be better.
*** WARNING : deprecated key derivation used.
Using -iter or -pbkdf2 would be better.
error writing output file
40C78FB1E27A0000:error:1C800066:Provider routines:aes_wrap_cipher_internal:cipher operation failed:../providers/implementations/ciphers/cipher_aes_wrp.c:212:
40C78FB1E27A0000:error:030000BD:digital envelope routines:EVP_DecryptUpdate:update error:../crypto/evp/evp_enc.c:837:
*** WARNING : deprecated key derivation used.
Using -iter or -pbkdf2 would be better.
*** WARNING : deprecated key derivation used.
Using -iter or -pbkdf2 would be better.
*** WARNING : deprecated key derivation used.
Using -iter or -pbkdf2 would be better.
error writing output file
40D7D464357D0000:error:1C800066:Provider routines:aes_wrap_cipher_internal:cipher operation failed:../providers/implementations/ciphers/cipher_aes_wrp.c:212:
40D7D464357D0000:error:030000BD:digital envelope routines:EVP_DecryptUpdate:update error:../crypto/evp/evp_enc.c:837:
*** WARNING : deprecated key derivation used.
Using -iter or -pbkdf2 would be better.
*** WARNING : deprecated key derivation used.
Using -iter or -pbkdf2 would be better.
*** WARNING : deprecated key derivation used.
Using -iter or -pbkdf2 would be better.
error writing output file
40774931157B0000:error:1C800066:Provider routines:tdes_wrap_update:cipher operation failed:../providers/implementations/ciphers/cipher_tdes_wrap.c:164:
*** WARNING : deprecated key derivation used.
Using -iter or -pbkdf2 would be better.
*** WARNING : deprecated key derivation used.
Using -iter or -pbkdf2 would be better.
*** WARNING : deprecated key derivation used.
Using -iter or -pbkdf2 would be better.
Error setting cipher RC2-CBC
40176E67A97C0000:error:0308010C:digital envelope routines:inner_evp_generic_fetch:unsupported:../crypto/evp/evp_fetch.c:386:Global default library context, Algorithm (RC2-CBC : 4), Properties ()
*** WARNING : deprecated key derivation used.
Using -iter or -pbkdf2 would be better.
Error setting cipher RC2-CBC
408714A0BB7D0000:error:0308010C:digital envelope routines:inner_evp_generic_fetch:unsupported:../crypto/evp/evp_fetch.c:386:Global default library context, Algorithm (RC2-CBC : 4), Properties ()
*** WARNING : deprecated key derivation used.
Using -iter or -pbkdf2 would be better.
Error setting cipher RC2-CBC
40678CC0D67E0000:error:0308010C:digital envelope routines:inner_evp_generic_fetch:unsupported:../crypto/evp/evp_fetch.c:386:Global default library context, Algorithm (RC2-CBC : 4), Properties ()
*** WARNING : deprecated key derivation used.
Using -iter or -pbkdf2 would be better.
Error setting cipher RC2-CBC
40C796527A700000:error:0308010C:digital envelope routines:inner_evp_generic_fetch:unsupported:../crypto/evp/evp_fetch.c:386:Global default library context, Algorithm (RC2-CBC : 4), Properties ()
*** WARNING : deprecated key derivation used.
Using -iter or -pbkdf2 would be better.
Error setting cipher RC2-CBC
40A77587617D0000:error:0308010C:digital envelope routines:inner_evp_generic_fetch:unsupported:../crypto/evp/evp_fetch.c:386:Global default library context, Algorithm (RC2-CBC : 4), Properties ()
*** WARNING : deprecated key derivation used.
Using -iter or -pbkdf2 would be better.
Error setting cipher RC2-CBC
40979E4D4F770000:error:0308010C:digital envelope routines:inner_evp_generic_fetch:unsupported:../crypto/evp/evp_fetch.c:386:Global default library context, Algorithm (RC2-CBC : 4), Properties ()
*** WARNING : deprecated key derivation used.
Using -iter or -pbkdf2 would be better.
Error setting cipher RC2-40-CBC
4037C8C905720000:error:0308010C:digital envelope routines:inner_evp_generic_fetch:unsupported:../crypto/evp/evp_fetch.c:386:Global default library context, Algorithm (RC2-40-CBC : 0), Properties ()
*** WARNING : deprecated key derivation used.
Using -iter or -pbkdf2 would be better.
Error setting cipher RC2-40-CBC
4067EF74B67A0000:error:0308010C:digital envelope routines:inner_evp_generic_fetch:unsupported:../crypto/evp/evp_fetch.c:386:Global default library context, Algorithm (RC2-40-CBC : 0), Properties ()
*** WARNING : deprecated key derivation used.
Using -iter or -pbkdf2 would be better.
Error setting cipher RC2-40-CBC
4027623722720000:error:0308010C:digital envelope routines:inner_evp_generic_fetch:unsupported:../crypto/evp/evp_fetch.c:386:Global default library context, Algorithm (RC2-40-CBC : 0), Properties ()
*** WARNING : deprecated key derivation used.
Using -iter or -pbkdf2 would be better.
Error setting cipher RC2-40-CBC
4097526506700000:error:0308010C:digital envelope routines:inner_evp_generic_fetch:unsupported:../crypto/evp/evp_fetch.c:386:Global default library context, Algorithm (RC2-40-CBC : 0), Properties ()
*** WARNING : deprecated key derivation used.
Using -iter or -pbkdf2 would be better.
Error setting cipher RC2-40-CBC
406720AE657E0000:error:0308010C:digital envelope routines:inner_evp_generic_fetch:unsupported:../crypto/evp/evp_fetch.c:386:Global default library context, Algorithm (RC2-40-CBC : 0), Properties ()
*** WARNING : deprecated key derivation used.
Using -iter or -pbkdf2 would be better.
Error setting cipher RC2-40-CBC
40B723CF4C720000:error:0308010C:digital envelope routines:inner_evp_generic_fetch:unsupported:../crypto/evp/evp_fetch.c:386:Global default library context, Algorithm (RC2-40-CBC : 0), Properties ()
*** WARNING : deprecated key derivation used.
Using -iter or -pbkdf2 would be better.
Error setting cipher RC2-64-CBC
4027E61099700000:error:0308010C:digital envelope routines:inner_evp_generic_fetch:unsupported:../crypto/evp/evp_fetch.c:386:Global default library context, Algorithm (RC2-64-CBC : 0), Properties ()
*** WARNING : deprecated key derivation used.
Using -iter or -pbkdf2 would be better.
Error setting cipher RC2-64-CBC
404759E3B8720000:error:0308010C:digital envelope routines:inner_evp_generic_fetch:unsupported:../crypto/evp/evp_fetch.c:386:Global default library context, Algorithm (RC2-64-CBC : 0), Properties ()
*** WARNING : deprecated key derivation used.
Using -iter or -pbkdf2 would be better.
Error setting cipher RC2-64-CBC
4027404909700000:error:0308010C:digital envelope routines:inner_evp_generic_fetch:unsupported:../crypto/evp/evp_fetch.c:386:Global default library context, Algorithm (RC2-64-CBC : 0), Properties ()
*** WARNING : deprecated key derivation used.
Using -iter or -pbkdf2 would be better.
Error setting cipher RC2-64-CBC
4097C9826C750000:error:0308010C:digital envelope routines:inner_evp_generic_fetch:unsupported:../crypto/evp/evp_fetch.c:386:Global default library context, Algorithm (RC2-64-CBC : 0), Properties ()
*** WARNING : deprecated key derivation used.
Using -iter or -pbkdf2 would be better.
Error setting cipher RC2-64-CBC
4037F5802F7D0000:error:0308010C:digital envelope routines:inner_evp_generic_fetch:unsupported:../crypto/evp/evp_fetch.c:386:Global default library context, Algorithm (RC2-64-CBC : 0), Properties ()
*** WARNING : deprecated key derivation used.
Using -iter or -pbkdf2 would be better.
Error setting cipher RC2-64-CBC
407723E27D780000:error:0308010C:digital envelope routines:inner_evp_generic_fetch:unsupported:../crypto/evp/evp_fetch.c:386:Global default library context, Algorithm (RC2-64-CBC : 0), Properties ()
*** WARNING : deprecated key derivation used.
Using -iter or -pbkdf2 would be better.
Error setting cipher RC2-CBC
40C7F44344710000:error:0308010C:digital envelope routines:inner_evp_generic_fetch:unsupported:../crypto/evp/evp_fetch.c:386:Global default library context, Algorithm (RC2-CBC : 4), Properties ()
*** WARNING : deprecated key derivation used.
Using -iter or -pbkdf2 would be better.
Error setting cipher RC2-CBC
40E7B1F5A37F0000:error:0308010C:digital envelope routines:inner_evp_generic_fetch:unsupported:../crypto/evp/evp_fetch.c:386:Global default library context, Algorithm (RC2-CBC : 4), Properties ()
*** WARNING : deprecated key derivation used.
Using -iter or -pbkdf2 would be better.
Error setting cipher RC2-CBC
401747CC9D700000:error:0308010C:digital envelope routines:inner_evp_generic_fetch:unsupported:../crypto/evp/evp_fetch.c:386:Global default library context, Algorithm (RC2-CBC : 4), Properties ()
*** WARNING : deprecated key derivation used.
Using -iter or -pbkdf2 would be better.
Error setting cipher RC2-CFB
40076BA9EB7B0000:error:0308010C:digital envelope routines:inner_evp_generic_fetch:unsupported:../crypto/evp/evp_fetch.c:386:Global default library context, Algorithm (RC2-CFB : 0), Properties ()
*** WARNING : deprecated key derivation used.
Using -iter or -pbkdf2 would be better.
Error setting cipher RC2-CFB
40875BBA68700000:error:0308010C:digital envelope routines:inner_evp_generic_fetch:unsupported:../crypto/evp/evp_fetch.c:386:Global default library context, Algorithm (RC2-CFB : 0), Properties ()
*** WARNING : deprecated key derivation used.
Using -iter or -pbkdf2 would be better.
Error setting cipher RC2-CFB
4087B94CD9710000:error:0308010C:digital envelope routines:inner_evp_generic_fetch:unsupported:../crypto/evp/evp_fetch.c:386:Global default library context, Algorithm (RC2-CFB : 0), Properties ()
*** WARNING : deprecated key derivation used.
Using -iter or -pbkdf2 would be better.
Error setting cipher RC2-ECB
404768C5027A0000:error:0308010C:digital envelope routines:inner_evp_generic_fetch:unsupported:../crypto/evp/evp_fetch.c:386:Global default library context, Algorithm (RC2-ECB : 0), Properties ()
*** WARNING : deprecated key derivation used.
Using -iter or -pbkdf2 would be better.
Error setting cipher RC2-ECB
40977345B0710000:error:0308010C:digital envelope routines:inner_evp_generic_fetch:unsupported:../crypto/evp/evp_fetch.c:386:Global default library context, Algorithm (RC2-ECB : 0), Properties ()
*** WARNING : deprecated key derivation used.
Using -iter or -pbkdf2 would be better.
Error setting cipher RC2-ECB
40E74164DE7D0000:error:0308010C:digital envelope routines:inner_evp_generic_fetch:unsupported:../crypto/evp/evp_fetch.c:386:Global default library context, Algorithm (RC2-ECB : 0), Properties ()
*** WARNING : deprecated key derivation used.
Using -iter or -pbkdf2 would be better.
Error setting cipher RC2-OFB
40972A31A77A0000:error:0308010C:digital envelope routines:inner_evp_generic_fetch:unsupported:../crypto/evp/evp_fetch.c:386:Global default library context, Algorithm (RC2-OFB : 0), Properties ()
*** WARNING : deprecated key derivation used.
Using -iter or -pbkdf2 would be better.
Error setting cipher RC2-OFB
4057483B5B7D0000:error:0308010C:digital envelope routines:inner_evp_generic_fetch:unsupported:../crypto/evp/evp_fetch.c:386:Global default library context, Algorithm (RC2-OFB : 0), Properties ()
*** WARNING : deprecated key derivation used.
Using -iter or -pbkdf2 would be better.
Error setting cipher RC2-OFB
40377273FA700000:error:0308010C:digital envelope routines:inner_evp_generic_fetch:unsupported:../crypto/evp/evp_fetch.c:386:Global default library context, Algorithm (RC2-OFB : 0), Properties ()
*** WARNING : deprecated key derivation used.
Using -iter or -pbkdf2 would be better.
Error setting cipher RC4
4067A9F6D5780000:error:0308010C:digital envelope routines:inner_evp_generic_fetch:unsupported:../crypto/evp/evp_fetch.c:386:Global default library context, Algorithm (RC4 : 37), Properties ()
*** WARNING : deprecated key derivation used.
Using -iter or -pbkdf2 would be better.
Error setting cipher RC4
40C76ECFAD750000:error:0308010C:digital envelope routines:inner_evp_generic_fetch:unsupported:../crypto/evp/evp_fetch.c:386:Global default library context, Algorithm (RC4 : 37), Properties ()
*** WARNING : deprecated key derivation used.
Using -iter or -pbkdf2 would be better.
Error setting cipher RC4
40C7DCEDFC780000:error:0308010C:digital envelope routines:inner_evp_generic_fetch:unsupported:../crypto/evp/evp_fetch.c:386:Global default library context, Algorithm (RC4 : 37), Properties ()
*** WARNING : deprecated key derivation used.
Using -iter or -pbkdf2 would be better.
Error setting cipher RC4-40
401762C3BC790000:error:0308010C:digital envelope routines:inner_evp_generic_fetch:unsupported:../crypto/evp/evp_fetch.c:386:Global default library context, Algorithm (RC4-40 : 0), Properties ()
*** WARNING : deprecated key derivation used.
Using -iter or -pbkdf2 would be better.
Error setting cipher RC4-40
40A7F13C967B0000:error:0308010C:digital envelope routines:inner_evp_generic_fetch:unsupported:../crypto/evp/evp_fetch.c:386:Global default library context, Algorithm (RC4-40 : 0), Properties ()
*** WARNING : deprecated key derivation used.
Using -iter or -pbkdf2 would be better.
Error setting cipher RC4-40
4027ABA023740000:error:0308010C:digital envelope routines:inner_evp_generic_fetch:unsupported:../crypto/evp/evp_fetch.c:386:Global default library context, Algorithm (RC4-40 : 0), Properties ()
*** WARNING : deprecated key derivation used.
Using -iter or -pbkdf2 would be better.
Error setting cipher SEED-CBC
4057E405C07F0000:error:0308010C:digital envelope routines:inner_evp_generic_fetch:unsupported:../crypto/evp/evp_fetch.c:386:Global default library context, Algorithm (SEED-CBC : 53), Properties ()
*** WARNING : deprecated key derivation used.
Using -iter or -pbkdf2 would be better.
Error setting cipher SEED-CBC
4067AEA50E720000:error:0308010C:digital envelope routines:inner_evp_generic_fetch:unsupported:../crypto/evp/evp_fetch.c:386:Global default library context, Algorithm (SEED-CBC : 53), Properties ()
*** WARNING : deprecated key derivation used.
Using -iter or -pbkdf2 would be better.
Error setting cipher SEED-CBC
40E71FCD4A710000:error:0308010C:digital envelope routines:inner_evp_generic_fetch:unsupported:../crypto/evp/evp_fetch.c:386:Global default library context, Algorithm (SEED-CBC : 53), Properties ()
*** WARNING : deprecated key derivation used.
Using -iter or -pbkdf2 would be better.
Error setting cipher SEED-CBC
4037012897790000:error:0308010C:digital envelope routines:inner_evp_generic_fetch:unsupported:../crypto/evp/evp_fetch.c:386:Global default library context, Algorithm (SEED-CBC : 53), Properties ()
*** WARNING : deprecated key derivation used.
Using -iter or -pbkdf2 would be better.
Error setting cipher SEED-CBC
40978BE77F790000:error:0308010C:digital envelope routines:inner_evp_generic_fetch:unsupported:../crypto/evp/evp_fetch.c:386:Global default library context, Algorithm (SEED-CBC : 53), Properties ()
*** WARNING : deprecated key derivation used.
Using -iter or -pbkdf2 would be better.
Error setting cipher SEED-CBC
409711C972740000:error:0308010C:digital envelope routines:inner_evp_generic_fetch:unsupported:../crypto/evp/evp_fetch.c:386:Global default library context, Algorithm (SEED-CBC : 53), Properties ()
*** WARNING : deprecated key derivation used.
Using -iter or -pbkdf2 would be better.
Error setting cipher SEED-CFB
40070103177D0000:error:0308010C:digital envelope routines:inner_evp_generic_fetch:unsupported:../crypto/evp/evp_fetch.c:386:Global default library context, Algorithm (SEED-CFB : 49), Properties ()
*** WARNING : deprecated key derivation used.
Using -iter or -pbkdf2 would be better.
Error setting cipher SEED-CFB
401709C2BA770000:error:0308010C:digital envelope routines:inner_evp_generic_fetch:unsupported:../crypto/evp/evp_fetch.c:386:Global default library context, Algorithm (SEED-CFB : 49), Properties ()
*** WARNING : deprecated key derivation used.
Using -iter or -pbkdf2 would be better.
Error setting cipher SEED-CFB
4047E22574790000:error:0308010C:digital envelope routines:inner_evp_generic_fetch:unsupported:../crypto/evp/evp_fetch.c:386:Global default library context, Algorithm (SEED-CFB : 49), Properties ()
*** WARNING : deprecated key derivation used.
Using -iter or -pbkdf2 would be better.
Error setting cipher SEED-ECB
405794852B760000:error:0308010C:digital envelope routines:inner_evp_generic_fetch:unsupported:../crypto/evp/evp_fetch.c:386:Global default library context, Algorithm (SEED-ECB : 74), Properties ()
*** WARNING : deprecated key derivation used.
Using -iter or -pbkdf2 would be better.
Error setting cipher SEED-ECB
40C72D53407E0000:error:0308010C:digital envelope routines:inner_evp_generic_fetch:unsupported:../crypto/evp/evp_fetch.c:386:Global default library context, Algorithm (SEED-ECB : 74), Properties ()
*** WARNING : deprecated key derivation used.
Using -iter or -pbkdf2 would be better.
Error setting cipher SEED-ECB
40C7C20488740000:error:0308010C:digital envelope routines:inner_evp_generic_fetch:unsupported:../crypto/evp/evp_fetch.c:386:Global default library context, Algorithm (SEED-ECB : 74), Properties ()
*** WARNING : deprecated key derivation used.
Using -iter or -pbkdf2 would be better.
Error setting cipher SEED-OFB
40179B708B700000:error:0308010C:digital envelope routines:inner_evp_generic_fetch:unsupported:../crypto/evp/evp_fetch.c:386:Global default library context, Algorithm (SEED-OFB : 61), Properties ()
*** WARNING : deprecated key derivation used.
Using -iter or -pbkdf2 would be better.
Error setting cipher SEED-OFB
40D7D39967720000:error:0308010C:digital envelope routines:inner_evp_generic_fetch:unsupported:../crypto/evp/evp_fetch.c:386:Global default library context, Algorithm (SEED-OFB : 61), Properties ()
*** WARNING : deprecated key derivation used.
Using -iter or -pbkdf2 would be better.
Error setting cipher SEED-OFB
4057591F3E740000:error:0308010C:digital envelope routines:inner_evp_generic_fetch:unsupported:../crypto/evp/evp_fetch.c:386:Global default library context, Algorithm (SEED-OFB : 61), Properties ()
*** WARNING : deprecated key derivation used.
Using -iter or -pbkdf2 would be better.
bad decrypt
40772C1693760000:error:1C800064:Provider routines:ossl_cipher_unpadblock:bad decrypt:../providers/implementations/ciphers/ciphercommon_block.c:124:
*** WARNING : deprecated key derivation used.
Using -iter or -pbkdf2 would be better.
bad decrypt
4017285CB9700000:error:1C800064:Provider routines:ossl_cipher_unpadblock:bad decrypt:../providers/implementations/ciphers/ciphercommon_block.c:124:
*** WARNING : deprecated key derivation used.
Using -iter or -pbkdf2 would be better.
bad decrypt
4067DA4342750000:error:1C800064:Provider routines:ossl_cipher_unpadblock:bad decrypt:../providers/implementations/ciphers/ciphercommon_block.c:124:
*** WARNING : deprecated key derivation used.
Using -iter or -pbkdf2 would be better.
bad decrypt
40573B1941750000:error:1C800064:Provider routines:ossl_cipher_unpadblock:bad decrypt:../providers/implementations/ciphers/ciphercommon_block.c:124:
*** WARNING : deprecated key derivation used.
Using -iter or -pbkdf2 would be better.
bad decrypt
40076DA2F47C0000:error:1C800064:Provider routines:ossl_cipher_unpadblock:bad decrypt:../providers/implementations/ciphers/ciphercommon_block.c:124:
*** WARNING : deprecated key derivation used.
Using -iter or -pbkdf2 would be better.
bad decrypt
4017BE0944730000:error:1C800064:Provider routines:ossl_cipher_unpadblock:bad decrypt:../providers/implementations/ciphers/ciphercommon_block.c:124:
*** WARNING : deprecated key derivation used.
Using -iter or -pbkdf2 would be better.
*** WARNING : deprecated key derivation used.
Using -iter or -pbkdf2 would be better.
*** WARNING : deprecated key derivation used.
Using -iter or -pbkdf2 would be better.
*** WARNING : deprecated key derivation used.
Using -iter or -pbkdf2 would be better.
*** WARNING : deprecated key derivation used.
Using -iter or -pbkdf2 would be better.
*** WARNING : deprecated key derivation used.
Using -iter or -pbkdf2 would be better.
*** WARNING : deprecated key derivation used.
Using -iter or -pbkdf2 would be better.
bad decrypt
40378F73C27E0000:error:1C800064:Provider routines:ossl_cipher_unpadblock:bad decrypt:../providers/implementations/ciphers/ciphercommon_block.c:124:
*** WARNING : deprecated key derivation used.
Using -iter or -pbkdf2 would be better.
bad decrypt
40C73E0515770000:error:1C800064:Provider routines:ossl_cipher_unpadblock:bad decrypt:../providers/implementations/ciphers/ciphercommon_block.c:124:
*** WARNING : deprecated key derivation used.
Using -iter or -pbkdf2 would be better.
bad decrypt
4017D8BF957D0000:error:1C800064:Provider routines:ossl_cipher_unpadblock:bad decrypt:../providers/implementations/ciphers/ciphercommon_block.c:124:
*** WARNING : deprecated key derivation used.
Using -iter or -pbkdf2 would be better.
*** WARNING : deprecated key derivation used.
Using -iter or -pbkdf2 would be better.
*** WARNING : deprecated key derivation used.
Using -iter or -pbkdf2 would be better.
enc: Use -help for summary.
enc: Use -help for summary.
enc: Use -help for summary.
enc: Use -help for summary.
enc: Use -help for summary.
enc: Use -help for summary.
*** WARNING : deprecated key derivation used.
Using -iter or -pbkdf2 would be better.
bad decrypt
401774F79E7F0000:error:1C800064:Provider routines:ossl_cipher_unpadblock:bad decrypt:../providers/implementations/ciphers/ciphercommon_block.c:129:
*** WARNING : deprecated key derivation used.
Using -iter or -pbkdf2 would be better.
bad decrypt
40C7CA93F6790000:error:1C800064:Provider routines:ossl_cipher_unpadblock:bad decrypt:../providers/implementations/ciphers/ciphercommon_block.c:124:
*** WARNING : deprecated key derivation used.
Using -iter or -pbkdf2 would be better.
bad decrypt
40F71FE835770000:error:1C800064:Provider routines:ossl_cipher_unpadblock:bad decrypt:../providers/implementations/ciphers/ciphercommon_block.c:124:
*** WARNING : deprecated key derivation used.
Using -iter or -pbkdf2 would be better.
*** WARNING : deprecated key derivation used.
Using -iter or -pbkdf2 would be better.
*** WARNING : deprecated key derivation used.
Using -iter or -pbkdf2 would be better.
*** WARNING : deprecated key derivation used.
Using -iter or -pbkdf2 would be better.
*** WARNING : deprecated key derivation used.
Using -iter or -pbkdf2 would be better.
*** WARNING : deprecated key derivation used.
Using -iter or -pbkdf2 would be better.
*** WARNING : deprecated key derivation used.
Using -iter or -pbkdf2 would be better.
*** WARNING : deprecated key derivation used.
Using -iter or -pbkdf2 would be better.
*** WARNING : deprecated key derivation used.
Using -iter or -pbkdf2 would be better.
*** WARNING : deprecated key derivation used.
Using -iter or -pbkdf2 would be better.
*** WARNING : deprecated key derivation used.
Using -iter or -pbkdf2 would be better.
*** WARNING : deprecated key derivation used.
Using -iter or -pbkdf2 would be better.
*** WARNING : deprecated key derivation used.
Using -iter or -pbkdf2 would be better.
bad decrypt
4067B45B67700000:error:1C800064:Provider routines:ossl_cipher_unpadblock:bad decrypt:../providers/implementations/ciphers/ciphercommon_block.c:124:
*** WARNING : deprecated key derivation used.
Using -iter or -pbkdf2 would be better.
bad decrypt
4047465170740000:error:1C800064:Provider routines:ossl_cipher_unpadblock:bad decrypt:../providers/implementations/ciphers/ciphercommon_block.c:124:
*** WARNING : deprecated key derivation used.
Using -iter or -pbkdf2 would be better.
bad decrypt
40177B4339750000:error:1C800064:Provider routines:ossl_cipher_unpadblock:bad decrypt:../providers/implementations/ciphers/ciphercommon_block.c:124:
*** WARNING : deprecated key derivation used.
Using -iter or -pbkdf2 would be better.
*** WARNING : deprecated key derivation used.
Using -iter or -pbkdf2 would be better.
*** WARNING : deprecated key derivation used.
Using -iter or -pbkdf2 would be better.
*** WARNING : deprecated key derivation used.
Using -iter or -pbkdf2 would be better.
bad decrypt
40274DC40A7E0000:error:1C800064:Provider routines:ossl_cipher_unpadblock:bad decrypt:../providers/implementations/ciphers/ciphercommon_block.c:124:
*** WARNING : deprecated key derivation used.
Using -iter or -pbkdf2 would be better.
bad decrypt
40A72180C3730000:error:1C800064:Provider routines:ossl_cipher_unpadblock:bad decrypt:../providers/implementations/ciphers/ciphercommon_block.c:124:
*** WARNING : deprecated key derivation used.
Using -iter or -pbkdf2 would be better.
bad decrypt
40B78AE36C7D0000:error:1C800064:Provider routines:ossl_cipher_unpadblock:bad decrypt:../providers/implementations/ciphers/ciphercommon_block.c:124:
*** WARNING : deprecated key derivation used.
Using -iter or -pbkdf2 would be better.
*** WARNING : deprecated key derivation used.
Using -iter or -pbkdf2 would be better.
*** WARNING : deprecated key derivation used.
Using -iter or -pbkdf2 would be better.
*** WARNING : deprecated key derivation used.
Using -iter or -pbkdf2 would be better.
*** WARNING : deprecated key derivation used.
Using -iter or -pbkdf2 would be better.
*** WARNING : deprecated key derivation used.
Using -iter or -pbkdf2 would be better.
*** WARNING : deprecated key derivation used.
Using -iter or -pbkdf2 would be better.
*** WARNING : deprecated key derivation used.
Using -iter or -pbkdf2 would be better.
*** WARNING : deprecated key derivation used.
Using -iter or -pbkdf2 would be better.
*** WARNING : deprecated key derivation used.
Using -iter or -pbkdf2 would be better.
*** WARNING : deprecated key derivation used.
Using -iter or -pbkdf2 would be better.
*** WARNING : deprecated key derivation used.
Using -iter or -pbkdf2 would be better.
*** WARNING : deprecated key derivation used.
Using -iter or -pbkdf2 would be better.
bad decrypt
40F7DBD453770000:error:1C800064:Provider routines:ossl_cipher_unpadblock:bad decrypt:../providers/implementations/ciphers/ciphercommon_block.c:124:
*** WARNING : deprecated key derivation used.
Using -iter or -pbkdf2 would be better.
bad decrypt
4027B8DBF1780000:error:1C800064:Provider routines:ossl_cipher_unpadblock:bad decrypt:../providers/implementations/ciphers/ciphercommon_block.c:124:
*** WARNING : deprecated key derivation used.
Using -iter or -pbkdf2 would be better.
bad decrypt
40C749CB89730000:error:1C800064:Provider routines:ossl_cipher_unpadblock:bad decrypt:../providers/implementations/ciphers/ciphercommon_block.c:124:
*** WARNING : deprecated key derivation used.
Using -iter or -pbkdf2 would be better.
*** WARNING : deprecated key derivation used.
Using -iter or -pbkdf2 would be better.
*** WARNING : deprecated key derivation used.
Using -iter or -pbkdf2 would be better.
*** WARNING : deprecated key derivation used.
Using -iter or -pbkdf2 would be better.
bad decrypt
4017CF1F7B730000:error:1C800064:Provider routines:ossl_cipher_unpadblock:bad decrypt:../providers/implementations/ciphers/ciphercommon_block.c:124:
*** WARNING : deprecated key derivation used.
Using -iter or -pbkdf2 would be better.
bad decrypt
40378A2DB2780000:error:1C800064:Provider routines:ossl_cipher_unpadblock:bad decrypt:../providers/implementations/ciphers/ciphercommon_block.c:124:
*** WARNING : deprecated key derivation used.
Using -iter or -pbkdf2 would be better.
bad decrypt
40879B16647B0000:error:1C800064:Provider routines:ossl_cipher_unpadblock:bad decrypt:../providers/implementations/ciphers/ciphercommon_block.c:124:
*** WARNING : deprecated key derivation used.
Using -iter or -pbkdf2 would be better.
*** WARNING : deprecated key derivation used.
Using -iter or -pbkdf2 would be better.
*** WARNING : deprecated key derivation used.
Using -iter or -pbkdf2 would be better.
*** WARNING : deprecated key derivation used.
Using -iter or -pbkdf2 would be better.
*** WARNING : deprecated key derivation used.
Using -iter or -pbkdf2 would be better.
*** WARNING : deprecated key derivation used.
Using -iter or -pbkdf2 would be better.
*** WARNING : deprecated key derivation used.
Using -iter or -pbkdf2 would be better.
*** WARNING : deprecated key derivation used.
Using -iter or -pbkdf2 would be better.
*** WARNING : deprecated key derivation used.
Using -iter or -pbkdf2 would be better.
*** WARNING : deprecated key derivation used.
Using -iter or -pbkdf2 would be better.
*** WARNING : deprecated key derivation used.
Using -iter or -pbkdf2 would be better.
*** WARNING : deprecated key derivation used.
Using -iter or -pbkdf2 would be better.
*** WARNING : deprecated key derivation used.
Using -iter or -pbkdf2 would be better.
bad decrypt
40E7BFF09E7B0000:error:1C800064:Provider routines:ossl_cipher_unpadblock:bad decrypt:../providers/implementations/ciphers/ciphercommon_block.c:124:
*** WARNING : deprecated key derivation used.
Using -iter or -pbkdf2 would be better.
bad decrypt
40C7F63E3C750000:error:1C800064:Provider routines:ossl_cipher_unpadblock:bad decrypt:../providers/implementations/ciphers/ciphercommon_block.c:124:
*** WARNING : deprecated key derivation used.
Using -iter or -pbkdf2 would be better.
bad decrypt
4057D36CC6740000:error:1C800064:Provider routines:ossl_cipher_unpadblock:bad decrypt:../providers/implementations/ciphers/ciphercommon_block.c:124:
*** WARNING : deprecated key derivation used.
Using -iter or -pbkdf2 would be better.
*** WARNING : deprecated key derivation used.
Using -iter or -pbkdf2 would be better.
*** WARNING : deprecated key derivation used.
Using -iter or -pbkdf2 would be better.
*** WARNING : deprecated key derivation used.
Using -iter or -pbkdf2 would be better.
bad decrypt
40B784E4D07B0000:error:1C800064:Provider routines:ossl_cipher_unpadblock:bad decrypt:../providers/implementations/ciphers/ciphercommon_block.c:129:
*** WARNING : deprecated key derivation used.
Using -iter or -pbkdf2 would be better.
bad decrypt
4097694C34750000:error:1C800064:Provider routines:ossl_cipher_unpadblock:bad decrypt:../providers/implementations/ciphers/ciphercommon_block.c:124:
*** WARNING : deprecated key derivation used.
Using -iter or -pbkdf2 would be better.
bad decrypt
40E7797B8D750000:error:1C800064:Provider routines:ossl_cipher_unpadblock:bad decrypt:../providers/implementations/ciphers/ciphercommon_block.c:124:
*** WARNING : deprecated key derivation used.
Using -iter or -pbkdf2 would be better.
error writing output file
4017FE2A087F0000:error:1C800066:Provider routines:aes_wrap_cipher_internal:cipher operation failed:../providers/implementations/ciphers/cipher_aes_wrp.c:212:
4017FE2A087F0000:error:030000BD:digital envelope routines:EVP_DecryptUpdate:update error:../crypto/evp/evp_enc.c:837:
*** WARNING : deprecated key derivation used.
Using -iter or -pbkdf2 would be better.
*** WARNING : deprecated key derivation used.
Using -iter or -pbkdf2 would be better.
*** WARNING : deprecated key derivation used.
Using -iter or -pbkdf2 would be better.
bad decrypt
40D7BBEE55700000:error:1C800064:Provider routines:ossl_cipher_unpadblock:bad decrypt:../providers/implementations/ciphers/ciphercommon_block.c:124:
*** WARNING : deprecated key derivation used.
Using -iter or -pbkdf2 would be better.
bad decrypt
40E7118407730000:error:1C800064:Provider routines:ossl_cipher_unpadblock:bad decrypt:../providers/implementations/ciphers/ciphercommon_block.c:124:
*** WARNING : deprecated key derivation used.
Using -iter or -pbkdf2 would be better.
bad decrypt
40F70336F7790000:error:1C800064:Provider routines:ossl_cipher_unpadblock:bad decrypt:../providers/implementations/ciphers/ciphercommon_block.c:124:
*** WARNING : deprecated key derivation used.
Using -iter or -pbkdf2 would be better.
error writing output file
40C76E4F44720000:error:1C800066:Provider routines:aes_wrap_cipher_internal:cipher operation failed:../providers/implementations/ciphers/cipher_aes_wrp.c:212:
40C76E4F44720000:error:030000BD:digital envelope routines:EVP_DecryptUpdate:update error:../crypto/evp/evp_enc.c:837:
*** WARNING : deprecated key derivation used.
Using -iter or -pbkdf2 would be better.
*** WARNING : deprecated key derivation used.
Using -iter or -pbkdf2 would be better.
*** WARNING : deprecated key derivation used.
Using -iter or -pbkdf2 would be better.
bad decrypt
4087AEE4D57B0000:error:1C800064:Provider routines:ossl_cipher_unpadblock:bad decrypt:../providers/implementations/ciphers/ciphercommon_block.c:124:
*** WARNING : deprecated key derivation used.
Using -iter or -pbkdf2 would be better.
bad decrypt
4077C68239710000:error:1C800064:Provider routines:ossl_cipher_unpadblock:bad decrypt:../providers/implementations/ciphers/ciphercommon_block.c:124:
*** WARNING : deprecated key derivation used.
Using -iter or -pbkdf2 would be better.
bad decrypt
40577CD24E7E0000:error:1C800064:Provider routines:ossl_cipher_unpadblock:bad decrypt:../providers/implementations/ciphers/ciphercommon_block.c:124:
*** WARNING : deprecated key derivation used.
Using -iter or -pbkdf2 would be better.
error writing output file
402713C25F730000:error:1C800066:Provider routines:aes_wrap_cipher_internal:cipher operation failed:../providers/implementations/ciphers/cipher_aes_wrp.c:212:
402713C25F730000:error:030000BD:digital envelope routines:EVP_DecryptUpdate:update error:../crypto/evp/evp_enc.c:837:
*** WARNING : deprecated key derivation used.
Using -iter or -pbkdf2 would be better.
*** WARNING : deprecated key derivation used.
Using -iter or -pbkdf2 would be better.
*** WARNING : deprecated key derivation used.
Using -iter or -pbkdf2 would be better.
bad decrypt
4027E669D0710000:error:1C800064:Provider routines:ossl_cipher_unpadblock:bad decrypt:../providers/implementations/ciphers/ciphercommon_block.c:124:
*** WARNING : deprecated key derivation used.
Using -iter or -pbkdf2 would be better.
bad decrypt
40F7883AEA7B0000:error:1C800064:Provider routines:ossl_cipher_unpadblock:bad decrypt:../providers/implementations/ciphers/ciphercommon_block.c:124:
*** WARNING : deprecated key derivation used.
Using -iter or -pbkdf2 would be better.
bad decrypt
40F79B1430740000:error:1C800064:Provider routines:ossl_cipher_unpadblock:bad decrypt:../providers/implementations/ciphers/ciphercommon_block.c:124:
*** WARNING : deprecated key derivation used.
Using -iter or -pbkdf2 would be better.
*** WARNING : deprecated key derivation used.
Using -iter or -pbkdf2 would be better.
*** WARNING : deprecated key derivation used.
Using -iter or -pbkdf2 would be better.
*** WARNING : deprecated key derivation used.
Using -iter or -pbkdf2 would be better.
*** WARNING : deprecated key derivation used.
Using -iter or -pbkdf2 would be better.
*** WARNING : deprecated key derivation used.
Using -iter or -pbkdf2 would be better.
*** WARNING : deprecated key derivation used.
Using -iter or -pbkdf2 would be better.
*** WARNING : deprecated key derivation used.
Using -iter or -pbkdf2 would be better.
*** WARNING : deprecated key derivation used.
Using -iter or -pbkdf2 would be better.
*** WARNING : deprecated key derivation used.
Using -iter or -pbkdf2 would be better.
*** WARNING : deprecated key derivation used.
Using -iter or -pbkdf2 would be better.
*** WARNING : deprecated key derivation used.
Using -iter or -pbkdf2 would be better.
*** WARNING : deprecated key derivation used.
Using -iter or -pbkdf2 would be better.
bad decrypt
4087BCBFC6740000:error:1C800064:Provider routines:ossl_cipher_unpadblock:bad decrypt:../providers/implementations/ciphers/ciphercommon_block.c:124:
*** WARNING : deprecated key derivation used.
Using -iter or -pbkdf2 would be better.
bad decrypt
40D783A164750000:error:1C800064:Provider routines:ossl_cipher_unpadblock:bad decrypt:../providers/implementations/ciphers/ciphercommon_block.c:124:
*** WARNING : deprecated key derivation used.
Using -iter or -pbkdf2 would be better.
bad decrypt
4027B4F55B7A0000:error:1C800064:Provider routines:ossl_cipher_unpadblock:bad decrypt:../providers/implementations/ciphers/ciphercommon_block.c:124:
*** WARNING : deprecated key derivation used.
Using -iter or -pbkdf2 would be better.
*** WARNING : deprecated key derivation used.
Using -iter or -pbkdf2 would be better.
*** WARNING : deprecated key derivation used.
Using -iter or -pbkdf2 would be better.
*** WARNING : deprecated key derivation used.
Using -iter or -pbkdf2 would be better.
bad decrypt
409720E309760000:error:1C800064:Provider routines:ossl_cipher_unpadblock:bad decrypt:../providers/implementations/ciphers/ciphercommon_block.c:124:
*** WARNING : deprecated key derivation used.
Using -iter or -pbkdf2 would be better.
bad decrypt
40D70687677C0000:error:1C800064:Provider routines:ossl_cipher_unpadblock:bad decrypt:../providers/implementations/ciphers/ciphercommon_block.c:124:
*** WARNING : deprecated key derivation used.
Using -iter or -pbkdf2 would be better.
bad decrypt
4047AF2ACF7E0000:error:1C800064:Provider routines:ossl_cipher_unpadblock:bad decrypt:../providers/implementations/ciphers/ciphercommon_block.c:129:
*** WARNING : deprecated key derivation used.
Using -iter or -pbkdf2 would be better.
*** WARNING : deprecated key derivation used.
Using -iter or -pbkdf2 would be better.
*** WARNING : deprecated key derivation used.
Using -iter or -pbkdf2 would be better.
*** WARNING : deprecated key derivation used.
Using -iter or -pbkdf2 would be better.
*** WARNING : deprecated key derivation used.
Using -iter or -pbkdf2 would be better.
*** WARNING : deprecated key derivation used.
Using -iter or -pbkdf2 would be better.
*** WARNING : deprecated key derivation used.
Using -iter or -pbkdf2 would be better.
*** WARNING : deprecated key derivation used.
Using -iter or -pbkdf2 would be better.
*** WARNING : deprecated key derivation used.
Using -iter or -pbkdf2 would be better.
*** WARNING : deprecated key derivation used.
Using -iter or -pbkdf2 would be better.
*** WARNING : deprecated key derivation used.
Using -iter or -pbkdf2 would be better.
*** WARNING : deprecated key derivation used.
Using -iter or -pbkdf2 would be better.
*** WARNING : deprecated key derivation used.
Using -iter or -pbkdf2 would be better.
bad decrypt
401732214A700000:error:1C800064:Provider routines:ossl_cipher_unpadblock:bad decrypt:../providers/implementations/ciphers/ciphercommon_block.c:124:
*** WARNING : deprecated key derivation used.
Using -iter or -pbkdf2 would be better.
bad decrypt
40577C1B05730000:error:1C800064:Provider routines:ossl_cipher_unpadblock:bad decrypt:../providers/implementations/ciphers/ciphercommon_block.c:124:
*** WARNING : deprecated key derivation used.
Using -iter or -pbkdf2 would be better.
bad decrypt
40B7AC3B6E760000:error:1C800064:Provider routines:ossl_cipher_unpadblock:bad decrypt:../providers/implementations/ciphers/ciphercommon_block.c:124:
*** WARNING : deprecated key derivation used.
Using -iter or -pbkdf2 would be better.
*** WARNING : deprecated key derivation used.
Using -iter or -pbkdf2 would be better.
*** WARNING : deprecated key derivation used.
Using -iter or -pbkdf2 would be better.
*** WARNING : deprecated key derivation used.
Using -iter or -pbkdf2 would be better.
bad decrypt
40F7ECAE997D0000:error:1C800064:Provider routines:ossl_cipher_unpadblock:bad decrypt:../providers/implementations/ciphers/ciphercommon_block.c:124:
*** WARNING : deprecated key derivation used.
Using -iter or -pbkdf2 would be better.
bad decrypt
4007484EBD700000:error:1C800064:Provider routines:ossl_cipher_unpadblock:bad decrypt:../providers/implementations/ciphers/ciphercommon_block.c:124:
*** WARNING : deprecated key derivation used.
Using -iter or -pbkdf2 would be better.
bad decrypt
40E7C7BDED7F0000:error:1C800064:Provider routines:ossl_cipher_unpadblock:bad decrypt:../providers/implementations/ciphers/ciphercommon_block.c:124:
*** WARNING : deprecated key derivation used.
Using -iter or -pbkdf2 would be better.
*** WARNING : deprecated key derivation used.
Using -iter or -pbkdf2 would be better.
*** WARNING : deprecated key derivation used.
Using -iter or -pbkdf2 would be better.
*** WARNING : deprecated key derivation used.
Using -iter or -pbkdf2 would be better.
*** WARNING : deprecated key derivation used.
Using -iter or -pbkdf2 would be better.
*** WARNING : deprecated key derivation used.
Using -iter or -pbkdf2 would be better.
*** WARNING : deprecated key derivation used.
Using -iter or -pbkdf2 would be better.
*** WARNING : deprecated key derivation used.
Using -iter or -pbkdf2 would be better.
*** WARNING : deprecated key derivation used.
Using -iter or -pbkdf2 would be better.
*** WARNING : deprecated key derivation used.
Using -iter or -pbkdf2 would be better.
*** WARNING : deprecated key derivation used.
Using -iter or -pbkdf2 would be better.
*** WARNING : deprecated key derivation used.
Using -iter or -pbkdf2 would be better.
*** WARNING : deprecated key derivation used.
Using -iter or -pbkdf2 would be better.
bad decrypt
40F71CA398780000:error:1C800064:Provider routines:ossl_cipher_unpadblock:bad decrypt:../providers/implementations/ciphers/ciphercommon_block.c:124:
*** WARNING : deprecated key derivation used.
Using -iter or -pbkdf2 would be better.
bad decrypt
40377FD419730000:error:1C800064:Provider routines:ossl_cipher_unpadblock:bad decrypt:../providers/implementations/ciphers/ciphercommon_block.c:124:
*** WARNING : deprecated key derivation used.
Using -iter or -pbkdf2 would be better.
bad decrypt
406748BC8D760000:error:1C800064:Provider routines:ossl_cipher_unpadblock:bad decrypt:../providers/implementations/ciphers/ciphercommon_block.c:124:
*** WARNING : deprecated key derivation used.
Using -iter or -pbkdf2 would be better.
*** WARNING : deprecated key derivation used.
Using -iter or -pbkdf2 would be better.
*** WARNING : deprecated key derivation used.
Using -iter or -pbkdf2 would be better.
*** WARNING : deprecated key derivation used.
Using -iter or -pbkdf2 would be better.
bad decrypt
40671469CD7C0000:error:1C800064:Provider routines:ossl_cipher_unpadblock:bad decrypt:../providers/implementations/ciphers/ciphercommon_block.c:124:
*** WARNING : deprecated key derivation used.
Using -iter or -pbkdf2 would be better.
bad decrypt
40D7195023720000:error:1C800064:Provider routines:ossl_cipher_unpadblock:bad decrypt:../providers/implementations/ciphers/ciphercommon_block.c:124:
*** WARNING : deprecated key derivation used.
Using -iter or -pbkdf2 would be better.
bad decrypt
4067A57B457E0000:error:1C800064:Provider routines:ossl_cipher_unpadblock:bad decrypt:../providers/implementations/ciphers/ciphercommon_block.c:124:
*** WARNING : deprecated key derivation used.
Using -iter or -pbkdf2 would be better.
bad decrypt
40D7A539BA7A0000:error:1C800064:Provider routines:ossl_cipher_unpadblock:bad decrypt:../providers/implementations/ciphers/ciphercommon_block.c:124:
*** WARNING : deprecated key derivation used.
Using -iter or -pbkdf2 would be better.
bad decrypt
405793BAC9740000:error:1C800064:Provider routines:ossl_cipher_unpadblock:bad decrypt:../providers/implementations/ciphers/ciphercommon_block.c:124:
*** WARNING : deprecated key derivation used.
Using -iter or -pbkdf2 would be better.
bad decrypt
400732E305760000:error:1C800064:Provider routines:ossl_cipher_unpadblock:bad decrypt:../providers/implementations/ciphers/ciphercommon_block.c:129:
*** WARNING : deprecated key derivation used.
Using -iter or -pbkdf2 would be better.
bad decrypt
408762A134750000:error:1C800064:Provider routines:ossl_cipher_unpadblock:bad decrypt:../providers/implementations/ciphers/ciphercommon_block.c:124:
*** WARNING : deprecated key derivation used.
Using -iter or -pbkdf2 would be better.
bad decrypt
40E7D223D2700000:error:1C800064:Provider routines:ossl_cipher_unpadblock:bad decrypt:../providers/implementations/ciphers/ciphercommon_block.c:124:
*** WARNING : deprecated key derivation used.
Using -iter or -pbkdf2 would be better.
bad decrypt
40E7434F0C760000:error:1C800064:Provider routines:ossl_cipher_unpadblock:bad decrypt:../providers/implementations/ciphers/ciphercommon_block.c:124:
*** WARNING : deprecated key derivation used.
Using -iter or -pbkdf2 would be better.
Error setting cipher BF-CBC
40176F8CC0780000:error:0308010C:digital envelope routines:inner_evp_generic_fetch:unsupported:../crypto/evp/evp_fetch.c:386:Global default library context, Algorithm (BF-CBC : 11), Properties ()
*** WARNING : deprecated key derivation used.
Using -iter or -pbkdf2 would be better.
Error setting cipher BF-CBC
4027A6E6217F0000:error:0308010C:digital envelope routines:inner_evp_generic_fetch:unsupported:../crypto/evp/evp_fetch.c:386:Global default library context, Algorithm (BF-CBC : 11), Properties ()
*** WARNING : deprecated key derivation used.
Using -iter or -pbkdf2 would be better.
Error setting cipher BF-CBC
4047BF4C6F770000:error:0308010C:digital envelope routines:inner_evp_generic_fetch:unsupported:../crypto/evp/evp_fetch.c:386:Global default library context, Algorithm (BF-CBC : 11), Properties ()
*** WARNING : deprecated key derivation used.
Using -iter or -pbkdf2 would be better.
Error setting cipher BF-CBC
40173029D5780000:error:0308010C:digital envelope routines:inner_evp_generic_fetch:unsupported:../crypto/evp/evp_fetch.c:386:Global default library context, Algorithm (BF-CBC : 11), Properties ()
*** WARNING : deprecated key derivation used.
Using -iter or -pbkdf2 would be better.
Error setting cipher BF-CBC
40E7EA8CE57F0000:error:0308010C:digital envelope routines:inner_evp_generic_fetch:unsupported:../crypto/evp/evp_fetch.c:386:Global default library context, Algorithm (BF-CBC : 11), Properties ()
*** WARNING : deprecated key derivation used.
Using -iter or -pbkdf2 would be better.
Error setting cipher BF-CBC
40A7C12562780000:error:0308010C:digital envelope routines:inner_evp_generic_fetch:unsupported:../crypto/evp/evp_fetch.c:386:Global default library context, Algorithm (BF-CBC : 11), Properties ()
*** WARNING : deprecated key derivation used.
Using -iter or -pbkdf2 would be better.
Error setting cipher BF-CFB
40C78C48B5710000:error:0308010C:digital envelope routines:inner_evp_generic_fetch:unsupported:../crypto/evp/evp_fetch.c:386:Global default library context, Algorithm (BF-CFB : 0), Properties ()
*** WARNING : deprecated key derivation used.
Using -iter or -pbkdf2 would be better.
Error setting cipher BF-CFB
4007210ACF720000:error:0308010C:digital envelope routines:inner_evp_generic_fetch:unsupported:../crypto/evp/evp_fetch.c:386:Global default library context, Algorithm (BF-CFB : 0), Properties ()
*** WARNING : deprecated key derivation used.
Using -iter or -pbkdf2 would be better.
Error setting cipher BF-CFB
40F78E00957E0000:error:0308010C:digital envelope routines:inner_evp_generic_fetch:unsupported:../crypto/evp/evp_fetch.c:386:Global default library context, Algorithm (BF-CFB : 0), Properties ()
*** WARNING : deprecated key derivation used.
Using -iter or -pbkdf2 would be better.
Error setting cipher BF-ECB
40972747287E0000:error:0308010C:digital envelope routines:inner_evp_generic_fetch:unsupported:../crypto/evp/evp_fetch.c:386:Global default library context, Algorithm (BF-ECB : 0), Properties ()
*** WARNING : deprecated key derivation used.
Using -iter or -pbkdf2 would be better.
Error setting cipher BF-ECB
40E72865EB7F0000:error:0308010C:digital envelope routines:inner_evp_generic_fetch:unsupported:../crypto/evp/evp_fetch.c:386:Global default library context, Algorithm (BF-ECB : 0), Properties ()
*** WARNING : deprecated key derivation used.
Using -iter or -pbkdf2 would be better.
Error setting cipher BF-ECB
4077D1109C7E0000:error:0308010C:digital envelope routines:inner_evp_generic_fetch:unsupported:../crypto/evp/evp_fetch.c:386:Global default library context, Algorithm (BF-ECB : 0), Properties ()
*** WARNING : deprecated key derivation used.
Using -iter or -pbkdf2 would be better.
Error setting cipher BF-OFB
40872067B2700000:error:0308010C:digital envelope routines:inner_evp_generic_fetch:unsupported:../crypto/evp/evp_fetch.c:386:Global default library context, Algorithm (BF-OFB : 0), Properties ()
*** WARNING : deprecated key derivation used.
Using -iter or -pbkdf2 would be better.
Error setting cipher BF-OFB
40C7D20EEA720000:error:0308010C:digital envelope routines:inner_evp_generic_fetch:unsupported:../crypto/evp/evp_fetch.c:386:Global default library context, Algorithm (BF-OFB : 0), Properties ()
*** WARNING : deprecated key derivation used.
Using -iter or -pbkdf2 would be better.
Error setting cipher BF-OFB
40874D292A770000:error:0308010C:digital envelope routines:inner_evp_generic_fetch:unsupported:../crypto/evp/evp_fetch.c:386:Global default library context, Algorithm (BF-OFB : 0), Properties ()
*** WARNING : deprecated key derivation used.
Using -iter or -pbkdf2 would be better.
Error setting cipher BF-CBC
4047F597EF7D0000:error:0308010C:digital envelope routines:inner_evp_generic_fetch:unsupported:../crypto/evp/evp_fetch.c:386:Global default library context, Algorithm (BF-CBC : 11), Properties ()
*** WARNING : deprecated key derivation used.
Using -iter or -pbkdf2 would be better.
Error setting cipher BF-CBC
40273F783C780000:error:0308010C:digital envelope routines:inner_evp_generic_fetch:unsupported:../crypto/evp/evp_fetch.c:386:Global default library context, Algorithm (BF-CBC : 11), Properties ()
*** WARNING : deprecated key derivation used.
Using -iter or -pbkdf2 would be better.
Error setting cipher BF-CBC
40274DB3477B0000:error:0308010C:digital envelope routines:inner_evp_generic_fetch:unsupported:../crypto/evp/evp_fetch.c:386:Global default library context, Algorithm (BF-CBC : 11), Properties ()
*** WARNING : deprecated key derivation used.
Using -iter or -pbkdf2 would be better.
bad decrypt
40077694557C0000:error:1C800064:Provider routines:ossl_cipher_unpadblock:bad decrypt:../providers/implementations/ciphers/ciphercommon_block.c:124:
*** WARNING : deprecated key derivation used.
Using -iter or -pbkdf2 would be better.
bad decrypt
40C74DB65F700000:error:1C800064:Provider routines:ossl_cipher_unpadblock:bad decrypt:../providers/implementations/ciphers/ciphercommon_block.c:124:
*** WARNING : deprecated key derivation used.
Using -iter or -pbkdf2 would be better.
bad decrypt
40973E30CB7D0000:error:1C800064:Provider routines:ossl_cipher_unpadblock:bad decrypt:../providers/implementations/ciphers/ciphercommon_block.c:124:
*** WARNING : deprecated key derivation used.
Using -iter or -pbkdf2 would be better.
*** WARNING : deprecated key derivation used.
Using -iter or -pbkdf2 would be better.
*** WARNING : deprecated key derivation used.
Using -iter or -pbkdf2 would be better.
*** WARNING : deprecated key derivation used.
Using -iter or -pbkdf2 would be better.
*** WARNING : deprecated key derivation used.
Using -iter or -pbkdf2 would be better.
*** WARNING : deprecated key derivation used.
Using -iter or -pbkdf2 would be better.
*** WARNING : deprecated key derivation used.
Using -iter or -pbkdf2 would be better.
*** WARNING : deprecated key derivation used.
Using -iter or -pbkdf2 would be better.
*** WARNING : deprecated key derivation used.
Using -iter or -pbkdf2 would be better.
*** WARNING : deprecated key derivation used.
Using -iter or -pbkdf2 would be better.
*** WARNING : deprecated key derivation used.
Using -iter or -pbkdf2 would be better.
*** WARNING : deprecated key derivation used.
Using -iter or -pbkdf2 would be better.
*** WARNING : deprecated key derivation used.
Using -iter or -pbkdf2 would be better.
bad decrypt
40071EF35A790000:error:1C800064:Provider routines:ossl_cipher_unpadblock:bad decrypt:../providers/implementations/ciphers/ciphercommon_block.c:124:
*** WARNING : deprecated key derivation used.
Using -iter or -pbkdf2 would be better.
bad decrypt
40E7FEBD13780000:error:1C800064:Provider routines:ossl_cipher_unpadblock:bad decrypt:../providers/implementations/ciphers/ciphercommon_block.c:124:
*** WARNING : deprecated key derivation used.
Using -iter or -pbkdf2 would be better.
bad decrypt
4027A336787C0000:error:1C800064:Provider routines:ossl_cipher_unpadblock:bad decrypt:../providers/implementations/ciphers/ciphercommon_block.c:124:
*** WARNING : deprecated key derivation used.
Using -iter or -pbkdf2 would be better.
*** WARNING : deprecated key derivation used.
Using -iter or -pbkdf2 would be better.
*** WARNING : deprecated key derivation used.
Using -iter or -pbkdf2 would be better.
*** WARNING : deprecated key derivation used.
Using -iter or -pbkdf2 would be better.
bad decrypt
40E750ED2A7F0000:error:1C800064:Provider routines:ossl_cipher_unpadblock:bad decrypt:../providers/implementations/ciphers/ciphercommon_block.c:124:
*** WARNING : deprecated key derivation used.
Using -iter or -pbkdf2 would be better.
bad decrypt
408727948B720000:error:1C800064:Provider routines:ossl_cipher_unpadblock:bad decrypt:../providers/implementations/ciphers/ciphercommon_block.c:124:
*** WARNING : deprecated key derivation used.
Using -iter or -pbkdf2 would be better.
bad decrypt
40C7529B18720000:error:1C800064:Provider routines:ossl_cipher_unpadblock:bad decrypt:../providers/implementations/ciphers/ciphercommon_block.c:124:
*** WARNING : deprecated key derivation used.
Using -iter or -pbkdf2 would be better.
*** WARNING : deprecated key derivation used.
Using -iter or -pbkdf2 would be better.
*** WARNING : deprecated key derivation used.
Using -iter or -pbkdf2 would be better.
*** WARNING : deprecated key derivation used.
Using -iter or -pbkdf2 would be better.
*** WARNING : deprecated key derivation used.
Using -iter or -pbkdf2 would be better.
*** WARNING : deprecated key derivation used.
Using -iter or -pbkdf2 would be better.
*** WARNING : deprecated key derivation used.
Using -iter or -pbkdf2 would be better.
*** WARNING : deprecated key derivation used.
Using -iter or -pbkdf2 would be better.
*** WARNING : deprecated key derivation used.
Using -iter or -pbkdf2 would be better.
*** WARNING : deprecated key derivation used.
Using -iter or -pbkdf2 would be better.
*** WARNING : deprecated key derivation used.
Using -iter or -pbkdf2 would be better.
*** WARNING : deprecated key derivation used.
Using -iter or -pbkdf2 would be better.
*** WARNING : deprecated key derivation used.
Using -iter or -pbkdf2 would be better.
bad decrypt
407708D092740000:error:1C800064:Provider routines:ossl_cipher_unpadblock:bad decrypt:../providers/implementations/ciphers/ciphercommon_block.c:124:
*** WARNING : deprecated key derivation used.
Using -iter or -pbkdf2 would be better.
bad decrypt
40E712BC067B0000:error:1C800064:Provider routines:ossl_cipher_unpadblock:bad decrypt:../providers/implementations/ciphers/ciphercommon_block.c:124:
*** WARNING : deprecated key derivation used.
Using -iter or -pbkdf2 would be better.
bad decrypt
4057C94E4D750000:error:1C800064:Provider routines:ossl_cipher_unpadblock:bad decrypt:../providers/implementations/ciphers/ciphercommon_block.c:124:
*** WARNING : deprecated key derivation used.
Using -iter or -pbkdf2 would be better.
*** WARNING : deprecated key derivation used.
Using -iter or -pbkdf2 would be better.
*** WARNING : deprecated key derivation used.
Using -iter or -pbkdf2 would be better.
*** WARNING : deprecated key derivation used.
Using -iter or -pbkdf2 would be better.
bad decrypt
40479D24A3700000:error:1C800064:Provider routines:ossl_cipher_unpadblock:bad decrypt:../providers/implementations/ciphers/ciphercommon_block.c:124:
*** WARNING : deprecated key derivation used.
Using -iter or -pbkdf2 would be better.
bad decrypt
40C7BAACA2760000:error:1C800064:Provider routines:ossl_cipher_unpadblock:bad decrypt:../providers/implementations/ciphers/ciphercommon_block.c:124:
*** WARNING : deprecated key derivation used.
Using -iter or -pbkdf2 would be better.
bad decrypt
4097EEB8CB760000:error:1C800064:Provider routines:ossl_cipher_unpadblock:bad decrypt:../providers/implementations/ciphers/ciphercommon_block.c:129:
*** WARNING : deprecated key derivation used.
Using -iter or -pbkdf2 would be better.
*** WARNING : deprecated key derivation used.
Using -iter or -pbkdf2 would be better.
*** WARNING : deprecated key derivation used.
Using -iter or -pbkdf2 would be better.
*** WARNING : deprecated key derivation used.
Using -iter or -pbkdf2 would be better.
*** WARNING : deprecated key derivation used.
Using -iter or -pbkdf2 would be better.
*** WARNING : deprecated key derivation used.
Using -iter or -pbkdf2 would be better.
*** WARNING : deprecated key derivation used.
Using -iter or -pbkdf2 would be better.
*** WARNING : deprecated key derivation used.
Using -iter or -pbkdf2 would be better.
*** WARNING : deprecated key derivation used.
Using -iter or -pbkdf2 would be better.
*** WARNING : deprecated key derivation used.
Using -iter or -pbkdf2 would be better.
*** WARNING : deprecated key derivation used.
Using -iter or -pbkdf2 would be better.
*** WARNING : deprecated key derivation used.
Using -iter or -pbkdf2 would be better.
*** WARNING : deprecated key derivation used.
Using -iter or -pbkdf2 would be better.
bad decrypt
40270663C67F0000:error:1C800064:Provider routines:ossl_cipher_unpadblock:bad decrypt:../providers/implementations/ciphers/ciphercommon_block.c:124:
*** WARNING : deprecated key derivation used.
Using -iter or -pbkdf2 would be better.
bad decrypt
4077A8E0FD7A0000:error:1C800064:Provider routines:ossl_cipher_unpadblock:bad decrypt:../providers/implementations/ciphers/ciphercommon_block.c:124:
*** WARNING : deprecated key derivation used.
Using -iter or -pbkdf2 would be better.
bad decrypt
4087B338C0750000:error:1C800064:Provider routines:ossl_cipher_unpadblock:bad decrypt:../providers/implementations/ciphers/ciphercommon_block.c:124:
*** WARNING : deprecated key derivation used.
Using -iter or -pbkdf2 would be better.
*** WARNING : deprecated key derivation used.
Using -iter or -pbkdf2 would be better.
*** WARNING : deprecated key derivation used.
Using -iter or -pbkdf2 would be better.
*** WARNING : deprecated key derivation used.
Using -iter or -pbkdf2 would be better.
bad decrypt
40976FCD58760000:error:1C800064:Provider routines:ossl_cipher_unpadblock:bad decrypt:../providers/implementations/ciphers/ciphercommon_block.c:124:
*** WARNING : deprecated key derivation used.
Using -iter or -pbkdf2 would be better.
bad decrypt
4057F31B64750000:error:1C800064:Provider routines:ossl_cipher_unpadblock:bad decrypt:../providers/implementations/ciphers/ciphercommon_block.c:124:
*** WARNING : deprecated key derivation used.
Using -iter or -pbkdf2 would be better.
bad decrypt
40E7E4FBB07E0000:error:1C800064:Provider routines:ossl_cipher_unpadblock:bad decrypt:../providers/implementations/ciphers/ciphercommon_block.c:124:
*** WARNING : deprecated key derivation used.
Using -iter or -pbkdf2 would be better.
bad decrypt
40D7FF89E8760000:error:1C800064:Provider routines:ossl_cipher_unpadblock:bad decrypt:../providers/implementations/ciphers/ciphercommon_block.c:124:
*** WARNING : deprecated key derivation used.
Using -iter or -pbkdf2 would be better.
bad decrypt
4087F32756770000:error:1C800064:Provider routines:ossl_cipher_unpadblock:bad decrypt:../providers/implementations/ciphers/ciphercommon_block.c:124:
*** WARNING : deprecated key derivation used.
Using -iter or -pbkdf2 would be better.
bad decrypt
4077DEC82D7F0000:error:1C800064:Provider routines:ossl_cipher_unpadblock:bad decrypt:../providers/implementations/ciphers/ciphercommon_block.c:124:
*** WARNING : deprecated key derivation used.
Using -iter or -pbkdf2 would be better.
bad decrypt
40D73F64357F0000:error:1C800064:Provider routines:ossl_cipher_unpadblock:bad decrypt:../providers/implementations/ciphers/ciphercommon_block.c:124:
*** WARNING : deprecated key derivation used.
Using -iter or -pbkdf2 would be better.
bad decrypt
4037543E1B7C0000:error:1C800064:Provider routines:ossl_cipher_unpadblock:bad decrypt:../providers/implementations/ciphers/ciphercommon_block.c:124:
*** WARNING : deprecated key derivation used.
Using -iter or -pbkdf2 would be better.
bad decrypt
4077A8C41B7A0000:error:1C800064:Provider routines:ossl_cipher_unpadblock:bad decrypt:../providers/implementations/ciphers/ciphercommon_block.c:129:
*** WARNING : deprecated key derivation used.
Using -iter or -pbkdf2 would be better.
Error setting cipher CAST5-CBC
4067E4B05A760000:error:0308010C:digital envelope routines:inner_evp_generic_fetch:unsupported:../crypto/evp/evp_fetch.c:386:Global default library context, Algorithm (CAST5-CBC : 18), Properties ()
*** WARNING : deprecated key derivation used.
Using -iter or -pbkdf2 would be better.
Error setting cipher CAST5-CBC
40F72AFF407E0000:error:0308010C:digital envelope routines:inner_evp_generic_fetch:unsupported:../crypto/evp/evp_fetch.c:386:Global default library context, Algorithm (CAST5-CBC : 18), Properties ()
*** WARNING : deprecated key derivation used.
Using -iter or -pbkdf2 would be better.
Error setting cipher CAST5-CBC
4037EDDC38790000:error:0308010C:digital envelope routines:inner_evp_generic_fetch:unsupported:../crypto/evp/evp_fetch.c:386:Global default library context, Algorithm (CAST5-CBC : 18), Properties ()
*** WARNING : deprecated key derivation used.
Using -iter or -pbkdf2 would be better.
Error setting cipher CAST5-CBC
40E7C96B0D7B0000:error:0308010C:digital envelope routines:inner_evp_generic_fetch:unsupported:../crypto/evp/evp_fetch.c:386:Global default library context, Algorithm (CAST5-CBC : 18), Properties ()
*** WARNING : deprecated key derivation used.
Using -iter or -pbkdf2 would be better.
Error setting cipher CAST5-CBC
40C7D863ED710000:error:0308010C:digital envelope routines:inner_evp_generic_fetch:unsupported:../crypto/evp/evp_fetch.c:386:Global default library context, Algorithm (CAST5-CBC : 18), Properties ()
*** WARNING : deprecated key derivation used.
Using -iter or -pbkdf2 would be better.
Error setting cipher CAST5-CBC
40670B60037C0000:error:0308010C:digital envelope routines:inner_evp_generic_fetch:unsupported:../crypto/evp/evp_fetch.c:386:Global default library context, Algorithm (CAST5-CBC : 18), Properties ()
*** WARNING : deprecated key derivation used.
Using -iter or -pbkdf2 would be better.
Error setting cipher CAST5-CBC
4017BF8575700000:error:0308010C:digital envelope routines:inner_evp_generic_fetch:unsupported:../crypto/evp/evp_fetch.c:386:Global default library context, Algorithm (CAST5-CBC : 18), Properties ()
*** WARNING : deprecated key derivation used.
Using -iter or -pbkdf2 would be better.
Error setting cipher CAST5-CBC
40472B4BCD770000:error:0308010C:digital envelope routines:inner_evp_generic_fetch:unsupported:../crypto/evp/evp_fetch.c:386:Global default library context, Algorithm (CAST5-CBC : 18), Properties ()
*** WARNING : deprecated key derivation used.
Using -iter or -pbkdf2 would be better.
Error setting cipher CAST5-CBC
40E7C0353F740000:error:0308010C:digital envelope routines:inner_evp_generic_fetch:unsupported:../crypto/evp/evp_fetch.c:386:Global default library context, Algorithm (CAST5-CBC : 18), Properties ()
*** WARNING : deprecated key derivation used.
Using -iter or -pbkdf2 would be better.
Error setting cipher CAST5-CFB
40F76C165B750000:error:0308010C:digital envelope routines:inner_evp_generic_fetch:unsupported:../crypto/evp/evp_fetch.c:386:Global default library context, Algorithm (CAST5-CFB : 0), Properties ()
*** WARNING : deprecated key derivation used.
Using -iter or -pbkdf2 would be better.
Error setting cipher CAST5-CFB
405798EB67780000:error:0308010C:digital envelope routines:inner_evp_generic_fetch:unsupported:../crypto/evp/evp_fetch.c:386:Global default library context, Algorithm (CAST5-CFB : 0), Properties ()
*** WARNING : deprecated key derivation used.
Using -iter or -pbkdf2 would be better.
Error setting cipher CAST5-CFB
4037ED16647A0000:error:0308010C:digital envelope routines:inner_evp_generic_fetch:unsupported:../crypto/evp/evp_fetch.c:386:Global default library context, Algorithm (CAST5-CFB : 0), Properties ()
*** WARNING : deprecated key derivation used.
Using -iter or -pbkdf2 would be better.
Error setting cipher CAST5-ECB
408725FD6A7D0000:error:0308010C:digital envelope routines:inner_evp_generic_fetch:unsupported:../crypto/evp/evp_fetch.c:386:Global default library context, Algorithm (CAST5-ECB : 0), Properties ()
*** WARNING : deprecated key derivation used.
Using -iter or -pbkdf2 would be better.
Error setting cipher CAST5-ECB
40777785A37D0000:error:0308010C:digital envelope routines:inner_evp_generic_fetch:unsupported:../crypto/evp/evp_fetch.c:386:Global default library context, Algorithm (CAST5-ECB : 0), Properties ()
*** WARNING : deprecated key derivation used.
Using -iter or -pbkdf2 would be better.
Error setting cipher CAST5-ECB
400716E53B7C0000:error:0308010C:digital envelope routines:inner_evp_generic_fetch:unsupported:../crypto/evp/evp_fetch.c:386:Global default library context, Algorithm (CAST5-ECB : 0), Properties ()
*** WARNING : deprecated key derivation used.
Using -iter or -pbkdf2 would be better.
Error setting cipher CAST5-OFB
40E7F44CF5740000:error:0308010C:digital envelope routines:inner_evp_generic_fetch:unsupported:../crypto/evp/evp_fetch.c:386:Global default library context, Algorithm (CAST5-OFB : 0), Properties ()
*** WARNING : deprecated key derivation used.
Using -iter or -pbkdf2 would be better.
Error setting cipher CAST5-OFB
40573DE7C3720000:error:0308010C:digital envelope routines:inner_evp_generic_fetch:unsupported:../crypto/evp/evp_fetch.c:386:Global default library context, Algorithm (CAST5-OFB : 0), Properties ()
*** WARNING : deprecated key derivation used.
Using -iter or -pbkdf2 would be better.
Error setting cipher CAST5-OFB
40D7A0BAEF7A0000:error:0308010C:digital envelope routines:inner_evp_generic_fetch:unsupported:../crypto/evp/evp_fetch.c:386:Global default library context, Algorithm (CAST5-OFB : 0), Properties ()
*** WARNING : deprecated key derivation used.
Using -iter or -pbkdf2 would be better.
*** WARNING : deprecated key derivation used.
Using -iter or -pbkdf2 would be better.
*** WARNING : deprecated key derivation used.
Using -iter or -pbkdf2 would be better.
*** WARNING : deprecated key derivation used.
Using -iter or -pbkdf2 would be better.
Error setting cipher DES-CBC
40F78DA55C740000:error:0308010C:digital envelope routines:inner_evp_generic_fetch:unsupported:../crypto/evp/evp_fetch.c:386:Global default library context, Algorithm (DES-CBC : 8), Properties ()
*** WARNING : deprecated key derivation used.
Using -iter or -pbkdf2 would be better.
Error setting cipher DES-CBC
401776E4CA7A0000:error:0308010C:digital envelope routines:inner_evp_generic_fetch:unsupported:../crypto/evp/evp_fetch.c:386:Global default library context, Algorithm (DES-CBC : 8), Properties ()
*** WARNING : deprecated key derivation used.
Using -iter or -pbkdf2 would be better.
Error setting cipher DES-CBC
40D75A52897D0000:error:0308010C:digital envelope routines:inner_evp_generic_fetch:unsupported:../crypto/evp/evp_fetch.c:386:Global default library context, Algorithm (DES-CBC : 8), Properties ()
*** WARNING : deprecated key derivation used.
Using -iter or -pbkdf2 would be better.
Error setting cipher DES-CBC
40A79EA89D710000:error:0308010C:digital envelope routines:inner_evp_generic_fetch:unsupported:../crypto/evp/evp_fetch.c:386:Global default library context, Algorithm (DES-CBC : 8), Properties ()
*** WARNING : deprecated key derivation used.
Using -iter or -pbkdf2 would be better.
Error setting cipher DES-CBC
4087B3E4D6770000:error:0308010C:digital envelope routines:inner_evp_generic_fetch:unsupported:../crypto/evp/evp_fetch.c:386:Global default library context, Algorithm (DES-CBC : 8), Properties ()
*** WARNING : deprecated key derivation used.
Using -iter or -pbkdf2 would be better.
Error setting cipher DES-CBC
40D7BF4907740000:error:0308010C:digital envelope routines:inner_evp_generic_fetch:unsupported:../crypto/evp/evp_fetch.c:386:Global default library context, Algorithm (DES-CBC : 8), Properties ()
*** WARNING : deprecated key derivation used.
Using -iter or -pbkdf2 would be better.
Error setting cipher DES-CFB
4067D33FDE7F0000:error:0308010C:digital envelope routines:inner_evp_generic_fetch:unsupported:../crypto/evp/evp_fetch.c:386:Global default library context, Algorithm (DES-CFB : 38), Properties ()
*** WARNING : deprecated key derivation used.
Using -iter or -pbkdf2 would be better.
Error setting cipher DES-CFB
409747E8BA7C0000:error:0308010C:digital envelope routines:inner_evp_generic_fetch:unsupported:../crypto/evp/evp_fetch.c:386:Global default library context, Algorithm (DES-CFB : 38), Properties ()
*** WARNING : deprecated key derivation used.
Using -iter or -pbkdf2 would be better.
Error setting cipher DES-CFB
40676C08A6790000:error:0308010C:digital envelope routines:inner_evp_generic_fetch:unsupported:../crypto/evp/evp_fetch.c:386:Global default library context, Algorithm (DES-CFB : 38), Properties ()
*** WARNING : deprecated key derivation used.
Using -iter or -pbkdf2 would be better.
Error setting cipher DES-CFB1
40C774B6BD7C0000:error:0308010C:digital envelope routines:inner_evp_generic_fetch:unsupported:../crypto/evp/evp_fetch.c:386:Global default library context, Algorithm (DES-CFB1 : 0), Properties ()
*** WARNING : deprecated key derivation used.
Using -iter or -pbkdf2 would be better.
Error setting cipher DES-CFB1
4047F1D9DD740000:error:0308010C:digital envelope routines:inner_evp_generic_fetch:unsupported:../crypto/evp/evp_fetch.c:386:Global default library context, Algorithm (DES-CFB1 : 0), Properties ()
*** WARNING : deprecated key derivation used.
Using -iter or -pbkdf2 would be better.
Error setting cipher DES-CFB1
40D71B918B7F0000:error:0308010C:digital envelope routines:inner_evp_generic_fetch:unsupported:../crypto/evp/evp_fetch.c:386:Global default library context, Algorithm (DES-CFB1 : 0), Properties ()
*** WARNING : deprecated key derivation used.
Using -iter or -pbkdf2 would be better.
Error setting cipher DES-CFB8
409777CDAE760000:error:0308010C:digital envelope routines:inner_evp_generic_fetch:unsupported:../crypto/evp/evp_fetch.c:386:Global default library context, Algorithm (DES-CFB8 : 0), Properties ()
*** WARNING : deprecated key derivation used.
Using -iter or -pbkdf2 would be better.
Error setting cipher DES-CFB8
4047225495770000:error:0308010C:digital envelope routines:inner_evp_generic_fetch:unsupported:../crypto/evp/evp_fetch.c:386:Global default library context, Algorithm (DES-CFB8 : 0), Properties ()
*** WARNING : deprecated key derivation used.
Using -iter or -pbkdf2 would be better.
Error setting cipher DES-CFB8
4077EDEE267B0000:error:0308010C:digital envelope routines:inner_evp_generic_fetch:unsupported:../crypto/evp/evp_fetch.c:386:Global default library context, Algorithm (DES-CFB8 : 0), Properties ()
*** WARNING : deprecated key derivation used.
Using -iter or -pbkdf2 would be better.
Error setting cipher DES-ECB
40A7A4CF5B720000:error:0308010C:digital envelope routines:inner_evp_generic_fetch:unsupported:../crypto/evp/evp_fetch.c:386:Global default library context, Algorithm (DES-ECB : 1), Properties ()
*** WARNING : deprecated key derivation used.
Using -iter or -pbkdf2 would be better.
Error setting cipher DES-ECB
40872553FC7D0000:error:0308010C:digital envelope routines:inner_evp_generic_fetch:unsupported:../crypto/evp/evp_fetch.c:386:Global default library context, Algorithm (DES-ECB : 1), Properties ()
*** WARNING : deprecated key derivation used.
Using -iter or -pbkdf2 would be better.
Error setting cipher DES-ECB
40576736BE7B0000:error:0308010C:digital envelope routines:inner_evp_generic_fetch:unsupported:../crypto/evp/evp_fetch.c:386:Global default library context, Algorithm (DES-ECB : 1), Properties ()
*** WARNING : deprecated key derivation used.
Using -iter or -pbkdf2 would be better.
bad decrypt
40175904977F0000:error:1C800064:Provider routines:ossl_cipher_unpadblock:bad decrypt:../providers/implementations/ciphers/ciphercommon_block.c:124:
*** WARNING : deprecated key derivation used.
Using -iter or -pbkdf2 would be better.
bad decrypt
40C709C68F720000:error:1C800064:Provider routines:ossl_cipher_unpadblock:bad decrypt:../providers/implementations/ciphers/ciphercommon_block.c:124:
*** WARNING : deprecated key derivation used.
Using -iter or -pbkdf2 would be better.
bad decrypt
40F77BE0AA710000:error:1C800064:Provider routines:ossl_cipher_unpadblock:bad decrypt:../providers/implementations/ciphers/ciphercommon_block.c:124:
*** WARNING : deprecated key derivation used.
Using -iter or -pbkdf2 would be better.
bad decrypt
4077E6509A720000:error:1C800064:Provider routines:ossl_cipher_unpadblock:bad decrypt:../providers/implementations/ciphers/ciphercommon_block.c:124:
*** WARNING : deprecated key derivation used.
Using -iter or -pbkdf2 would be better.
bad decrypt
40879F4F227B0000:error:1C800064:Provider routines:ossl_cipher_unpadblock:bad decrypt:../providers/implementations/ciphers/ciphercommon_block.c:124:
*** WARNING : deprecated key derivation used.
Using -iter or -pbkdf2 would be better.
bad decrypt
4047E326E5730000:error:1C800064:Provider routines:ossl_cipher_unpadblock:bad decrypt:../providers/implementations/ciphers/ciphercommon_block.c:124:
*** WARNING : deprecated key derivation used.
Using -iter or -pbkdf2 would be better.
*** WARNING : deprecated key derivation used.
Using -iter or -pbkdf2 would be better.
*** WARNING : deprecated key derivation used.
Using -iter or -pbkdf2 would be better.
*** WARNING : deprecated key derivation used.
Using -iter or -pbkdf2 would be better.
bad decrypt
400742EBE5770000:error:1C800064:Provider routines:ossl_cipher_unpadblock:bad decrypt:../providers/implementations/ciphers/ciphercommon_block.c:124:
*** WARNING : deprecated key derivation used.
Using -iter or -pbkdf2 would be better.
bad decrypt
40076D4BD4760000:error:1C800064:Provider routines:ossl_cipher_unpadblock:bad decrypt:../providers/implementations/ciphers/ciphercommon_block.c:124:
*** WARNING : deprecated key derivation used.
Using -iter or -pbkdf2 would be better.
bad decrypt
400713A572790000:error:1C800064:Provider routines:ossl_cipher_unpadblock:bad decrypt:../providers/implementations/ciphers/ciphercommon_block.c:124:
*** WARNING : deprecated key derivation used.
Using -iter or -pbkdf2 would be better.
*** WARNING : deprecated key derivation used.
Using -iter or -pbkdf2 would be better.
*** WARNING : deprecated key derivation used.
Using -iter or -pbkdf2 would be better.
*** WARNING : deprecated key derivation used.
Using -iter or -pbkdf2 would be better.
bad decrypt
40A72DEFF2740000:error:1C800064:Provider routines:ossl_cipher_unpadblock:bad decrypt:../providers/implementations/ciphers/ciphercommon_block.c:124:
*** WARNING : deprecated key derivation used.
Using -iter or -pbkdf2 would be better.
bad decrypt
4057EC1C7A760000:error:1C800064:Provider routines:ossl_cipher_unpadblock:bad decrypt:../providers/implementations/ciphers/ciphercommon_block.c:124:
*** WARNING : deprecated key derivation used.
Using -iter or -pbkdf2 would be better.
bad decrypt
40275CCA247E0000:error:1C800064:Provider routines:ossl_cipher_unpadblock:bad decrypt:../providers/implementations/ciphers/ciphercommon_block.c:124:
*** WARNING : deprecated key derivation used.
Using -iter or -pbkdf2 would be better.
bad decrypt
4067FD2C6C760000:error:1C800064:Provider routines:ossl_cipher_unpadblock:bad decrypt:../providers/implementations/ciphers/ciphercommon_block.c:124:
*** WARNING : deprecated key derivation used.
Using -iter or -pbkdf2 would be better.
bad decrypt
40975768F0760000:error:1C800064:Provider routines:ossl_cipher_unpadblock:bad decrypt:../providers/implementations/ciphers/ciphercommon_block.c:124:
*** WARNING : deprecated key derivation used.
Using -iter or -pbkdf2 would be better.
bad decrypt
4087FC4507740000:error:1C800064:Provider routines:ossl_cipher_unpadblock:bad decrypt:../providers/implementations/ciphers/ciphercommon_block.c:124:
*** WARNING : deprecated key derivation used.
Using -iter or -pbkdf2 would be better.
*** WARNING : deprecated key derivation used.
Using -iter or -pbkdf2 would be better.
*** WARNING : deprecated key derivation used.
Using -iter or -pbkdf2 would be better.
*** WARNING : deprecated key derivation used.
Using -iter or -pbkdf2 would be better.
*** WARNING : deprecated key derivation used.
Using -iter or -pbkdf2 would be better.
*** WARNING : deprecated key derivation used.
Using -iter or -pbkdf2 would be better.
*** WARNING : deprecated key derivation used.
Using -iter or -pbkdf2 would be better.
*** WARNING : deprecated key derivation used.
Using -iter or -pbkdf2 would be better.
*** WARNING : deprecated key derivation used.
Using -iter or -pbkdf2 would be better.
*** WARNING : deprecated key derivation used.
Using -iter or -pbkdf2 would be better.
bad decrypt
40F75F26A5740000:error:1C800064:Provider routines:ossl_cipher_unpadblock:bad decrypt:../providers/implementations/ciphers/ciphercommon_block.c:124:
*** WARNING : deprecated key derivation used.
Using -iter or -pbkdf2 would be better.
bad decrypt
402752BFC07C0000:error:1C800064:Provider routines:ossl_cipher_unpadblock:bad decrypt:../providers/implementations/ciphers/ciphercommon_block.c:124:
*** WARNING : deprecated key derivation used.
Using -iter or -pbkdf2 would be better.
bad decrypt
406773272E7E0000:error:1C800064:Provider routines:ossl_cipher_unpadblock:bad decrypt:../providers/implementations/ciphers/ciphercommon_block.c:124:
*** WARNING : deprecated key derivation used.
Using -iter or -pbkdf2 would be better.
*** WARNING : deprecated key derivation used.
Using -iter or -pbkdf2 would be better.
*** WARNING : deprecated key derivation used.
Using -iter or -pbkdf2 would be better.
*** WARNING : deprecated key derivation used.
Using -iter or -pbkdf2 would be better.
Error setting cipher DES-OFB
40972677467A0000:error:0308010C:digital envelope routines:inner_evp_generic_fetch:unsupported:../crypto/evp/evp_fetch.c:386:Global default library context, Algorithm (DES-OFB : 66), Properties ()
*** WARNING : deprecated key derivation used.
Using -iter or -pbkdf2 would be better.
Error setting cipher DES-OFB
40A775710D710000:error:0308010C:digital envelope routines:inner_evp_generic_fetch:unsupported:../crypto/evp/evp_fetch.c:386:Global default library context, Algorithm (DES-OFB : 66), Properties ()
*** WARNING : deprecated key derivation used.
Using -iter or -pbkdf2 would be better.
Error setting cipher DES-OFB
40D76FA945740000:error:0308010C:digital envelope routines:inner_evp_generic_fetch:unsupported:../crypto/evp/evp_fetch.c:386:Global default library context, Algorithm (DES-OFB : 66), Properties ()
*** WARNING : deprecated key derivation used.
Using -iter or -pbkdf2 would be better.
bad decrypt
4097CEE911740000:error:1C800064:Provider routines:ossl_cipher_unpadblock:bad decrypt:../providers/implementations/ciphers/ciphercommon_block.c:124:
*** WARNING : deprecated key derivation used.
Using -iter or -pbkdf2 would be better.
bad decrypt
4087D35C0C790000:error:1C800064:Provider routines:ossl_cipher_unpadblock:bad decrypt:../providers/implementations/ciphers/ciphercommon_block.c:124:
*** WARNING : deprecated key derivation used.
Using -iter or -pbkdf2 would be better.
bad decrypt
409738AE2A740000:error:1C800064:Provider routines:ossl_cipher_unpadblock:bad decrypt:../providers/implementations/ciphers/ciphercommon_block.c:124:
*** WARNING : deprecated key derivation used.
Using -iter or -pbkdf2 would be better.
error writing output file
40070AC67A7F0000:error:1C800066:Provider routines:tdes_wrap_update:cipher operation failed:../providers/implementations/ciphers/cipher_tdes_wrap.c:164:
*** WARNING : deprecated key derivation used.
Using -iter or -pbkdf2 would be better.
*** WARNING : deprecated key derivation used.
Using -iter or -pbkdf2 would be better.
*** WARNING : deprecated key derivation used.
Using -iter or -pbkdf2 would be better.
Error setting cipher DESX-CBC
40576067F0780000:error:0308010C:digital envelope routines:inner_evp_generic_fetch:unsupported:../crypto/evp/evp_fetch.c:386:Global default library context, Algorithm (DESX-CBC : 0), Properties ()
*** WARNING : deprecated key derivation used.
Using -iter or -pbkdf2 would be better.
Error setting cipher DESX-CBC
40D7011B7A7C0000:error:0308010C:digital envelope routines:inner_evp_generic_fetch:unsupported:../crypto/evp/evp_fetch.c:386:Global default library context, Algorithm (DESX-CBC : 0), Properties ()
*** WARNING : deprecated key derivation used.
Using -iter or -pbkdf2 would be better.
Error setting cipher DESX-CBC
40E7B2930B750000:error:0308010C:digital envelope routines:inner_evp_generic_fetch:unsupported:../crypto/evp/evp_fetch.c:386:Global default library context, Algorithm (DESX-CBC : 0), Properties ()
*** WARNING : deprecated key derivation used.
Using -iter or -pbkdf2 would be better.
Error setting cipher DESX-CBC
40C795AE3B7C0000:error:0308010C:digital envelope routines:inner_evp_generic_fetch:unsupported:../crypto/evp/evp_fetch.c:386:Global default library context, Algorithm (DESX-CBC : 0), Properties ()
*** WARNING : deprecated key derivation used.
Using -iter or -pbkdf2 would be better.
Error setting cipher DESX-CBC
40276F50247D0000:error:0308010C:digital envelope routines:inner_evp_generic_fetch:unsupported:../crypto/evp/evp_fetch.c:386:Global default library context, Algorithm (DESX-CBC : 0), Properties ()
*** WARNING : deprecated key derivation used.
Using -iter or -pbkdf2 would be better.
Error setting cipher DESX-CBC
4077780139780000:error:0308010C:digital envelope routines:inner_evp_generic_fetch:unsupported:../crypto/evp/evp_fetch.c:386:Global default library context, Algorithm (DESX-CBC : 0), Properties ()
*** WARNING : deprecated key derivation used.
Using -iter or -pbkdf2 would be better.
error writing output file
4057109F59760000:error:1C800066:Provider routines:aes_wrap_cipher_internal:cipher operation failed:../providers/implementations/ciphers/cipher_aes_wrp.c:212:
4057109F59760000:error:030000BD:digital envelope routines:EVP_DecryptUpdate:update error:../crypto/evp/evp_enc.c:837:
*** WARNING : deprecated key derivation used.
Using -iter or -pbkdf2 would be better.
*** WARNING : deprecated key derivation used.
Using -iter or -pbkdf2 would be better.
*** WARNING : deprecated key derivation used.
Using -iter or -pbkdf2 would be better.
error writing output file
40A7B421957F0000:error:1C800066:Provider routines:aes_wrap_cipher_internal:cipher operation failed:../providers/implementations/ciphers/cipher_aes_wrp.c:212:
40A7B421957F0000:error:030000BD:digital envelope routines:EVP_DecryptUpdate:update error:../crypto/evp/evp_enc.c:837:
*** WARNING : deprecated key derivation used.
Using -iter or -pbkdf2 would be better.
*** WARNING : deprecated key derivation used.
Using -iter or -pbkdf2 would be better.
*** WARNING : deprecated key derivation used.
Using -iter or -pbkdf2 would be better.
error writing output file
40E7BC1205720000:error:1C800066:Provider routines:aes_wrap_cipher_internal:cipher operation failed:../providers/implementations/ciphers/cipher_aes_wrp.c:212:
40E7BC1205720000:error:030000BD:digital envelope routines:EVP_DecryptUpdate:update error:../crypto/evp/evp_enc.c:837:
*** WARNING : deprecated key derivation used.
Using -iter or -pbkdf2 would be better.
*** WARNING : deprecated key derivation used.
Using -iter or -pbkdf2 would be better.
*** WARNING : deprecated key derivation used.
Using -iter or -pbkdf2 would be better.
error writing output file
40B72F0462760000:error:1C800066:Provider routines:aes_wrap_cipher_internal:cipher operation failed:../providers/implementations/ciphers/cipher_aes_wrp.c:212:
40B72F0462760000:error:030000BD:digital envelope routines:EVP_DecryptUpdate:update error:../crypto/evp/evp_enc.c:837:
*** WARNING : deprecated key derivation used.
Using -iter or -pbkdf2 would be better.
*** WARNING : deprecated key derivation used.
Using -iter or -pbkdf2 would be better.
*** WARNING : deprecated key derivation used.
Using -iter or -pbkdf2 would be better.
error writing output file
40B721EAD0760000:error:1C800066:Provider routines:aes_wrap_cipher_internal:cipher operation failed:../providers/implementations/ciphers/cipher_aes_wrp.c:212:
40B721EAD0760000:error:030000BD:digital envelope routines:EVP_DecryptUpdate:update error:../crypto/evp/evp_enc.c:837:
*** WARNING : deprecated key derivation used.
Using -iter or -pbkdf2 would be better.
*** WARNING : deprecated key derivation used.
Using -iter or -pbkdf2 would be better.
*** WARNING : deprecated key derivation used.
Using -iter or -pbkdf2 would be better.
error writing output file
40E79DD14E7D0000:error:1C800066:Provider routines:aes_wrap_cipher_internal:cipher operation failed:../providers/implementations/ciphers/cipher_aes_wrp.c:212:
40E79DD14E7D0000:error:030000BD:digital envelope routines:EVP_DecryptUpdate:update error:../crypto/evp/evp_enc.c:837:
*** WARNING : deprecated key derivation used.
Using -iter or -pbkdf2 would be better.
*** WARNING : deprecated key derivation used.
Using -iter or -pbkdf2 would be better.
*** WARNING : deprecated key derivation used.
Using -iter or -pbkdf2 would be better.
error writing output file
40775084777C0000:error:1C800066:Provider routines:tdes_wrap_update:cipher operation failed:../providers/implementations/ciphers/cipher_tdes_wrap.c:164:
*** WARNING : deprecated key derivation used.
Using -iter or -pbkdf2 would be better.
*** WARNING : deprecated key derivation used.
Using -iter or -pbkdf2 would be better.
*** WARNING : deprecated key derivation used.
Using -iter or -pbkdf2 would be better.
Error setting cipher RC2-CBC
40578B85E5760000:error:0308010C:digital envelope routines:inner_evp_generic_fetch:unsupported:../crypto/evp/evp_fetch.c:386:Global default library context, Algorithm (RC2-CBC : 4), Properties ()
*** WARNING : deprecated key derivation used.
Using -iter or -pbkdf2 would be better.
Error setting cipher RC2-CBC
4017C0448A790000:error:0308010C:digital envelope routines:inner_evp_generic_fetch:unsupported:../crypto/evp/evp_fetch.c:386:Global default library context, Algorithm (RC2-CBC : 4), Properties ()
*** WARNING : deprecated key derivation used.
Using -iter or -pbkdf2 would be better.
Error setting cipher RC2-CBC
40B77532FB730000:error:0308010C:digital envelope routines:inner_evp_generic_fetch:unsupported:../crypto/evp/evp_fetch.c:386:Global default library context, Algorithm (RC2-CBC : 4), Properties ()
*** WARNING : deprecated key derivation used.
Using -iter or -pbkdf2 would be better.
Error setting cipher RC2-CBC
40974916B1750000:error:0308010C:digital envelope routines:inner_evp_generic_fetch:unsupported:../crypto/evp/evp_fetch.c:386:Global default library context, Algorithm (RC2-CBC : 4), Properties ()
*** WARNING : deprecated key derivation used.
Using -iter or -pbkdf2 would be better.
Error setting cipher RC2-CBC
4097F335EA7C0000:error:0308010C:digital envelope routines:inner_evp_generic_fetch:unsupported:../crypto/evp/evp_fetch.c:386:Global default library context, Algorithm (RC2-CBC : 4), Properties ()
*** WARNING : deprecated key derivation used.
Using -iter or -pbkdf2 would be better.
Error setting cipher RC2-CBC
40F77385747D0000:error:0308010C:digital envelope routines:inner_evp_generic_fetch:unsupported:../crypto/evp/evp_fetch.c:386:Global default library context, Algorithm (RC2-CBC : 4), Properties ()
*** WARNING : deprecated key derivation used.
Using -iter or -pbkdf2 would be better.
Error setting cipher RC2-40-CBC
40271C98377F0000:error:0308010C:digital envelope routines:inner_evp_generic_fetch:unsupported:../crypto/evp/evp_fetch.c:386:Global default library context, Algorithm (RC2-40-CBC : 0), Properties ()
*** WARNING : deprecated key derivation used.
Using -iter or -pbkdf2 would be better.
Error setting cipher RC2-40-CBC
40C7F9CECE790000:error:0308010C:digital envelope routines:inner_evp_generic_fetch:unsupported:../crypto/evp/evp_fetch.c:386:Global default library context, Algorithm (RC2-40-CBC : 0), Properties ()
*** WARNING : deprecated key derivation used.
Using -iter or -pbkdf2 would be better.
Error setting cipher RC2-40-CBC
40C74F91B9730000:error:0308010C:digital envelope routines:inner_evp_generic_fetch:unsupported:../crypto/evp/evp_fetch.c:386:Global default library context, Algorithm (RC2-40-CBC : 0), Properties ()
*** WARNING : deprecated key derivation used.
Using -iter or -pbkdf2 would be better.
Error setting cipher RC2-40-CBC
404757AE2C7C0000:error:0308010C:digital envelope routines:inner_evp_generic_fetch:unsupported:../crypto/evp/evp_fetch.c:386:Global default library context, Algorithm (RC2-40-CBC : 0), Properties ()
*** WARNING : deprecated key derivation used.
Using -iter or -pbkdf2 would be better.
Error setting cipher RC2-40-CBC
4097C95007740000:error:0308010C:digital envelope routines:inner_evp_generic_fetch:unsupported:../crypto/evp/evp_fetch.c:386:Global default library context, Algorithm (RC2-40-CBC : 0), Properties ()
*** WARNING : deprecated key derivation used.
Using -iter or -pbkdf2 would be better.
Error setting cipher RC2-40-CBC
40F7F9524C7D0000:error:0308010C:digital envelope routines:inner_evp_generic_fetch:unsupported:../crypto/evp/evp_fetch.c:386:Global default library context, Algorithm (RC2-40-CBC : 0), Properties ()
*** WARNING : deprecated key derivation used.
Using -iter or -pbkdf2 would be better.
Error setting cipher RC2-64-CBC
400775FD18770000:error:0308010C:digital envelope routines:inner_evp_generic_fetch:unsupported:../crypto/evp/evp_fetch.c:386:Global default library context, Algorithm (RC2-64-CBC : 0), Properties ()
*** WARNING : deprecated key derivation used.
Using -iter or -pbkdf2 would be better.
Error setting cipher RC2-64-CBC
40B767F7DA7D0000:error:0308010C:digital envelope routines:inner_evp_generic_fetch:unsupported:../crypto/evp/evp_fetch.c:386:Global default library context, Algorithm (RC2-64-CBC : 0), Properties ()
*** WARNING : deprecated key derivation used.
Using -iter or -pbkdf2 would be better.
Error setting cipher RC2-64-CBC
4027B906F4770000:error:0308010C:digital envelope routines:inner_evp_generic_fetch:unsupported:../crypto/evp/evp_fetch.c:386:Global default library context, Algorithm (RC2-64-CBC : 0), Properties ()
*** WARNING : deprecated key derivation used.
Using -iter or -pbkdf2 would be better.
Error setting cipher RC2-64-CBC
40575C177D780000:error:0308010C:digital envelope routines:inner_evp_generic_fetch:unsupported:../crypto/evp/evp_fetch.c:386:Global default library context, Algorithm (RC2-64-CBC : 0), Properties ()
*** WARNING : deprecated key derivation used.
Using -iter or -pbkdf2 would be better.
Error setting cipher RC2-64-CBC
40A716AFDB790000:error:0308010C:digital envelope routines:inner_evp_generic_fetch:unsupported:../crypto/evp/evp_fetch.c:386:Global default library context, Algorithm (RC2-64-CBC : 0), Properties ()
*** WARNING : deprecated key derivation used.
Using -iter or -pbkdf2 would be better.
Error setting cipher RC2-64-CBC
40F7FF28797F0000:error:0308010C:digital envelope routines:inner_evp_generic_fetch:unsupported:../crypto/evp/evp_fetch.c:386:Global default library context, Algorithm (RC2-64-CBC : 0), Properties ()
*** WARNING : deprecated key derivation used.
Using -iter or -pbkdf2 would be better.
Error setting cipher RC2-CBC
4027E1B501750000:error:0308010C:digital envelope routines:inner_evp_generic_fetch:unsupported:../crypto/evp/evp_fetch.c:386:Global default library context, Algorithm (RC2-CBC : 4), Properties ()
*** WARNING : deprecated key derivation used.
Using -iter or -pbkdf2 would be better.
Error setting cipher RC2-CBC
4047EB5AA5700000:error:0308010C:digital envelope routines:inner_evp_generic_fetch:unsupported:../crypto/evp/evp_fetch.c:386:Global default library context, Algorithm (RC2-CBC : 4), Properties ()
*** WARNING : deprecated key derivation used.
Using -iter or -pbkdf2 would be better.
Error setting cipher RC2-CBC
4087027119790000:error:0308010C:digital envelope routines:inner_evp_generic_fetch:unsupported:../crypto/evp/evp_fetch.c:386:Global default library context, Algorithm (RC2-CBC : 4), Properties ()
*** WARNING : deprecated key derivation used.
Using -iter or -pbkdf2 would be better.
Error setting cipher RC2-CFB
4007B493C6700000:error:0308010C:digital envelope routines:inner_evp_generic_fetch:unsupported:../crypto/evp/evp_fetch.c:386:Global default library context, Algorithm (RC2-CFB : 0), Properties ()
*** WARNING : deprecated key derivation used.
Using -iter or -pbkdf2 would be better.
Error setting cipher RC2-CFB
409799A5BE750000:error:0308010C:digital envelope routines:inner_evp_generic_fetch:unsupported:../crypto/evp/evp_fetch.c:386:Global default library context, Algorithm (RC2-CFB : 0), Properties ()
*** WARNING : deprecated key derivation used.
Using -iter or -pbkdf2 would be better.
Error setting cipher RC2-CFB
40872D5B23730000:error:0308010C:digital envelope routines:inner_evp_generic_fetch:unsupported:../crypto/evp/evp_fetch.c:386:Global default library context, Algorithm (RC2-CFB : 0), Properties ()
*** WARNING : deprecated key derivation used.
Using -iter or -pbkdf2 would be better.
Error setting cipher RC2-ECB
406757E3D6710000:error:0308010C:digital envelope routines:inner_evp_generic_fetch:unsupported:../crypto/evp/evp_fetch.c:386:Global default library context, Algorithm (RC2-ECB : 0), Properties ()
*** WARNING : deprecated key derivation used.
Using -iter or -pbkdf2 would be better.
Error setting cipher RC2-ECB
40C7440B5F720000:error:0308010C:digital envelope routines:inner_evp_generic_fetch:unsupported:../crypto/evp/evp_fetch.c:386:Global default library context, Algorithm (RC2-ECB : 0), Properties ()
*** WARNING : deprecated key derivation used.
Using -iter or -pbkdf2 would be better.
Error setting cipher RC2-ECB
40179AD661700000:error:0308010C:digital envelope routines:inner_evp_generic_fetch:unsupported:../crypto/evp/evp_fetch.c:386:Global default library context, Algorithm (RC2-ECB : 0), Properties ()
*** WARNING : deprecated key derivation used.
Using -iter or -pbkdf2 would be better.
Error setting cipher RC2-OFB
4097F4FF2A7E0000:error:0308010C:digital envelope routines:inner_evp_generic_fetch:unsupported:../crypto/evp/evp_fetch.c:386:Global default library context, Algorithm (RC2-OFB : 0), Properties ()
*** WARNING : deprecated key derivation used.
Using -iter or -pbkdf2 would be better.
Error setting cipher RC2-OFB
40977388CE780000:error:0308010C:digital envelope routines:inner_evp_generic_fetch:unsupported:../crypto/evp/evp_fetch.c:386:Global default library context, Algorithm (RC2-OFB : 0), Properties ()
*** WARNING : deprecated key derivation used.
Using -iter or -pbkdf2 would be better.
Error setting cipher RC2-OFB
4017BA88FB780000:error:0308010C:digital envelope routines:inner_evp_generic_fetch:unsupported:../crypto/evp/evp_fetch.c:386:Global default library context, Algorithm (RC2-OFB : 0), Properties ()
*** WARNING : deprecated key derivation used.
Using -iter or -pbkdf2 would be better.
Error setting cipher RC4
40C72EB57C750000:error:0308010C:digital envelope routines:inner_evp_generic_fetch:unsupported:../crypto/evp/evp_fetch.c:386:Global default library context, Algorithm (RC4 : 37), Properties ()
*** WARNING : deprecated key derivation used.
Using -iter or -pbkdf2 would be better.
Error setting cipher RC4
40777B6B247C0000:error:0308010C:digital envelope routines:inner_evp_generic_fetch:unsupported:../crypto/evp/evp_fetch.c:386:Global default library context, Algorithm (RC4 : 37), Properties ()
*** WARNING : deprecated key derivation used.
Using -iter or -pbkdf2 would be better.
Error setting cipher RC4
40B7E7A1147C0000:error:0308010C:digital envelope routines:inner_evp_generic_fetch:unsupported:../crypto/evp/evp_fetch.c:386:Global default library context, Algorithm (RC4 : 37), Properties ()
*** WARNING : deprecated key derivation used.
Using -iter or -pbkdf2 would be better.
Error setting cipher RC4-40
4077C454EE7C0000:error:0308010C:digital envelope routines:inner_evp_generic_fetch:unsupported:../crypto/evp/evp_fetch.c:386:Global default library context, Algorithm (RC4-40 : 0), Properties ()
*** WARNING : deprecated key derivation used.
Using -iter or -pbkdf2 would be better.
Error setting cipher RC4-40
40076397E7700000:error:0308010C:digital envelope routines:inner_evp_generic_fetch:unsupported:../crypto/evp/evp_fetch.c:386:Global default library context, Algorithm (RC4-40 : 0), Properties ()
*** WARNING : deprecated key derivation used.
Using -iter or -pbkdf2 would be better.
Error setting cipher RC4-40
400736C02C780000:error:0308010C:digital envelope routines:inner_evp_generic_fetch:unsupported:../crypto/evp/evp_fetch.c:386:Global default library context, Algorithm (RC4-40 : 0), Properties ()
*** WARNING : deprecated key derivation used.
Using -iter or -pbkdf2 would be better.
Error setting cipher SEED-CBC
4037759C9E7F0000:error:0308010C:digital envelope routines:inner_evp_generic_fetch:unsupported:../crypto/evp/evp_fetch.c:386:Global default library context, Algorithm (SEED-CBC : 53), Properties ()
*** WARNING : deprecated key derivation used.
Using -iter or -pbkdf2 would be better.
Error setting cipher SEED-CBC
4027213106720000:error:0308010C:digital envelope routines:inner_evp_generic_fetch:unsupported:../crypto/evp/evp_fetch.c:386:Global default library context, Algorithm (SEED-CBC : 53), Properties ()
*** WARNING : deprecated key derivation used.
Using -iter or -pbkdf2 would be better.
Error setting cipher SEED-CBC
40E77E30117D0000:error:0308010C:digital envelope routines:inner_evp_generic_fetch:unsupported:../crypto/evp/evp_fetch.c:386:Global default library context, Algorithm (SEED-CBC : 53), Properties ()
*** WARNING : deprecated key derivation used.
Using -iter or -pbkdf2 would be better.
Error setting cipher SEED-CBC
40F7C0FF3C7F0000:error:0308010C:digital envelope routines:inner_evp_generic_fetch:unsupported:../crypto/evp/evp_fetch.c:386:Global default library context, Algorithm (SEED-CBC : 53), Properties ()
*** WARNING : deprecated key derivation used.
Using -iter or -pbkdf2 would be better.
Error setting cipher SEED-CBC
40E79A0B6A7D0000:error:0308010C:digital envelope routines:inner_evp_generic_fetch:unsupported:../crypto/evp/evp_fetch.c:386:Global default library context, Algorithm (SEED-CBC : 53), Properties ()
*** WARNING : deprecated key derivation used.
Using -iter or -pbkdf2 would be better.
Error setting cipher SEED-CBC
40579D3B897E0000:error:0308010C:digital envelope routines:inner_evp_generic_fetch:unsupported:../crypto/evp/evp_fetch.c:386:Global default library context, Algorithm (SEED-CBC : 53), Properties ()
*** WARNING : deprecated key derivation used.
Using -iter or -pbkdf2 would be better.
Error setting cipher SEED-CFB
40D7C51C347D0000:error:0308010C:digital envelope routines:inner_evp_generic_fetch:unsupported:../crypto/evp/evp_fetch.c:386:Global default library context, Algorithm (SEED-CFB : 49), Properties ()
*** WARNING : deprecated key derivation used.
Using -iter or -pbkdf2 would be better.
Error setting cipher SEED-CFB
4007D0EB3C700000:error:0308010C:digital envelope routines:inner_evp_generic_fetch:unsupported:../crypto/evp/evp_fetch.c:386:Global default library context, Algorithm (SEED-CFB : 49), Properties ()
*** WARNING : deprecated key derivation used.
Using -iter or -pbkdf2 would be better.
Error setting cipher SEED-CFB
4017A0FD767D0000:error:0308010C:digital envelope routines:inner_evp_generic_fetch:unsupported:../crypto/evp/evp_fetch.c:386:Global default library context, Algorithm (SEED-CFB : 49), Properties ()
*** WARNING : deprecated key derivation used.
Using -iter or -pbkdf2 would be better.
Error setting cipher SEED-ECB
409762E2027F0000:error:0308010C:digital envelope routines:inner_evp_generic_fetch:unsupported:../crypto/evp/evp_fetch.c:386:Global default library context, Algorithm (SEED-ECB : 74), Properties ()
*** WARNING : deprecated key derivation used.
Using -iter or -pbkdf2 would be better.
Error setting cipher SEED-ECB
40A708C260790000:error:0308010C:digital envelope routines:inner_evp_generic_fetch:unsupported:../crypto/evp/evp_fetch.c:386:Global default library context, Algorithm (SEED-ECB : 74), Properties ()
*** WARNING : deprecated key derivation used.
Using -iter or -pbkdf2 would be better.
Error setting cipher SEED-ECB
40D7353680780000:error:0308010C:digital envelope routines:inner_evp_generic_fetch:unsupported:../crypto/evp/evp_fetch.c:386:Global default library context, Algorithm (SEED-ECB : 74), Properties ()
*** WARNING : deprecated key derivation used.
Using -iter or -pbkdf2 would be better.
Error setting cipher SEED-OFB
40874308D7730000:error:0308010C:digital envelope routines:inner_evp_generic_fetch:unsupported:../crypto/evp/evp_fetch.c:386:Global default library context, Algorithm (SEED-OFB : 61), Properties ()
*** WARNING : deprecated key derivation used.
Using -iter or -pbkdf2 would be better.
Error setting cipher SEED-OFB
4077D41803700000:error:0308010C:digital envelope routines:inner_evp_generic_fetch:unsupported:../crypto/evp/evp_fetch.c:386:Global default library context, Algorithm (SEED-OFB : 61), Properties ()
*** WARNING : deprecated key derivation used.
Using -iter or -pbkdf2 would be better.
Error setting cipher SEED-OFB
4057B9318E7F0000:error:0308010C:digital envelope routines:inner_evp_generic_fetch:unsupported:../crypto/evp/evp_fetch.c:386:Global default library context, Algorithm (SEED-OFB : 61), Properties ()
*** WARNING : deprecated key derivation used.
Using -iter or -pbkdf2 would be better.
bad decrypt
40A7F3CDCD730000:error:1C800064:Provider routines:ossl_cipher_unpadblock:bad decrypt:../providers/implementations/ciphers/ciphercommon_block.c:124:
*** WARNING : deprecated key derivation used.
Using -iter or -pbkdf2 would be better.
bad decrypt
4057FE7E6C770000:error:1C800064:Provider routines:ossl_cipher_unpadblock:bad decrypt:../providers/implementations/ciphers/ciphercommon_block.c:129:
*** WARNING : deprecated key derivation used.
Using -iter or -pbkdf2 would be better.
bad decrypt
40C79FF21D710000:error:1C800064:Provider routines:ossl_cipher_unpadblock:bad decrypt:../providers/implementations/ciphers/ciphercommon_block.c:129:
*** WARNING : deprecated key derivation used.
Using -iter or -pbkdf2 would be better.
bad decrypt
4057C81F52740000:error:1C800064:Provider routines:ossl_cipher_unpadblock:bad decrypt:../providers/implementations/ciphers/ciphercommon_block.c:124:
*** WARNING : deprecated key derivation used.
Using -iter or -pbkdf2 would be better.
bad decrypt
4007595232760000:error:1C800064:Provider routines:ossl_cipher_unpadblock:bad decrypt:../providers/implementations/ciphers/ciphercommon_block.c:129:
*** WARNING : deprecated key derivation used.
Using -iter or -pbkdf2 would be better.
bad decrypt
40872E161B760000:error:1C800064:Provider routines:ossl_cipher_unpadblock:bad decrypt:../providers/implementations/ciphers/ciphercommon_block.c:129:
*** WARNING : deprecated key derivation used.
Using -iter or -pbkdf2 would be better.
*** WARNING : deprecated key derivation used.
Using -iter or -pbkdf2 would be better.
*** WARNING : deprecated key derivation used.
Using -iter or -pbkdf2 would be better.
*** WARNING : deprecated key derivation used.
Using -iter or -pbkdf2 would be better.
*** WARNING : deprecated key derivation used.
Using -iter or -pbkdf2 would be better.
*** WARNING : deprecated key derivation used.
Using -iter or -pbkdf2 would be better.
*** WARNING : deprecated key derivation used.
Using -iter or -pbkdf2 would be better.
bad decrypt
4037EB614A7E0000:error:1C800064:Provider routines:ossl_cipher_unpadblock:bad decrypt:../providers/implementations/ciphers/ciphercommon_block.c:124:
*** WARNING : deprecated key derivation used.
Using -iter or -pbkdf2 would be better.
bad decrypt
4047624CD3790000:error:1C800064:Provider routines:ossl_cipher_unpadblock:bad decrypt:../providers/implementations/ciphers/ciphercommon_block.c:124:
*** WARNING : deprecated key derivation used.
Using -iter or -pbkdf2 would be better.
bad decrypt
4087E3A6CF7D0000:error:1C800064:Provider routines:ossl_cipher_unpadblock:bad decrypt:../providers/implementations/ciphers/ciphercommon_block.c:124:
*** WARNING : deprecated key derivation used.
Using -iter or -pbkdf2 would be better.
*** WARNING : deprecated key derivation used.
Using -iter or -pbkdf2 would be better.
*** WARNING : deprecated key derivation used.
Using -iter or -pbkdf2 would be better.
enc: Use -help for summary.
enc: Use -help for summary.
enc: Use -help for summary.
enc: Use -help for summary.
enc: Use -help for summary.
enc: Use -help for summary.
*** WARNING : deprecated key derivation used.
Using -iter or -pbkdf2 would be better.
bad decrypt
40271CA3F27C0000:error:1C800064:Provider routines:ossl_cipher_unpadblock:bad decrypt:../providers/implementations/ciphers/ciphercommon_block.c:124:
*** WARNING : deprecated key derivation used.
Using -iter or -pbkdf2 would be better.
bad decrypt
4077E5114B780000:error:1C800064:Provider routines:ossl_cipher_unpadblock:bad decrypt:../providers/implementations/ciphers/ciphercommon_block.c:124:
*** WARNING : deprecated key derivation used.
Using -iter or -pbkdf2 would be better.
bad decrypt
40B78B7F267F0000:error:1C800064:Provider routines:ossl_cipher_unpadblock:bad decrypt:../providers/implementations/ciphers/ciphercommon_block.c:124:
*** WARNING : deprecated key derivation used.
Using -iter or -pbkdf2 would be better.
*** WARNING : deprecated key derivation used.
Using -iter or -pbkdf2 would be better.
*** WARNING : deprecated key derivation used.
Using -iter or -pbkdf2 would be better.
*** WARNING : deprecated key derivation used.
Using -iter or -pbkdf2 would be better.
*** WARNING : deprecated key derivation used.
Using -iter or -pbkdf2 would be better.
*** WARNING : deprecated key derivation used.
Using -iter or -pbkdf2 would be better.
*** WARNING : deprecated key derivation used.
Using -iter or -pbkdf2 would be better.
*** WARNING : deprecated key derivation used.
Using -iter or -pbkdf2 would be better.
*** WARNING : deprecated key derivation used.
Using -iter or -pbkdf2 would be better.
*** WARNING : deprecated key derivation used.
Using -iter or -pbkdf2 would be better.
*** WARNING : deprecated key derivation used.
Using -iter or -pbkdf2 would be better.
*** WARNING : deprecated key derivation used.
Using -iter or -pbkdf2 would be better.
*** WARNING : deprecated key derivation used.
Using -iter or -pbkdf2 would be better.
bad decrypt
405717C5527F0000:error:1C800064:Provider routines:ossl_cipher_unpadblock:bad decrypt:../providers/implementations/ciphers/ciphercommon_block.c:124:
*** WARNING : deprecated key derivation used.
Using -iter or -pbkdf2 would be better.
bad decrypt
40E73C58AA700000:error:1C800064:Provider routines:ossl_cipher_unpadblock:bad decrypt:../providers/implementations/ciphers/ciphercommon_block.c:124:
*** WARNING : deprecated key derivation used.
Using -iter or -pbkdf2 would be better.
bad decrypt
4077DBFFFF7D0000:error:1C800064:Provider routines:ossl_cipher_unpadblock:bad decrypt:../providers/implementations/ciphers/ciphercommon_block.c:124:
*** WARNING : deprecated key derivation used.
Using -iter or -pbkdf2 would be better.
*** WARNING : deprecated key derivation used.
Using -iter or -pbkdf2 would be better.
*** WARNING : deprecated key derivation used.
Using -iter or -pbkdf2 would be better.
*** WARNING : deprecated key derivation used.
Using -iter or -pbkdf2 would be better.
bad decrypt
4057BAB4457A0000:error:1C800064:Provider routines:ossl_cipher_unpadblock:bad decrypt:../providers/implementations/ciphers/ciphercommon_block.c:124:
*** WARNING : deprecated key derivation used.
Using -iter or -pbkdf2 would be better.
bad decrypt
40274D3C6A7D0000:error:1C800064:Provider routines:ossl_cipher_unpadblock:bad decrypt:../providers/implementations/ciphers/ciphercommon_block.c:124:
*** WARNING : deprecated key derivation used.
Using -iter or -pbkdf2 would be better.
bad decrypt
402719E1EF740000:error:1C800064:Provider routines:ossl_cipher_unpadblock:bad decrypt:../providers/implementations/ciphers/ciphercommon_block.c:124:
*** WARNING : deprecated key derivation used.
Using -iter or -pbkdf2 would be better.
*** WARNING : deprecated key derivation used.
Using -iter or -pbkdf2 would be better.
*** WARNING : deprecated key derivation used.
Using -iter or -pbkdf2 would be better.
*** WARNING : deprecated key derivation used.
Using -iter or -pbkdf2 would be better.
*** WARNING : deprecated key derivation used.
Using -iter or -pbkdf2 would be better.
*** WARNING : deprecated key derivation used.
Using -iter or -pbkdf2 would be better.
*** WARNING : deprecated key derivation used.
Using -iter or -pbkdf2 would be better.
*** WARNING : deprecated key derivation used.
Using -iter or -pbkdf2 would be better.
*** WARNING : deprecated key derivation used.
Using -iter or -pbkdf2 would be better.
*** WARNING : deprecated key derivation used.
Using -iter or -pbkdf2 would be better.
*** WARNING : deprecated key derivation used.
Using -iter or -pbkdf2 would be better.
*** WARNING : deprecated key derivation used.
Using -iter or -pbkdf2 would be better.
*** WARNING : deprecated key derivation used.
Using -iter or -pbkdf2 would be better.
*** WARNING : deprecated key derivation used.
Using -iter or -pbkdf2 would be better.
bad decrypt
40F79B857A760000:error:1C80006B:Provider routines:ossl_cipher_generic_block_final:wrong final block length:../providers/implementations/ciphers/ciphercommon.c:443:
*** WARNING : deprecated key derivation used.
Using -iter or -pbkdf2 would be better.
bad decrypt
400746A22D770000:error:1C800064:Provider routines:ossl_cipher_unpadblock:bad decrypt:../providers/implementations/ciphers/ciphercommon_block.c:124:
*** WARNING : deprecated key derivation used.
Using -iter or -pbkdf2 would be better.
*** WARNING : deprecated key derivation used.
Using -iter or -pbkdf2 would be better.
*** WARNING : deprecated key derivation used.
Using -iter or -pbkdf2 would be better.
*** WARNING : deprecated key derivation used.
Using -iter or -pbkdf2 would be better.
bad decrypt
40F71626397B0000:error:1C800064:Provider routines:ossl_cipher_unpadblock:bad decrypt:../providers/implementations/ciphers/ciphercommon_block.c:124:
*** WARNING : deprecated key derivation used.
Using -iter or -pbkdf2 would be better.
bad decrypt
40F79A5ACC7D0000:error:1C800064:Provider routines:ossl_cipher_unpadblock:bad decrypt:../providers/implementations/ciphers/ciphercommon_block.c:124:
*** WARNING : deprecated key derivation used.
Using -iter or -pbkdf2 would be better.
bad decrypt
40A7AAA1AF790000:error:1C800064:Provider routines:ossl_cipher_unpadblock:bad decrypt:../providers/implementations/ciphers/ciphercommon_block.c:124:
*** WARNING : deprecated key derivation used.
Using -iter or -pbkdf2 would be better.
*** WARNING : deprecated key derivation used.
Using -iter or -pbkdf2 would be better.
*** WARNING : deprecated key derivation used.
Using -iter or -pbkdf2 would be better.
*** WARNING : deprecated key derivation used.
Using -iter or -pbkdf2 would be better.
*** WARNING : deprecated key derivation used.
Using -iter or -pbkdf2 would be better.
*** WARNING : deprecated key derivation used.
Using -iter or -pbkdf2 would be better.
*** WARNING : deprecated key derivation used.
Using -iter or -pbkdf2 would be better.
*** WARNING : deprecated key derivation used.
Using -iter or -pbkdf2 would be better.
*** WARNING : deprecated key derivation used.
Using -iter or -pbkdf2 would be better.
*** WARNING : deprecated key derivation used.
Using -iter or -pbkdf2 would be better.
*** WARNING : deprecated key derivation used.
Using -iter or -pbkdf2 would be better.
*** WARNING : deprecated key derivation used.
Using -iter or -pbkdf2 would be better.
*** WARNING : deprecated key derivation used.
Using -iter or -pbkdf2 would be better.
bad decrypt
40775473197C0000:error:1C800064:Provider routines:ossl_cipher_unpadblock:bad decrypt:../providers/implementations/ciphers/ciphercommon_block.c:124:
*** WARNING : deprecated key derivation used.
Using -iter or -pbkdf2 would be better.
bad decrypt
4067321EC77E0000:error:1C800064:Provider routines:ossl_cipher_unpadblock:bad decrypt:../providers/implementations/ciphers/ciphercommon_block.c:124:
*** WARNING : deprecated key derivation used.
Using -iter or -pbkdf2 would be better.
bad decrypt
40870FC7CA720000:error:1C800064:Provider routines:ossl_cipher_unpadblock:bad decrypt:../providers/implementations/ciphers/ciphercommon_block.c:124:
*** WARNING : deprecated key derivation used.
Using -iter or -pbkdf2 would be better.
*** WARNING : deprecated key derivation used.
Using -iter or -pbkdf2 would be better.
*** WARNING : deprecated key derivation used.
Using -iter or -pbkdf2 would be better.
*** WARNING : deprecated key derivation used.
Using -iter or -pbkdf2 would be better.
bad decrypt
4087F0AE6B720000:error:1C800064:Provider routines:ossl_cipher_unpadblock:bad decrypt:../providers/implementations/ciphers/ciphercommon_block.c:124:
*** WARNING : deprecated key derivation used.
Using -iter or -pbkdf2 would be better.
bad decrypt
40D70B744F710000:error:1C800064:Provider routines:ossl_cipher_unpadblock:bad decrypt:../providers/implementations/ciphers/ciphercommon_block.c:124:
*** WARNING : deprecated key derivation used.
Using -iter or -pbkdf2 would be better.
bad decrypt
405701D5827E0000:error:1C800064:Provider routines:ossl_cipher_unpadblock:bad decrypt:../providers/implementations/ciphers/ciphercommon_block.c:124:
*** WARNING : deprecated key derivation used.
Using -iter or -pbkdf2 would be better.
error writing output file
40A7BFE0887B0000:error:1C800066:Provider routines:aes_wrap_cipher_internal:cipher operation failed:../providers/implementations/ciphers/cipher_aes_wrp.c:212:
40A7BFE0887B0000:error:030000BD:digital envelope routines:EVP_DecryptUpdate:update error:../crypto/evp/evp_enc.c:837:
*** WARNING : deprecated key derivation used.
Using -iter or -pbkdf2 would be better.
*** WARNING : deprecated key derivation used.
Using -iter or -pbkdf2 would be better.
*** WARNING : deprecated key derivation used.
Using -iter or -pbkdf2 would be better.
bad decrypt
40D7D8E5CA7A0000:error:1C800064:Provider routines:ossl_cipher_unpadblock:bad decrypt:../providers/implementations/ciphers/ciphercommon_block.c:124:
*** WARNING : deprecated key derivation used.
Using -iter or -pbkdf2 would be better.
bad decrypt
40773C8674770000:error:1C800064:Provider routines:ossl_cipher_unpadblock:bad decrypt:../providers/implementations/ciphers/ciphercommon_block.c:124:
*** WARNING : deprecated key derivation used.
Using -iter or -pbkdf2 would be better.
bad decrypt
40F7BD951A7E0000:error:1C800064:Provider routines:ossl_cipher_unpadblock:bad decrypt:../providers/implementations/ciphers/ciphercommon_block.c:124:
*** WARNING : deprecated key derivation used.
Using -iter or -pbkdf2 would be better.
error writing output file
4067444798790000:error:1C800066:Provider routines:aes_wrap_cipher_internal:cipher operation failed:../providers/implementations/ciphers/cipher_aes_wrp.c:212:
4067444798790000:error:030000BD:digital envelope routines:EVP_DecryptUpdate:update error:../crypto/evp/evp_enc.c:837:
*** WARNING : deprecated key derivation used.
Using -iter or -pbkdf2 would be better.
*** WARNING : deprecated key derivation used.
Using -iter or -pbkdf2 would be better.
*** WARNING : deprecated key derivation used.
Using -iter or -pbkdf2 would be better.
bad decrypt
40E78B001C7B0000:error:1C800064:Provider routines:ossl_cipher_unpadblock:bad decrypt:../providers/implementations/ciphers/ciphercommon_block.c:124:
*** WARNING : deprecated key derivation used.
Using -iter or -pbkdf2 would be better.
bad decrypt
40E74931F0770000:error:1C800064:Provider routines:ossl_cipher_unpadblock:bad decrypt:../providers/implementations/ciphers/ciphercommon_block.c:124:
*** WARNING : deprecated key derivation used.
Using -iter or -pbkdf2 would be better.
bad decrypt
40A77D3AEB7D0000:error:1C800064:Provider routines:ossl_cipher_unpadblock:bad decrypt:../providers/implementations/ciphers/ciphercommon_block.c:124:
*** WARNING : deprecated key derivation used.
Using -iter or -pbkdf2 would be better.
error writing output file
4057A536E67E0000:error:1C800066:Provider routines:aes_wrap_cipher_internal:cipher operation failed:../providers/implementations/ciphers/cipher_aes_wrp.c:212:
4057A536E67E0000:error:030000BD:digital envelope routines:EVP_DecryptUpdate:update error:../crypto/evp/evp_enc.c:837:
*** WARNING : deprecated key derivation used.
Using -iter or -pbkdf2 would be better.
*** WARNING : deprecated key derivation used.
Using -iter or -pbkdf2 would be better.
*** WARNING : deprecated key derivation used.
Using -iter or -pbkdf2 would be better.
bad decrypt
40B78670F57B0000:error:1C800064:Provider routines:ossl_cipher_unpadblock:bad decrypt:../providers/implementations/ciphers/ciphercommon_block.c:124:
*** WARNING : deprecated key derivation used.
Using -iter or -pbkdf2 would be better.
bad decrypt
40A79CBC607C0000:error:1C800064:Provider routines:ossl_cipher_unpadblock:bad decrypt:../providers/implementations/ciphers/ciphercommon_block.c:124:
*** WARNING : deprecated key derivation used.
Using -iter or -pbkdf2 would be better.
bad decrypt
40D7C59D04720000:error:1C800064:Provider routines:ossl_cipher_unpadblock:bad decrypt:../providers/implementations/ciphers/ciphercommon_block.c:124:
*** WARNING : deprecated key derivation used.
Using -iter or -pbkdf2 would be better.
*** WARNING : deprecated key derivation used.
Using -iter or -pbkdf2 would be better.
*** WARNING : deprecated key derivation used.
Using -iter or -pbkdf2 would be better.
*** WARNING : deprecated key derivation used.
Using -iter or -pbkdf2 would be better.
*** WARNING : deprecated key derivation used.
Using -iter or -pbkdf2 would be better.
*** WARNING : deprecated key derivation used.
Using -iter or -pbkdf2 would be better.
*** WARNING : deprecated key derivation used.
Using -iter or -pbkdf2 would be better.
*** WARNING : deprecated key derivation used.
Using -iter or -pbkdf2 would be better.
*** WARNING : deprecated key derivation used.
Using -iter or -pbkdf2 would be better.
*** WARNING : deprecated key derivation used.
Using -iter or -pbkdf2 would be better.
*** WARNING : deprecated key derivation used.
Using -iter or -pbkdf2 would be better.
*** WARNING : deprecated key derivation used.
Using -iter or -pbkdf2 would be better.
*** WARNING : deprecated key derivation used.
Using -iter or -pbkdf2 would be better.
bad decrypt
40574401B17E0000:error:1C800064:Provider routines:ossl_cipher_unpadblock:bad decrypt:../providers/implementations/ciphers/ciphercommon_block.c:124:
*** WARNING : deprecated key derivation used.
Using -iter or -pbkdf2 would be better.
bad decrypt
4067A57BE1720000:error:1C800064:Provider routines:ossl_cipher_unpadblock:bad decrypt:../providers/implementations/ciphers/ciphercommon_block.c:124:
*** WARNING : deprecated key derivation used.
Using -iter or -pbkdf2 would be better.
bad decrypt
40378793E9760000:error:1C800064:Provider routines:ossl_cipher_unpadblock:bad decrypt:../providers/implementations/ciphers/ciphercommon_block.c:124:
*** WARNING : deprecated key derivation used.
Using -iter or -pbkdf2 would be better.
*** WARNING : deprecated key derivation used.
Using -iter or -pbkdf2 would be better.
*** WARNING : deprecated key derivation used.
Using -iter or -pbkdf2 would be better.
*** WARNING : deprecated key derivation used.
Using -iter or -pbkdf2 would be better.
bad decrypt
4027A543FC7D0000:error:1C800064:Provider routines:ossl_cipher_unpadblock:bad decrypt:../providers/implementations/ciphers/ciphercommon_block.c:124:
*** WARNING : deprecated key derivation used.
Using -iter or -pbkdf2 would be better.
bad decrypt
4067B5BA2A710000:error:1C800064:Provider routines:ossl_cipher_unpadblock:bad decrypt:../providers/implementations/ciphers/ciphercommon_block.c:124:
*** WARNING : deprecated key derivation used.
Using -iter or -pbkdf2 would be better.
bad decrypt
40F756884A750000:error:1C800064:Provider routines:ossl_cipher_unpadblock:bad decrypt:../providers/implementations/ciphers/ciphercommon_block.c:124:
*** WARNING : deprecated key derivation used.
Using -iter or -pbkdf2 would be better.
*** WARNING : deprecated key derivation used.
Using -iter or -pbkdf2 would be better.
*** WARNING : deprecated key derivation used.
Using -iter or -pbkdf2 would be better.
*** WARNING : deprecated key derivation used.
Using -iter or -pbkdf2 would be better.
*** WARNING : deprecated key derivation used.
Using -iter or -pbkdf2 would be better.
*** WARNING : deprecated key derivation used.
Using -iter or -pbkdf2 would be better.
*** WARNING : deprecated key derivation used.
Using -iter or -pbkdf2 would be better.
*** WARNING : deprecated key derivation used.
Using -iter or -pbkdf2 would be better.
*** WARNING : deprecated key derivation used.
Using -iter or -pbkdf2 would be better.
*** WARNING : deprecated key derivation used.
Using -iter or -pbkdf2 would be better.
*** WARNING : deprecated key derivation used.
Using -iter or -pbkdf2 would be better.
*** WARNING : deprecated key derivation used.
Using -iter or -pbkdf2 would be better.
*** WARNING : deprecated key derivation used.
Using -iter or -pbkdf2 would be better.
bad decrypt
40E799CC13790000:error:1C800064:Provider routines:ossl_cipher_unpadblock:bad decrypt:../providers/implementations/ciphers/ciphercommon_block.c:124:
*** WARNING : deprecated key derivation used.
Using -iter or -pbkdf2 would be better.
bad decrypt
4057DFAFC2700000:error:1C800064:Provider routines:ossl_cipher_unpadblock:bad decrypt:../providers/implementations/ciphers/ciphercommon_block.c:124:
*** WARNING : deprecated key derivation used.
Using -iter or -pbkdf2 would be better.
bad decrypt
4047C8D0087C0000:error:1C800064:Provider routines:ossl_cipher_unpadblock:bad decrypt:../providers/implementations/ciphers/ciphercommon_block.c:124:
*** WARNING : deprecated key derivation used.
Using -iter or -pbkdf2 would be better.
*** WARNING : deprecated key derivation used.
Using -iter or -pbkdf2 would be better.
*** WARNING : deprecated key derivation used.
Using -iter or -pbkdf2 would be better.
*** WARNING : deprecated key derivation used.
Using -iter or -pbkdf2 would be better.
bad decrypt
40F7290DE47A0000:error:1C800064:Provider routines:ossl_cipher_unpadblock:bad decrypt:../providers/implementations/ciphers/ciphercommon_block.c:124:
*** WARNING : deprecated key derivation used.
Using -iter or -pbkdf2 would be better.
bad decrypt
4097F0F7EC770000:error:1C800064:Provider routines:ossl_cipher_unpadblock:bad decrypt:../providers/implementations/ciphers/ciphercommon_block.c:124:
*** WARNING : deprecated key derivation used.
Using -iter or -pbkdf2 would be better.
bad decrypt
408785CD06740000:error:1C800064:Provider routines:ossl_cipher_unpadblock:bad decrypt:../providers/implementations/ciphers/ciphercommon_block.c:129:
*** WARNING : deprecated key derivation used.
Using -iter or -pbkdf2 would be better.
*** WARNING : deprecated key derivation used.
Using -iter or -pbkdf2 would be better.
*** WARNING : deprecated key derivation used.
Using -iter or -pbkdf2 would be better.
*** WARNING : deprecated key derivation used.
Using -iter or -pbkdf2 would be better.
*** WARNING : deprecated key derivation used.
Using -iter or -pbkdf2 would be better.
*** WARNING : deprecated key derivation used.
Using -iter or -pbkdf2 would be better.
*** WARNING : deprecated key derivation used.
Using -iter or -pbkdf2 would be better.
*** WARNING : deprecated key derivation used.
Using -iter or -pbkdf2 would be better.
*** WARNING : deprecated key derivation used.
Using -iter or -pbkdf2 would be better.
*** WARNING : deprecated key derivation used.
Using -iter or -pbkdf2 would be better.
*** WARNING : deprecated key derivation used.
Using -iter or -pbkdf2 would be better.
*** WARNING : deprecated key derivation used.
Using -iter or -pbkdf2 would be better.
*** WARNING : deprecated key derivation used.
Using -iter or -pbkdf2 would be better.
bad decrypt
40B748FCBE790000:error:1C800064:Provider routines:ossl_cipher_unpadblock:bad decrypt:../providers/implementations/ciphers/ciphercommon_block.c:124:
*** WARNING : deprecated key derivation used.
Using -iter or -pbkdf2 would be better.
bad decrypt
4057770C557D0000:error:1C800064:Provider routines:ossl_cipher_unpadblock:bad decrypt:../providers/implementations/ciphers/ciphercommon_block.c:124:
*** WARNING : deprecated key derivation used.
Using -iter or -pbkdf2 would be better.
bad decrypt
40879B0E167F0000:error:1C800064:Provider routines:ossl_cipher_unpadblock:bad decrypt:../providers/implementations/ciphers/ciphercommon_block.c:124:
*** WARNING : deprecated key derivation used.
Using -iter or -pbkdf2 would be better.
*** WARNING : deprecated key derivation used.
Using -iter or -pbkdf2 would be better.
*** WARNING : deprecated key derivation used.
Using -iter or -pbkdf2 would be better.
*** WARNING : deprecated key derivation used.
Using -iter or -pbkdf2 would be better.
bad decrypt
4097461CCB7C0000:error:1C800064:Provider routines:ossl_cipher_unpadblock:bad decrypt:../providers/implementations/ciphers/ciphercommon_block.c:124:
*** WARNING : deprecated key derivation used.
Using -iter or -pbkdf2 would be better.
bad decrypt
40D77BDB5B7F0000:error:1C800064:Provider routines:ossl_cipher_unpadblock:bad decrypt:../providers/implementations/ciphers/ciphercommon_block.c:124:
*** WARNING : deprecated key derivation used.
Using -iter or -pbkdf2 would be better.
bad decrypt
4087830DC77A0000:error:1C800064:Provider routines:ossl_cipher_unpadblock:bad decrypt:../providers/implementations/ciphers/ciphercommon_block.c:124:
*** WARNING : deprecated key derivation used.
Using -iter or -pbkdf2 would be better.
bad decrypt
40E70262067A0000:error:1C800064:Provider routines:ossl_cipher_unpadblock:bad decrypt:../providers/implementations/ciphers/ciphercommon_block.c:124:
*** WARNING : deprecated key derivation used.
Using -iter or -pbkdf2 would be better.
bad decrypt
4087A6CC577B0000:error:1C800064:Provider routines:ossl_cipher_unpadblock:bad decrypt:../providers/implementations/ciphers/ciphercommon_block.c:124:
*** WARNING : deprecated key derivation used.
Using -iter or -pbkdf2 would be better.
bad decrypt
40674731FD7E0000:error:1C800064:Provider routines:ossl_cipher_unpadblock:bad decrypt:../providers/implementations/ciphers/ciphercommon_block.c:124:
*** WARNING : deprecated key derivation used.
Using -iter or -pbkdf2 would be better.
bad decrypt
40B719F00D740000:error:1C800064:Provider routines:ossl_cipher_unpadblock:bad decrypt:../providers/implementations/ciphers/ciphercommon_block.c:124:
*** WARNING : deprecated key derivation used.
Using -iter or -pbkdf2 would be better.
bad decrypt
40471A68C1730000:error:1C800064:Provider routines:ossl_cipher_unpadblock:bad decrypt:../providers/implementations/ciphers/ciphercommon_block.c:124:
*** WARNING : deprecated key derivation used.
Using -iter or -pbkdf2 would be better.
bad decrypt
4057F9CA39780000:error:1C800064:Provider routines:ossl_cipher_unpadblock:bad decrypt:../providers/implementations/ciphers/ciphercommon_block.c:129:
*** WARNING : deprecated key derivation used.
Using -iter or -pbkdf2 would be better.
Error setting cipher BF-CBC
40276972B2730000:error:0308010C:digital envelope routines:inner_evp_generic_fetch:unsupported:../crypto/evp/evp_fetch.c:386:Global default library context, Algorithm (BF-CBC : 11), Properties ()
*** WARNING : deprecated key derivation used.
Using -iter or -pbkdf2 would be better.
Error setting cipher BF-CBC
4047BEC7B6720000:error:0308010C:digital envelope routines:inner_evp_generic_fetch:unsupported:../crypto/evp/evp_fetch.c:386:Global default library context, Algorithm (BF-CBC : 11), Properties ()
*** WARNING : deprecated key derivation used.
Using -iter or -pbkdf2 would be better.
Error setting cipher BF-CBC
40D7CA6871730000:error:0308010C:digital envelope routines:inner_evp_generic_fetch:unsupported:../crypto/evp/evp_fetch.c:386:Global default library context, Algorithm (BF-CBC : 11), Properties ()
*** WARNING : deprecated key derivation used.
Using -iter or -pbkdf2 would be better.
Error setting cipher BF-CBC
40C70171C0700000:error:0308010C:digital envelope routines:inner_evp_generic_fetch:unsupported:../crypto/evp/evp_fetch.c:386:Global default library context, Algorithm (BF-CBC : 11), Properties ()
*** WARNING : deprecated key derivation used.
Using -iter or -pbkdf2 would be better.
Error setting cipher BF-CBC
4057631E0F7B0000:error:0308010C:digital envelope routines:inner_evp_generic_fetch:unsupported:../crypto/evp/evp_fetch.c:386:Global default library context, Algorithm (BF-CBC : 11), Properties ()
*** WARNING : deprecated key derivation used.
Using -iter or -pbkdf2 would be better.
Error setting cipher BF-CBC
4027BB1FED740000:error:0308010C:digital envelope routines:inner_evp_generic_fetch:unsupported:../crypto/evp/evp_fetch.c:386:Global default library context, Algorithm (BF-CBC : 11), Properties ()
*** WARNING : deprecated key derivation used.
Using -iter or -pbkdf2 would be better.
Error setting cipher BF-CFB
40273B4D05760000:error:0308010C:digital envelope routines:inner_evp_generic_fetch:unsupported:../crypto/evp/evp_fetch.c:386:Global default library context, Algorithm (BF-CFB : 0), Properties ()
*** WARNING : deprecated key derivation used.
Using -iter or -pbkdf2 would be better.
Error setting cipher BF-CFB
40574091D9740000:error:0308010C:digital envelope routines:inner_evp_generic_fetch:unsupported:../crypto/evp/evp_fetch.c:386:Global default library context, Algorithm (BF-CFB : 0), Properties ()
*** WARNING : deprecated key derivation used.
Using -iter or -pbkdf2 would be better.
Error setting cipher BF-CFB
403790D1187E0000:error:0308010C:digital envelope routines:inner_evp_generic_fetch:unsupported:../crypto/evp/evp_fetch.c:386:Global default library context, Algorithm (BF-CFB : 0), Properties ()
*** WARNING : deprecated key derivation used.
Using -iter or -pbkdf2 would be better.
Error setting cipher BF-ECB
405775529E780000:error:0308010C:digital envelope routines:inner_evp_generic_fetch:unsupported:../crypto/evp/evp_fetch.c:386:Global default library context, Algorithm (BF-ECB : 0), Properties ()
*** WARNING : deprecated key derivation used.
Using -iter or -pbkdf2 would be better.
Error setting cipher BF-ECB
40D7DF8C8A750000:error:0308010C:digital envelope routines:inner_evp_generic_fetch:unsupported:../crypto/evp/evp_fetch.c:386:Global default library context, Algorithm (BF-ECB : 0), Properties ()
*** WARNING : deprecated key derivation used.
Using -iter or -pbkdf2 would be better.
Error setting cipher BF-ECB
40F7672202750000:error:0308010C:digital envelope routines:inner_evp_generic_fetch:unsupported:../crypto/evp/evp_fetch.c:386:Global default library context, Algorithm (BF-ECB : 0), Properties ()
*** WARNING : deprecated key derivation used.
Using -iter or -pbkdf2 would be better.
Error setting cipher BF-OFB
409701FAA2720000:error:0308010C:digital envelope routines:inner_evp_generic_fetch:unsupported:../crypto/evp/evp_fetch.c:386:Global default library context, Algorithm (BF-OFB : 0), Properties ()
*** WARNING : deprecated key derivation used.
Using -iter or -pbkdf2 would be better.
Error setting cipher BF-OFB
4057ECD411770000:error:0308010C:digital envelope routines:inner_evp_generic_fetch:unsupported:../crypto/evp/evp_fetch.c:386:Global default library context, Algorithm (BF-OFB : 0), Properties ()
*** WARNING : deprecated key derivation used.
Using -iter or -pbkdf2 would be better.
Error setting cipher BF-OFB
40C73C0A75780000:error:0308010C:digital envelope routines:inner_evp_generic_fetch:unsupported:../crypto/evp/evp_fetch.c:386:Global default library context, Algorithm (BF-OFB : 0), Properties ()
*** WARNING : deprecated key derivation used.
Using -iter or -pbkdf2 would be better.
Error setting cipher BF-CBC
40C7F954ED710000:error:0308010C:digital envelope routines:inner_evp_generic_fetch:unsupported:../crypto/evp/evp_fetch.c:386:Global default library context, Algorithm (BF-CBC : 11), Properties ()
*** WARNING : deprecated key derivation used.
Using -iter or -pbkdf2 would be better.
Error setting cipher BF-CBC
40D760EEA7770000:error:0308010C:digital envelope routines:inner_evp_generic_fetch:unsupported:../crypto/evp/evp_fetch.c:386:Global default library context, Algorithm (BF-CBC : 11), Properties ()
*** WARNING : deprecated key derivation used.
Using -iter or -pbkdf2 would be better.
Error setting cipher BF-CBC
40F74318B7760000:error:0308010C:digital envelope routines:inner_evp_generic_fetch:unsupported:../crypto/evp/evp_fetch.c:386:Global default library context, Algorithm (BF-CBC : 11), Properties ()
*** WARNING : deprecated key derivation used.
Using -iter or -pbkdf2 would be better.
bad decrypt
40170FE5F8710000:error:1C800064:Provider routines:ossl_cipher_unpadblock:bad decrypt:../providers/implementations/ciphers/ciphercommon_block.c:124:
*** WARNING : deprecated key derivation used.
Using -iter or -pbkdf2 would be better.
bad decrypt
407722CE047C0000:error:1C800064:Provider routines:ossl_cipher_unpadblock:bad decrypt:../providers/implementations/ciphers/ciphercommon_block.c:124:
*** WARNING : deprecated key derivation used.
Using -iter or -pbkdf2 would be better.
bad decrypt
40173CCB057D0000:error:1C800064:Provider routines:ossl_cipher_unpadblock:bad decrypt:../providers/implementations/ciphers/ciphercommon_block.c:124:
*** WARNING : deprecated key derivation used.
Using -iter or -pbkdf2 would be better.
*** WARNING : deprecated key derivation used.
Using -iter or -pbkdf2 would be better.
*** WARNING : deprecated key derivation used.
Using -iter or -pbkdf2 would be better.
*** WARNING : deprecated key derivation used.
Using -iter or -pbkdf2 would be better.
*** WARNING : deprecated key derivation used.
Using -iter or -pbkdf2 would be better.
*** WARNING : deprecated key derivation used.
Using -iter or -pbkdf2 would be better.
*** WARNING : deprecated key derivation used.
Using -iter or -pbkdf2 would be better.
*** WARNING : deprecated key derivation used.
Using -iter or -pbkdf2 would be better.
*** WARNING : deprecated key derivation used.
Using -iter or -pbkdf2 would be better.
*** WARNING : deprecated key derivation used.
Using -iter or -pbkdf2 would be better.
*** WARNING : deprecated key derivation used.
Using -iter or -pbkdf2 would be better.
*** WARNING : deprecated key derivation used.
Using -iter or -pbkdf2 would be better.
*** WARNING : deprecated key derivation used.
Using -iter or -pbkdf2 would be better.
bad decrypt
4057015A18750000:error:1C800064:Provider routines:ossl_cipher_unpadblock:bad decrypt:../providers/implementations/ciphers/ciphercommon_block.c:124:
*** WARNING : deprecated key derivation used.
Using -iter or -pbkdf2 would be better.
bad decrypt
4017D60BFD720000:error:1C800064:Provider routines:ossl_cipher_unpadblock:bad decrypt:../providers/implementations/ciphers/ciphercommon_block.c:124:
*** WARNING : deprecated key derivation used.
Using -iter or -pbkdf2 would be better.
bad decrypt
4027FA861B7B0000:error:1C800064:Provider routines:ossl_cipher_unpadblock:bad decrypt:../providers/implementations/ciphers/ciphercommon_block.c:124:
*** WARNING : deprecated key derivation used.
Using -iter or -pbkdf2 would be better.
*** WARNING : deprecated key derivation used.
Using -iter or -pbkdf2 would be better.
*** WARNING : deprecated key derivation used.
Using -iter or -pbkdf2 would be better.
*** WARNING : deprecated key derivation used.
Using -iter or -pbkdf2 would be better.
bad decrypt
40D7FF07B1770000:error:1C800064:Provider routines:ossl_cipher_unpadblock:bad decrypt:../providers/implementations/ciphers/ciphercommon_block.c:124:
*** WARNING : deprecated key derivation used.
Using -iter or -pbkdf2 would be better.
bad decrypt
40F799EDE6780000:error:1C800064:Provider routines:ossl_cipher_unpadblock:bad decrypt:../providers/implementations/ciphers/ciphercommon_block.c:124:
*** WARNING : deprecated key derivation used.
Using -iter or -pbkdf2 would be better.
bad decrypt
4057282E66700000:error:1C800064:Provider routines:ossl_cipher_unpadblock:bad decrypt:../providers/implementations/ciphers/ciphercommon_block.c:124:
*** WARNING : deprecated key derivation used.
Using -iter or -pbkdf2 would be better.
*** WARNING : deprecated key derivation used.
Using -iter or -pbkdf2 would be better.
*** WARNING : deprecated key derivation used.
Using -iter or -pbkdf2 would be better.
*** WARNING : deprecated key derivation used.
Using -iter or -pbkdf2 would be better.
*** WARNING : deprecated key derivation used.
Using -iter or -pbkdf2 would be better.
*** WARNING : deprecated key derivation used.
Using -iter or -pbkdf2 would be better.
*** WARNING : deprecated key derivation used.
Using -iter or -pbkdf2 would be better.
*** WARNING : deprecated key derivation used.
Using -iter or -pbkdf2 would be better.
*** WARNING : deprecated key derivation used.
Using -iter or -pbkdf2 would be better.
*** WARNING : deprecated key derivation used.
Using -iter or -pbkdf2 would be better.
*** WARNING : deprecated key derivation used.
Using -iter or -pbkdf2 would be better.
*** WARNING : deprecated key derivation used.
Using -iter or -pbkdf2 would be better.
*** WARNING : deprecated key derivation used.
Using -iter or -pbkdf2 would be better.
bad decrypt
40D7C65F40750000:error:1C800064:Provider routines:ossl_cipher_unpadblock:bad decrypt:../providers/implementations/ciphers/ciphercommon_block.c:124:
*** WARNING : deprecated key derivation used.
Using -iter or -pbkdf2 would be better.
bad decrypt
4087C7DD1F7C0000:error:1C800064:Provider routines:ossl_cipher_unpadblock:bad decrypt:../providers/implementations/ciphers/ciphercommon_block.c:124:
*** WARNING : deprecated key derivation used.
Using -iter or -pbkdf2 would be better.
bad decrypt
40E73461FB720000:error:1C800064:Provider routines:ossl_cipher_unpadblock:bad decrypt:../providers/implementations/ciphers/ciphercommon_block.c:124:
*** WARNING : deprecated key derivation used.
Using -iter or -pbkdf2 would be better.
*** WARNING : deprecated key derivation used.
Using -iter or -pbkdf2 would be better.
*** WARNING : deprecated key derivation used.
Using -iter or -pbkdf2 would be better.
*** WARNING : deprecated key derivation used.
Using -iter or -pbkdf2 would be better.
bad decrypt
40572267DC790000:error:1C800064:Provider routines:ossl_cipher_unpadblock:bad decrypt:../providers/implementations/ciphers/ciphercommon_block.c:124:
*** WARNING : deprecated key derivation used.
Using -iter or -pbkdf2 would be better.
bad decrypt
4017F884707A0000:error:1C800064:Provider routines:ossl_cipher_unpadblock:bad decrypt:../providers/implementations/ciphers/ciphercommon_block.c:129:
*** WARNING : deprecated key derivation used.
Using -iter or -pbkdf2 would be better.
bad decrypt
4017993740780000:error:1C800064:Provider routines:ossl_cipher_unpadblock:bad decrypt:../providers/implementations/ciphers/ciphercommon_block.c:124:
*** WARNING : deprecated key derivation used.
Using -iter or -pbkdf2 would be better.
*** WARNING : deprecated key derivation used.
Using -iter or -pbkdf2 would be better.
*** WARNING : deprecated key derivation used.
Using -iter or -pbkdf2 would be better.
*** WARNING : deprecated key derivation used.
Using -iter or -pbkdf2 would be better.
*** WARNING : deprecated key derivation used.
Using -iter or -pbkdf2 would be better.
*** WARNING : deprecated key derivation used.
Using -iter or -pbkdf2 would be better.
*** WARNING : deprecated key derivation used.
Using -iter or -pbkdf2 would be better.
*** WARNING : deprecated key derivation used.
Using -iter or -pbkdf2 would be better.
*** WARNING : deprecated key derivation used.
Using -iter or -pbkdf2 would be better.
*** WARNING : deprecated key derivation used.
Using -iter or -pbkdf2 would be better.
*** WARNING : deprecated key derivation used.
Using -iter or -pbkdf2 would be better.
*** WARNING : deprecated key derivation used.
Using -iter or -pbkdf2 would be better.
*** WARNING : deprecated key derivation used.
Using -iter or -pbkdf2 would be better.
bad decrypt
4017FDA39E7E0000:error:1C800064:Provider routines:ossl_cipher_unpadblock:bad decrypt:../providers/implementations/ciphers/ciphercommon_block.c:124:
*** WARNING : deprecated key derivation used.
Using -iter or -pbkdf2 would be better.
bad decrypt
4047198CA9760000:error:1C800064:Provider routines:ossl_cipher_unpadblock:bad decrypt:../providers/implementations/ciphers/ciphercommon_block.c:124:
*** WARNING : deprecated key derivation used.
Using -iter or -pbkdf2 would be better.
bad decrypt
40E71F238E770000:error:1C800064:Provider routines:ossl_cipher_unpadblock:bad decrypt:../providers/implementations/ciphers/ciphercommon_block.c:124:
*** WARNING : deprecated key derivation used.
Using -iter or -pbkdf2 would be better.
*** WARNING : deprecated key derivation used.
Using -iter or -pbkdf2 would be better.
*** WARNING : deprecated key derivation used.
Using -iter or -pbkdf2 would be better.
*** WARNING : deprecated key derivation used.
Using -iter or -pbkdf2 would be better.
bad decrypt
40573FCFE67C0000:error:1C800064:Provider routines:ossl_cipher_unpadblock:bad decrypt:../providers/implementations/ciphers/ciphercommon_block.c:124:
*** WARNING : deprecated key derivation used.
Using -iter or -pbkdf2 would be better.
bad decrypt
40C7DE13FC720000:error:1C800064:Provider routines:ossl_cipher_unpadblock:bad decrypt:../providers/implementations/ciphers/ciphercommon_block.c:124:
*** WARNING : deprecated key derivation used.
Using -iter or -pbkdf2 would be better.
bad decrypt
40075260EB7E0000:error:1C800064:Provider routines:ossl_cipher_unpadblock:bad decrypt:../providers/implementations/ciphers/ciphercommon_block.c:124:
*** WARNING : deprecated key derivation used.
Using -iter or -pbkdf2 would be better.
bad decrypt
40E7027B03760000:error:1C800064:Provider routines:ossl_cipher_unpadblock:bad decrypt:../providers/implementations/ciphers/ciphercommon_block.c:124:
*** WARNING : deprecated key derivation used.
Using -iter or -pbkdf2 would be better.
bad decrypt
4047FE15767F0000:error:1C800064:Provider routines:ossl_cipher_unpadblock:bad decrypt:../providers/implementations/ciphers/ciphercommon_block.c:124:
*** WARNING : deprecated key derivation used.
Using -iter or -pbkdf2 would be better.
bad decrypt
40B77A9D777D0000:error:1C800064:Provider routines:ossl_cipher_unpadblock:bad decrypt:../providers/implementations/ciphers/ciphercommon_block.c:124:
*** WARNING : deprecated key derivation used.
Using -iter or -pbkdf2 would be better.
bad decrypt
40D7AA78257E0000:error:1C800064:Provider routines:ossl_cipher_unpadblock:bad decrypt:../providers/implementations/ciphers/ciphercommon_block.c:124:
*** WARNING : deprecated key derivation used.
Using -iter or -pbkdf2 would be better.
bad decrypt
40F7A862197E0000:error:1C800064:Provider routines:ossl_cipher_unpadblock:bad decrypt:../providers/implementations/ciphers/ciphercommon_block.c:129:
*** WARNING : deprecated key derivation used.
Using -iter or -pbkdf2 would be better.
bad decrypt
40177F6B8B7E0000:error:1C800064:Provider routines:ossl_cipher_unpadblock:bad decrypt:../providers/implementations/ciphers/ciphercommon_block.c:124:
*** WARNING : deprecated key derivation used.
Using -iter or -pbkdf2 would be better.
Error setting cipher CAST5-CBC
40C75958CD760000:error:0308010C:digital envelope routines:inner_evp_generic_fetch:unsupported:../crypto/evp/evp_fetch.c:386:Global default library context, Algorithm (CAST5-CBC : 18), Properties ()
*** WARNING : deprecated key derivation used.
Using -iter or -pbkdf2 would be better.
Error setting cipher CAST5-CBC
4077DF85B0780000:error:0308010C:digital envelope routines:inner_evp_generic_fetch:unsupported:../crypto/evp/evp_fetch.c:386:Global default library context, Algorithm (CAST5-CBC : 18), Properties ()
*** WARNING : deprecated key derivation used.
Using -iter or -pbkdf2 would be better.
Error setting cipher CAST5-CBC
4007887988770000:error:0308010C:digital envelope routines:inner_evp_generic_fetch:unsupported:../crypto/evp/evp_fetch.c:386:Global default library context, Algorithm (CAST5-CBC : 18), Properties ()
*** WARNING : deprecated key derivation used.
Using -iter or -pbkdf2 would be better.
Error setting cipher CAST5-CBC
4077E65F5E750000:error:0308010C:digital envelope routines:inner_evp_generic_fetch:unsupported:../crypto/evp/evp_fetch.c:386:Global default library context, Algorithm (CAST5-CBC : 18), Properties ()
*** WARNING : deprecated key derivation used.
Using -iter or -pbkdf2 would be better.
Error setting cipher CAST5-CBC
402757B5F9790000:error:0308010C:digital envelope routines:inner_evp_generic_fetch:unsupported:../crypto/evp/evp_fetch.c:386:Global default library context, Algorithm (CAST5-CBC : 18), Properties ()
*** WARNING : deprecated key derivation used.
Using -iter or -pbkdf2 would be better.
Error setting cipher CAST5-CBC
404711BE86750000:error:0308010C:digital envelope routines:inner_evp_generic_fetch:unsupported:../crypto/evp/evp_fetch.c:386:Global default library context, Algorithm (CAST5-CBC : 18), Properties ()
*** WARNING : deprecated key derivation used.
Using -iter or -pbkdf2 would be better.
Error setting cipher CAST5-CBC
40A78610BC7B0000:error:0308010C:digital envelope routines:inner_evp_generic_fetch:unsupported:../crypto/evp/evp_fetch.c:386:Global default library context, Algorithm (CAST5-CBC : 18), Properties ()
*** WARNING : deprecated key derivation used.
Using -iter or -pbkdf2 would be better.
Error setting cipher CAST5-CBC
402742FE62760000:error:0308010C:digital envelope routines:inner_evp_generic_fetch:unsupported:../crypto/evp/evp_fetch.c:386:Global default library context, Algorithm (CAST5-CBC : 18), Properties ()
*** WARNING : deprecated key derivation used.
Using -iter or -pbkdf2 would be better.
Error setting cipher CAST5-CBC
40174D902D7F0000:error:0308010C:digital envelope routines:inner_evp_generic_fetch:unsupported:../crypto/evp/evp_fetch.c:386:Global default library context, Algorithm (CAST5-CBC : 18), Properties ()
*** WARNING : deprecated key derivation used.
Using -iter or -pbkdf2 would be better.
Error setting cipher CAST5-CFB
40A7AF4473780000:error:0308010C:digital envelope routines:inner_evp_generic_fetch:unsupported:../crypto/evp/evp_fetch.c:386:Global default library context, Algorithm (CAST5-CFB : 0), Properties ()
*** WARNING : deprecated key derivation used.
Using -iter or -pbkdf2 would be better.
Error setting cipher CAST5-CFB
40F7A620177E0000:error:0308010C:digital envelope routines:inner_evp_generic_fetch:unsupported:../crypto/evp/evp_fetch.c:386:Global default library context, Algorithm (CAST5-CFB : 0), Properties ()
*** WARNING : deprecated key derivation used.
Using -iter or -pbkdf2 would be better.
Error setting cipher CAST5-CFB
4067BC008F760000:error:0308010C:digital envelope routines:inner_evp_generic_fetch:unsupported:../crypto/evp/evp_fetch.c:386:Global default library context, Algorithm (CAST5-CFB : 0), Properties ()
*** WARNING : deprecated key derivation used.
Using -iter or -pbkdf2 would be better.
Error setting cipher CAST5-ECB
40B72A339D7B0000:error:0308010C:digital envelope routines:inner_evp_generic_fetch:unsupported:../crypto/evp/evp_fetch.c:386:Global default library context, Algorithm (CAST5-ECB : 0), Properties ()
*** WARNING : deprecated key derivation used.
Using -iter or -pbkdf2 would be better.
Error setting cipher CAST5-ECB
4047AB4435780000:error:0308010C:digital envelope routines:inner_evp_generic_fetch:unsupported:../crypto/evp/evp_fetch.c:386:Global default library context, Algorithm (CAST5-ECB : 0), Properties ()
*** WARNING : deprecated key derivation used.
Using -iter or -pbkdf2 would be better.
Error setting cipher CAST5-ECB
40674624D3770000:error:0308010C:digital envelope routines:inner_evp_generic_fetch:unsupported:../crypto/evp/evp_fetch.c:386:Global default library context, Algorithm (CAST5-ECB : 0), Properties ()
*** WARNING : deprecated key derivation used.
Using -iter or -pbkdf2 would be better.
Error setting cipher CAST5-OFB
4037D1802C7A0000:error:0308010C:digital envelope routines:inner_evp_generic_fetch:unsupported:../crypto/evp/evp_fetch.c:386:Global default library context, Algorithm (CAST5-OFB : 0), Properties ()
*** WARNING : deprecated key derivation used.
Using -iter or -pbkdf2 would be better.
Error setting cipher CAST5-OFB
4097C4070A790000:error:0308010C:digital envelope routines:inner_evp_generic_fetch:unsupported:../crypto/evp/evp_fetch.c:386:Global default library context, Algorithm (CAST5-OFB : 0), Properties ()
*** WARNING : deprecated key derivation used.
Using -iter or -pbkdf2 would be better.
Error setting cipher CAST5-OFB
4027ECA5B87B0000:error:0308010C:digital envelope routines:inner_evp_generic_fetch:unsupported:../crypto/evp/evp_fetch.c:386:Global default library context, Algorithm (CAST5-OFB : 0), Properties ()
*** WARNING : deprecated key derivation used.
Using -iter or -pbkdf2 would be better.
*** WARNING : deprecated key derivation used.
Using -iter or -pbkdf2 would be better.
*** WARNING : deprecated key derivation used.
Using -iter or -pbkdf2 would be better.
*** WARNING : deprecated key derivation used.
Using -iter or -pbkdf2 would be better.
Error setting cipher DES-CBC
4077BA87AF7A0000:error:0308010C:digital envelope routines:inner_evp_generic_fetch:unsupported:../crypto/evp/evp_fetch.c:386:Global default library context, Algorithm (DES-CBC : 8), Properties ()
*** WARNING : deprecated key derivation used.
Using -iter or -pbkdf2 would be better.
Error setting cipher DES-CBC
402755E1537D0000:error:0308010C:digital envelope routines:inner_evp_generic_fetch:unsupported:../crypto/evp/evp_fetch.c:386:Global default library context, Algorithm (DES-CBC : 8), Properties ()
*** WARNING : deprecated key derivation used.
Using -iter or -pbkdf2 would be better.
Error setting cipher DES-CBC
4007DA30B2740000:error:0308010C:digital envelope routines:inner_evp_generic_fetch:unsupported:../crypto/evp/evp_fetch.c:386:Global default library context, Algorithm (DES-CBC : 8), Properties ()
*** WARNING : deprecated key derivation used.
Using -iter or -pbkdf2 would be better.
Error setting cipher DES-CBC
4037590F66750000:error:0308010C:digital envelope routines:inner_evp_generic_fetch:unsupported:../crypto/evp/evp_fetch.c:386:Global default library context, Algorithm (DES-CBC : 8), Properties ()
*** WARNING : deprecated key derivation used.
Using -iter or -pbkdf2 would be better.
Error setting cipher DES-CBC
40277EB53B760000:error:0308010C:digital envelope routines:inner_evp_generic_fetch:unsupported:../crypto/evp/evp_fetch.c:386:Global default library context, Algorithm (DES-CBC : 8), Properties ()
*** WARNING : deprecated key derivation used.
Using -iter or -pbkdf2 would be better.
Error setting cipher DES-CBC
40671034A9790000:error:0308010C:digital envelope routines:inner_evp_generic_fetch:unsupported:../crypto/evp/evp_fetch.c:386:Global default library context, Algorithm (DES-CBC : 8), Properties ()
*** WARNING : deprecated key derivation used.
Using -iter or -pbkdf2 would be better.
Error setting cipher DES-CFB
408768D7A1740000:error:0308010C:digital envelope routines:inner_evp_generic_fetch:unsupported:../crypto/evp/evp_fetch.c:386:Global default library context, Algorithm (DES-CFB : 38), Properties ()
*** WARNING : deprecated key derivation used.
Using -iter or -pbkdf2 would be better.
Error setting cipher DES-CFB
40F7DD7EA77F0000:error:0308010C:digital envelope routines:inner_evp_generic_fetch:unsupported:../crypto/evp/evp_fetch.c:386:Global default library context, Algorithm (DES-CFB : 38), Properties ()
*** WARNING : deprecated key derivation used.
Using -iter or -pbkdf2 would be better.
Error setting cipher DES-CFB
4087271577700000:error:0308010C:digital envelope routines:inner_evp_generic_fetch:unsupported:../crypto/evp/evp_fetch.c:386:Global default library context, Algorithm (DES-CFB : 38), Properties ()
*** WARNING : deprecated key derivation used.
Using -iter or -pbkdf2 would be better.
Error setting cipher DES-CFB1
406719302E7B0000:error:0308010C:digital envelope routines:inner_evp_generic_fetch:unsupported:../crypto/evp/evp_fetch.c:386:Global default library context, Algorithm (DES-CFB1 : 0), Properties ()
*** WARNING : deprecated key derivation used.
Using -iter or -pbkdf2 would be better.
Error setting cipher DES-CFB1
40277921E8790000:error:0308010C:digital envelope routines:inner_evp_generic_fetch:unsupported:../crypto/evp/evp_fetch.c:386:Global default library context, Algorithm (DES-CFB1 : 0), Properties ()
*** WARNING : deprecated key derivation used.
Using -iter or -pbkdf2 would be better.
Error setting cipher DES-CFB1
40376B12DC700000:error:0308010C:digital envelope routines:inner_evp_generic_fetch:unsupported:../crypto/evp/evp_fetch.c:386:Global default library context, Algorithm (DES-CFB1 : 0), Properties ()
*** WARNING : deprecated key derivation used.
Using -iter or -pbkdf2 would be better.
Error setting cipher DES-CFB8
40B78A8D7D760000:error:0308010C:digital envelope routines:inner_evp_generic_fetch:unsupported:../crypto/evp/evp_fetch.c:386:Global default library context, Algorithm (DES-CFB8 : 0), Properties ()
*** WARNING : deprecated key derivation used.
Using -iter or -pbkdf2 would be better.
Error setting cipher DES-CFB8
4087B2F590780000:error:0308010C:digital envelope routines:inner_evp_generic_fetch:unsupported:../crypto/evp/evp_fetch.c:386:Global default library context, Algorithm (DES-CFB8 : 0), Properties ()
*** WARNING : deprecated key derivation used.
Using -iter or -pbkdf2 would be better.
Error setting cipher DES-CFB8
403711A139750000:error:0308010C:digital envelope routines:inner_evp_generic_fetch:unsupported:../crypto/evp/evp_fetch.c:386:Global default library context, Algorithm (DES-CFB8 : 0), Properties ()
*** WARNING : deprecated key derivation used.
Using -iter or -pbkdf2 would be better.
Error setting cipher DES-ECB
40D75E6608700000:error:0308010C:digital envelope routines:inner_evp_generic_fetch:unsupported:../crypto/evp/evp_fetch.c:386:Global default library context, Algorithm (DES-ECB : 1), Properties ()
*** WARNING : deprecated key derivation used.
Using -iter or -pbkdf2 would be better.
Error setting cipher DES-ECB
4067234EC2740000:error:0308010C:digital envelope routines:inner_evp_generic_fetch:unsupported:../crypto/evp/evp_fetch.c:386:Global default library context, Algorithm (DES-ECB : 1), Properties ()
*** WARNING : deprecated key derivation used.
Using -iter or -pbkdf2 would be better.
Error setting cipher DES-ECB
4007761FF1790000:error:0308010C:digital envelope routines:inner_evp_generic_fetch:unsupported:../crypto/evp/evp_fetch.c:386:Global default library context, Algorithm (DES-ECB : 1), Properties ()
*** WARNING : deprecated key derivation used.
Using -iter or -pbkdf2 would be better.
bad decrypt
40375E821E7A0000:error:1C800064:Provider routines:ossl_cipher_unpadblock:bad decrypt:../providers/implementations/ciphers/ciphercommon_block.c:124:
*** WARNING : deprecated key derivation used.
Using -iter or -pbkdf2 would be better.
bad decrypt
40C7525E87780000:error:1C800064:Provider routines:ossl_cipher_unpadblock:bad decrypt:../providers/implementations/ciphers/ciphercommon_block.c:124:
*** WARNING : deprecated key derivation used.
Using -iter or -pbkdf2 would be better.
bad decrypt
40273546957B0000:error:1C800064:Provider routines:ossl_cipher_unpadblock:bad decrypt:../providers/implementations/ciphers/ciphercommon_block.c:124:
*** WARNING : deprecated key derivation used.
Using -iter or -pbkdf2 would be better.
bad decrypt
4067A19F06780000:error:1C800064:Provider routines:ossl_cipher_unpadblock:bad decrypt:../providers/implementations/ciphers/ciphercommon_block.c:124:
*** WARNING : deprecated key derivation used.
Using -iter or -pbkdf2 would be better.
bad decrypt
40471354B7750000:error:1C800064:Provider routines:ossl_cipher_unpadblock:bad decrypt:../providers/implementations/ciphers/ciphercommon_block.c:124:
*** WARNING : deprecated key derivation used.
Using -iter or -pbkdf2 would be better.
bad decrypt
40D7AFD8E17A0000:error:1C800064:Provider routines:ossl_cipher_unpadblock:bad decrypt:../providers/implementations/ciphers/ciphercommon_block.c:124:
*** WARNING : deprecated key derivation used.
Using -iter or -pbkdf2 would be better.
*** WARNING : deprecated key derivation used.
Using -iter or -pbkdf2 would be better.
*** WARNING : deprecated key derivation used.
Using -iter or -pbkdf2 would be better.
*** WARNING : deprecated key derivation used.
Using -iter or -pbkdf2 would be better.
bad decrypt
40C726B71A720000:error:1C800064:Provider routines:ossl_cipher_unpadblock:bad decrypt:../providers/implementations/ciphers/ciphercommon_block.c:124:
*** WARNING : deprecated key derivation used.
Using -iter or -pbkdf2 would be better.
bad decrypt
40B7A45D197C0000:error:1C800064:Provider routines:ossl_cipher_unpadblock:bad decrypt:../providers/implementations/ciphers/ciphercommon_block.c:124:
*** WARNING : deprecated key derivation used.
Using -iter or -pbkdf2 would be better.
bad decrypt
40D7B9396D7D0000:error:1C800064:Provider routines:ossl_cipher_unpadblock:bad decrypt:../providers/implementations/ciphers/ciphercommon_block.c:124:
*** WARNING : deprecated key derivation used.
Using -iter or -pbkdf2 would be better.
*** WARNING : deprecated key derivation used.
Using -iter or -pbkdf2 would be better.
*** WARNING : deprecated key derivation used.
Using -iter or -pbkdf2 would be better.
*** WARNING : deprecated key derivation used.
Using -iter or -pbkdf2 would be better.
bad decrypt
4027079F8F790000:error:1C800064:Provider routines:ossl_cipher_unpadblock:bad decrypt:../providers/implementations/ciphers/ciphercommon_block.c:124:
*** WARNING : deprecated key derivation used.
Using -iter or -pbkdf2 would be better.
bad decrypt
40A79A824C790000:error:1C800064:Provider routines:ossl_cipher_unpadblock:bad decrypt:../providers/implementations/ciphers/ciphercommon_block.c:124:
*** WARNING : deprecated key derivation used.
Using -iter or -pbkdf2 would be better.
bad decrypt
402773D96F770000:error:1C800064:Provider routines:ossl_cipher_unpadblock:bad decrypt:../providers/implementations/ciphers/ciphercommon_block.c:124:
*** WARNING : deprecated key derivation used.
Using -iter or -pbkdf2 would be better.
bad decrypt
40D74D3E7E770000:error:1C800064:Provider routines:ossl_cipher_unpadblock:bad decrypt:../providers/implementations/ciphers/ciphercommon_block.c:124:
*** WARNING : deprecated key derivation used.
Using -iter or -pbkdf2 would be better.
bad decrypt
40D7D459C1730000:error:1C800064:Provider routines:ossl_cipher_unpadblock:bad decrypt:../providers/implementations/ciphers/ciphercommon_block.c:124:
*** WARNING : deprecated key derivation used.
Using -iter or -pbkdf2 would be better.
bad decrypt
4047E084D77D0000:error:1C800064:Provider routines:ossl_cipher_unpadblock:bad decrypt:../providers/implementations/ciphers/ciphercommon_block.c:124:
*** WARNING : deprecated key derivation used.
Using -iter or -pbkdf2 would be better.
*** WARNING : deprecated key derivation used.
Using -iter or -pbkdf2 would be better.
*** WARNING : deprecated key derivation used.
Using -iter or -pbkdf2 would be better.
*** WARNING : deprecated key derivation used.
Using -iter or -pbkdf2 would be better.
*** WARNING : deprecated key derivation used.
Using -iter or -pbkdf2 would be better.
*** WARNING : deprecated key derivation used.
Using -iter or -pbkdf2 would be better.
*** WARNING : deprecated key derivation used.
Using -iter or -pbkdf2 would be better.
*** WARNING : deprecated key derivation used.
Using -iter or -pbkdf2 would be better.
*** WARNING : deprecated key derivation used.
Using -iter or -pbkdf2 would be better.
*** WARNING : deprecated key derivation used.
Using -iter or -pbkdf2 would be better.
bad decrypt
403729F14D790000:error:1C800064:Provider routines:ossl_cipher_unpadblock:bad decrypt:../providers/implementations/ciphers/ciphercommon_block.c:124:
*** WARNING : deprecated key derivation used.
Using -iter or -pbkdf2 would be better.
bad decrypt
40975D952A710000:error:1C800064:Provider routines:ossl_cipher_unpadblock:bad decrypt:../providers/implementations/ciphers/ciphercommon_block.c:124:
*** WARNING : deprecated key derivation used.
Using -iter or -pbkdf2 would be better.
bad decrypt
40C7E971AD730000:error:1C800064:Provider routines:ossl_cipher_unpadblock:bad decrypt:../providers/implementations/ciphers/ciphercommon_block.c:124:
*** WARNING : deprecated key derivation used.
Using -iter or -pbkdf2 would be better.
*** WARNING : deprecated key derivation used.
Using -iter or -pbkdf2 would be better.
*** WARNING : deprecated key derivation used.
Using -iter or -pbkdf2 would be better.
*** WARNING : deprecated key derivation used.
Using -iter or -pbkdf2 would be better.
Error setting cipher DES-OFB
4067FA7EBA710000:error:0308010C:digital envelope routines:inner_evp_generic_fetch:unsupported:../crypto/evp/evp_fetch.c:386:Global default library context, Algorithm (DES-OFB : 66), Properties ()
*** WARNING : deprecated key derivation used.
Using -iter or -pbkdf2 would be better.
Error setting cipher DES-OFB
4007D0D96C770000:error:0308010C:digital envelope routines:inner_evp_generic_fetch:unsupported:../crypto/evp/evp_fetch.c:386:Global default library context, Algorithm (DES-OFB : 66), Properties ()
*** WARNING : deprecated key derivation used.
Using -iter or -pbkdf2 would be better.
Error setting cipher DES-OFB
40C7ED5581730000:error:0308010C:digital envelope routines:inner_evp_generic_fetch:unsupported:../crypto/evp/evp_fetch.c:386:Global default library context, Algorithm (DES-OFB : 66), Properties ()
*** WARNING : deprecated key derivation used.
Using -iter or -pbkdf2 would be better.
bad decrypt
409799E178750000:error:1C800064:Provider routines:ossl_cipher_unpadblock:bad decrypt:../providers/implementations/ciphers/ciphercommon_block.c:124:
*** WARNING : deprecated key derivation used.
Using -iter or -pbkdf2 would be better.
bad decrypt
4017DCD93E7C0000:error:1C800064:Provider routines:ossl_cipher_unpadblock:bad decrypt:../providers/implementations/ciphers/ciphercommon_block.c:124:
*** WARNING : deprecated key derivation used.
Using -iter or -pbkdf2 would be better.
bad decrypt
40A7B0C951770000:error:1C800064:Provider routines:ossl_cipher_unpadblock:bad decrypt:../providers/implementations/ciphers/ciphercommon_block.c:124:
*** WARNING : deprecated key derivation used.
Using -iter or -pbkdf2 would be better.
error writing output file
40D7E792697A0000:error:1C800066:Provider routines:tdes_wrap_update:cipher operation failed:../providers/implementations/ciphers/cipher_tdes_wrap.c:164:
*** WARNING : deprecated key derivation used.
Using -iter or -pbkdf2 would be better.
*** WARNING : deprecated key derivation used.
Using -iter or -pbkdf2 would be better.
*** WARNING : deprecated key derivation used.
Using -iter or -pbkdf2 would be better.
Error setting cipher DESX-CBC
4007B6315F700000:error:0308010C:digital envelope routines:inner_evp_generic_fetch:unsupported:../crypto/evp/evp_fetch.c:386:Global default library context, Algorithm (DESX-CBC : 0), Properties ()
*** WARNING : deprecated key derivation used.
Using -iter or -pbkdf2 would be better.
Error setting cipher DESX-CBC
402728DBAB760000:error:0308010C:digital envelope routines:inner_evp_generic_fetch:unsupported:../crypto/evp/evp_fetch.c:386:Global default library context, Algorithm (DESX-CBC : 0), Properties ()
*** WARNING : deprecated key derivation used.
Using -iter or -pbkdf2 would be better.
Error setting cipher DESX-CBC
4077620225720000:error:0308010C:digital envelope routines:inner_evp_generic_fetch:unsupported:../crypto/evp/evp_fetch.c:386:Global default library context, Algorithm (DESX-CBC : 0), Properties ()
*** WARNING : deprecated key derivation used.
Using -iter or -pbkdf2 would be better.
Error setting cipher DESX-CBC
4027026FD0700000:error:0308010C:digital envelope routines:inner_evp_generic_fetch:unsupported:../crypto/evp/evp_fetch.c:386:Global default library context, Algorithm (DESX-CBC : 0), Properties ()
*** WARNING : deprecated key derivation used.
Using -iter or -pbkdf2 would be better.
Error setting cipher DESX-CBC
40479639047C0000:error:0308010C:digital envelope routines:inner_evp_generic_fetch:unsupported:../crypto/evp/evp_fetch.c:386:Global default library context, Algorithm (DESX-CBC : 0), Properties ()
*** WARNING : deprecated key derivation used.
Using -iter or -pbkdf2 would be better.
Error setting cipher DESX-CBC
4067C50B9D770000:error:0308010C:digital envelope routines:inner_evp_generic_fetch:unsupported:../crypto/evp/evp_fetch.c:386:Global default library context, Algorithm (DESX-CBC : 0), Properties ()
*** WARNING : deprecated key derivation used.
Using -iter or -pbkdf2 would be better.
error writing output file
403712FEFB740000:error:1C800066:Provider routines:aes_wrap_cipher_internal:cipher operation failed:../providers/implementations/ciphers/cipher_aes_wrp.c:212:
403712FEFB740000:error:030000BD:digital envelope routines:EVP_DecryptUpdate:update error:../crypto/evp/evp_enc.c:837:
*** WARNING : deprecated key derivation used.
Using -iter or -pbkdf2 would be better.
*** WARNING : deprecated key derivation used.
Using -iter or -pbkdf2 would be better.
*** WARNING : deprecated key derivation used.
Using -iter or -pbkdf2 would be better.
error writing output file
40D79F6BAD720000:error:1C800066:Provider routines:aes_wrap_cipher_internal:cipher operation failed:../providers/implementations/ciphers/cipher_aes_wrp.c:212:
40D79F6BAD720000:error:030000BD:digital envelope routines:EVP_DecryptUpdate:update error:../crypto/evp/evp_enc.c:837:
*** WARNING : deprecated key derivation used.
Using -iter or -pbkdf2 would be better.
*** WARNING : deprecated key derivation used.
Using -iter or -pbkdf2 would be better.
*** WARNING : deprecated key derivation used.
Using -iter or -pbkdf2 would be better.
error writing output file
40B780FA4D740000:error:1C800066:Provider routines:aes_wrap_cipher_internal:cipher operation failed:../providers/implementations/ciphers/cipher_aes_wrp.c:212:
40B780FA4D740000:error:030000BD:digital envelope routines:EVP_DecryptUpdate:update error:../crypto/evp/evp_enc.c:837:
*** WARNING : deprecated key derivation used.
Using -iter or -pbkdf2 would be better.
*** WARNING : deprecated key derivation used.
Using -iter or -pbkdf2 would be better.
*** WARNING : deprecated key derivation used.
Using -iter or -pbkdf2 would be better.
error writing output file
40778F40A6740000:error:1C800066:Provider routines:aes_wrap_cipher_internal:cipher operation failed:../providers/implementations/ciphers/cipher_aes_wrp.c:212:
40778F40A6740000:error:030000BD:digital envelope routines:EVP_DecryptUpdate:update error:../crypto/evp/evp_enc.c:837:
*** WARNING : deprecated key derivation used.
Using -iter or -pbkdf2 would be better.
*** WARNING : deprecated key derivation used.
Using -iter or -pbkdf2 would be better.
*** WARNING : deprecated key derivation used.
Using -iter or -pbkdf2 would be better.
error writing output file
402716C0DB710000:error:1C800066:Provider routines:aes_wrap_cipher_internal:cipher operation failed:../providers/implementations/ciphers/cipher_aes_wrp.c:212:
402716C0DB710000:error:030000BD:digital envelope routines:EVP_DecryptUpdate:update error:../crypto/evp/evp_enc.c:837:
*** WARNING : deprecated key derivation used.
Using -iter or -pbkdf2 would be better.
*** WARNING : deprecated key derivation used.
Using -iter or -pbkdf2 would be better.
*** WARNING : deprecated key derivation used.
Using -iter or -pbkdf2 would be better.
error writing output file
40C72F4519730000:error:1C800066:Provider routines:aes_wrap_cipher_internal:cipher operation failed:../providers/implementations/ciphers/cipher_aes_wrp.c:212:
40C72F4519730000:error:030000BD:digital envelope routines:EVP_DecryptUpdate:update error:../crypto/evp/evp_enc.c:837:
*** WARNING : deprecated key derivation used.
Using -iter or -pbkdf2 would be better.
*** WARNING : deprecated key derivation used.
Using -iter or -pbkdf2 would be better.
*** WARNING : deprecated key derivation used.
Using -iter or -pbkdf2 would be better.
error writing output file
40C74F7C01770000:error:1C800066:Provider routines:tdes_wrap_update:cipher operation failed:../providers/implementations/ciphers/cipher_tdes_wrap.c:164:
*** WARNING : deprecated key derivation used.
Using -iter or -pbkdf2 would be better.
*** WARNING : deprecated key derivation used.
Using -iter or -pbkdf2 would be better.
*** WARNING : deprecated key derivation used.
Using -iter or -pbkdf2 would be better.
Error setting cipher RC2-CBC
402712226D740000:error:0308010C:digital envelope routines:inner_evp_generic_fetch:unsupported:../crypto/evp/evp_fetch.c:386:Global default library context, Algorithm (RC2-CBC : 4), Properties ()
*** WARNING : deprecated key derivation used.
Using -iter or -pbkdf2 would be better.
Error setting cipher RC2-CBC
4077376690730000:error:0308010C:digital envelope routines:inner_evp_generic_fetch:unsupported:../crypto/evp/evp_fetch.c:386:Global default library context, Algorithm (RC2-CBC : 4), Properties ()
*** WARNING : deprecated key derivation used.
Using -iter or -pbkdf2 would be better.
Error setting cipher RC2-CBC
40175705AC730000:error:0308010C:digital envelope routines:inner_evp_generic_fetch:unsupported:../crypto/evp/evp_fetch.c:386:Global default library context, Algorithm (RC2-CBC : 4), Properties ()
*** WARNING : deprecated key derivation used.
Using -iter or -pbkdf2 would be better.
Error setting cipher RC2-CBC
40B75E0CE2720000:error:0308010C:digital envelope routines:inner_evp_generic_fetch:unsupported:../crypto/evp/evp_fetch.c:386:Global default library context, Algorithm (RC2-CBC : 4), Properties ()
*** WARNING : deprecated key derivation used.
Using -iter or -pbkdf2 would be better.
Error setting cipher RC2-CBC
40B7176A3C7C0000:error:0308010C:digital envelope routines:inner_evp_generic_fetch:unsupported:../crypto/evp/evp_fetch.c:386:Global default library context, Algorithm (RC2-CBC : 4), Properties ()
*** WARNING : deprecated key derivation used.
Using -iter or -pbkdf2 would be better.
Error setting cipher RC2-CBC
40973E6ACA7E0000:error:0308010C:digital envelope routines:inner_evp_generic_fetch:unsupported:../crypto/evp/evp_fetch.c:386:Global default library context, Algorithm (RC2-CBC : 4), Properties ()
*** WARNING : deprecated key derivation used.
Using -iter or -pbkdf2 would be better.
Error setting cipher RC2-40-CBC
40979B402D780000:error:0308010C:digital envelope routines:inner_evp_generic_fetch:unsupported:../crypto/evp/evp_fetch.c:386:Global default library context, Algorithm (RC2-40-CBC : 0), Properties ()
*** WARNING : deprecated key derivation used.
Using -iter or -pbkdf2 would be better.
Error setting cipher RC2-40-CBC
40A715D8BA7A0000:error:0308010C:digital envelope routines:inner_evp_generic_fetch:unsupported:../crypto/evp/evp_fetch.c:386:Global default library context, Algorithm (RC2-40-CBC : 0), Properties ()
*** WARNING : deprecated key derivation used.
Using -iter or -pbkdf2 would be better.
Error setting cipher RC2-40-CBC
40F75BBA2D740000:error:0308010C:digital envelope routines:inner_evp_generic_fetch:unsupported:../crypto/evp/evp_fetch.c:386:Global default library context, Algorithm (RC2-40-CBC : 0), Properties ()
*** WARNING : deprecated key derivation used.
Using -iter or -pbkdf2 would be better.
Error setting cipher RC2-40-CBC
40C75FDDC1780000:error:0308010C:digital envelope routines:inner_evp_generic_fetch:unsupported:../crypto/evp/evp_fetch.c:386:Global default library context, Algorithm (RC2-40-CBC : 0), Properties ()
*** WARNING : deprecated key derivation used.
Using -iter or -pbkdf2 would be better.
Error setting cipher RC2-40-CBC
40F7B6162A7E0000:error:0308010C:digital envelope routines:inner_evp_generic_fetch:unsupported:../crypto/evp/evp_fetch.c:386:Global default library context, Algorithm (RC2-40-CBC : 0), Properties ()
*** WARNING : deprecated key derivation used.
Using -iter or -pbkdf2 would be better.
Error setting cipher RC2-40-CBC
4067B9E2F97C0000:error:0308010C:digital envelope routines:inner_evp_generic_fetch:unsupported:../crypto/evp/evp_fetch.c:386:Global default library context, Algorithm (RC2-40-CBC : 0), Properties ()
*** WARNING : deprecated key derivation used.
Using -iter or -pbkdf2 would be better.
Error setting cipher RC2-64-CBC
402798FCBB7F0000:error:0308010C:digital envelope routines:inner_evp_generic_fetch:unsupported:../crypto/evp/evp_fetch.c:386:Global default library context, Algorithm (RC2-64-CBC : 0), Properties ()
*** WARNING : deprecated key derivation used.
Using -iter or -pbkdf2 would be better.
Error setting cipher RC2-64-CBC
4067DD2E987A0000:error:0308010C:digital envelope routines:inner_evp_generic_fetch:unsupported:../crypto/evp/evp_fetch.c:386:Global default library context, Algorithm (RC2-64-CBC : 0), Properties ()
*** WARNING : deprecated key derivation used.
Using -iter or -pbkdf2 would be better.
Error setting cipher RC2-64-CBC
40972BB38E7C0000:error:0308010C:digital envelope routines:inner_evp_generic_fetch:unsupported:../crypto/evp/evp_fetch.c:386:Global default library context, Algorithm (RC2-64-CBC : 0), Properties ()
*** WARNING : deprecated key derivation used.
Using -iter or -pbkdf2 would be better.
Error setting cipher RC2-64-CBC
4047344C67770000:error:0308010C:digital envelope routines:inner_evp_generic_fetch:unsupported:../crypto/evp/evp_fetch.c:386:Global default library context, Algorithm (RC2-64-CBC : 0), Properties ()
*** WARNING : deprecated key derivation used.
Using -iter or -pbkdf2 would be better.
Error setting cipher RC2-64-CBC
4067567CB57F0000:error:0308010C:digital envelope routines:inner_evp_generic_fetch:unsupported:../crypto/evp/evp_fetch.c:386:Global default library context, Algorithm (RC2-64-CBC : 0), Properties ()
*** WARNING : deprecated key derivation used.
Using -iter or -pbkdf2 would be better.
Error setting cipher RC2-64-CBC
40671426BC790000:error:0308010C:digital envelope routines:inner_evp_generic_fetch:unsupported:../crypto/evp/evp_fetch.c:386:Global default library context, Algorithm (RC2-64-CBC : 0), Properties ()
*** WARNING : deprecated key derivation used.
Using -iter or -pbkdf2 would be better.
Error setting cipher RC2-CBC
4067591E7B750000:error:0308010C:digital envelope routines:inner_evp_generic_fetch:unsupported:../crypto/evp/evp_fetch.c:386:Global default library context, Algorithm (RC2-CBC : 4), Properties ()
*** WARNING : deprecated key derivation used.
Using -iter or -pbkdf2 would be better.
Error setting cipher RC2-CBC
4007F79CD7710000:error:0308010C:digital envelope routines:inner_evp_generic_fetch:unsupported:../crypto/evp/evp_fetch.c:386:Global default library context, Algorithm (RC2-CBC : 4), Properties ()
*** WARNING : deprecated key derivation used.
Using -iter or -pbkdf2 would be better.
Error setting cipher RC2-CBC
40B7DDCFD0720000:error:0308010C:digital envelope routines:inner_evp_generic_fetch:unsupported:../crypto/evp/evp_fetch.c:386:Global default library context, Algorithm (RC2-CBC : 4), Properties ()
*** WARNING : deprecated key derivation used.
Using -iter or -pbkdf2 would be better.
Error setting cipher RC2-CFB
40578FEC497A0000:error:0308010C:digital envelope routines:inner_evp_generic_fetch:unsupported:../crypto/evp/evp_fetch.c:386:Global default library context, Algorithm (RC2-CFB : 0), Properties ()
*** WARNING : deprecated key derivation used.
Using -iter or -pbkdf2 would be better.
Error setting cipher RC2-CFB
4007FC6449710000:error:0308010C:digital envelope routines:inner_evp_generic_fetch:unsupported:../crypto/evp/evp_fetch.c:386:Global default library context, Algorithm (RC2-CFB : 0), Properties ()
*** WARNING : deprecated key derivation used.
Using -iter or -pbkdf2 would be better.
Error setting cipher RC2-CFB
4077A93331790000:error:0308010C:digital envelope routines:inner_evp_generic_fetch:unsupported:../crypto/evp/evp_fetch.c:386:Global default library context, Algorithm (RC2-CFB : 0), Properties ()
*** WARNING : deprecated key derivation used.
Using -iter or -pbkdf2 would be better.
Error setting cipher RC2-ECB
4087C3565F710000:error:0308010C:digital envelope routines:inner_evp_generic_fetch:unsupported:../crypto/evp/evp_fetch.c:386:Global default library context, Algorithm (RC2-ECB : 0), Properties ()
*** WARNING : deprecated key derivation used.
Using -iter or -pbkdf2 would be better.
Error setting cipher RC2-ECB
40071C61FE750000:error:0308010C:digital envelope routines:inner_evp_generic_fetch:unsupported:../crypto/evp/evp_fetch.c:386:Global default library context, Algorithm (RC2-ECB : 0), Properties ()
*** WARNING : deprecated key derivation used.
Using -iter or -pbkdf2 would be better.
Error setting cipher RC2-ECB
40C74F3D54750000:error:0308010C:digital envelope routines:inner_evp_generic_fetch:unsupported:../crypto/evp/evp_fetch.c:386:Global default library context, Algorithm (RC2-ECB : 0), Properties ()
*** WARNING : deprecated key derivation used.
Using -iter or -pbkdf2 would be better.
Error setting cipher RC2-OFB
4087D7D2E3710000:error:0308010C:digital envelope routines:inner_evp_generic_fetch:unsupported:../crypto/evp/evp_fetch.c:386:Global default library context, Algorithm (RC2-OFB : 0), Properties ()
*** WARNING : deprecated key derivation used.
Using -iter or -pbkdf2 would be better.
Error setting cipher RC2-OFB
401706F9777B0000:error:0308010C:digital envelope routines:inner_evp_generic_fetch:unsupported:../crypto/evp/evp_fetch.c:386:Global default library context, Algorithm (RC2-OFB : 0), Properties ()
*** WARNING : deprecated key derivation used.
Using -iter or -pbkdf2 would be better.
Error setting cipher RC2-OFB
40E71E88C2720000:error:0308010C:digital envelope routines:inner_evp_generic_fetch:unsupported:../crypto/evp/evp_fetch.c:386:Global default library context, Algorithm (RC2-OFB : 0), Properties ()
*** WARNING : deprecated key derivation used.
Using -iter or -pbkdf2 would be better.
Error setting cipher RC4
40D745B967770000:error:0308010C:digital envelope routines:inner_evp_generic_fetch:unsupported:../crypto/evp/evp_fetch.c:386:Global default library context, Algorithm (RC4 : 37), Properties ()
*** WARNING : deprecated key derivation used.
Using -iter or -pbkdf2 would be better.
Error setting cipher RC4
40E7E030357E0000:error:0308010C:digital envelope routines:inner_evp_generic_fetch:unsupported:../crypto/evp/evp_fetch.c:386:Global default library context, Algorithm (RC4 : 37), Properties ()
*** WARNING : deprecated key derivation used.
Using -iter or -pbkdf2 would be better.
Error setting cipher RC4
40F72D396C760000:error:0308010C:digital envelope routines:inner_evp_generic_fetch:unsupported:../crypto/evp/evp_fetch.c:386:Global default library context, Algorithm (RC4 : 37), Properties ()
*** WARNING : deprecated key derivation used.
Using -iter or -pbkdf2 would be better.
Error setting cipher RC4-40
4087F77E007A0000:error:0308010C:digital envelope routines:inner_evp_generic_fetch:unsupported:../crypto/evp/evp_fetch.c:386:Global default library context, Algorithm (RC4-40 : 0), Properties ()
*** WARNING : deprecated key derivation used.
Using -iter or -pbkdf2 would be better.
Error setting cipher RC4-40
40378F10DA790000:error:0308010C:digital envelope routines:inner_evp_generic_fetch:unsupported:../crypto/evp/evp_fetch.c:386:Global default library context, Algorithm (RC4-40 : 0), Properties ()
*** WARNING : deprecated key derivation used.
Using -iter or -pbkdf2 would be better.
Error setting cipher RC4-40
409768CC04700000:error:0308010C:digital envelope routines:inner_evp_generic_fetch:unsupported:../crypto/evp/evp_fetch.c:386:Global default library context, Algorithm (RC4-40 : 0), Properties ()
*** WARNING : deprecated key derivation used.
Using -iter or -pbkdf2 would be better.
Error setting cipher SEED-CBC
4027C00CCE730000:error:0308010C:digital envelope routines:inner_evp_generic_fetch:unsupported:../crypto/evp/evp_fetch.c:386:Global default library context, Algorithm (SEED-CBC : 53), Properties ()
*** WARNING : deprecated key derivation used.
Using -iter or -pbkdf2 would be better.
Error setting cipher SEED-CBC
406797C3617C0000:error:0308010C:digital envelope routines:inner_evp_generic_fetch:unsupported:../crypto/evp/evp_fetch.c:386:Global default library context, Algorithm (SEED-CBC : 53), Properties ()
*** WARNING : deprecated key derivation used.
Using -iter or -pbkdf2 would be better.
Error setting cipher SEED-CBC
40A71FB7B67C0000:error:0308010C:digital envelope routines:inner_evp_generic_fetch:unsupported:../crypto/evp/evp_fetch.c:386:Global default library context, Algorithm (SEED-CBC : 53), Properties ()
*** WARNING : deprecated key derivation used.
Using -iter or -pbkdf2 would be better.
Error setting cipher SEED-CBC
4087892DB7710000:error:0308010C:digital envelope routines:inner_evp_generic_fetch:unsupported:../crypto/evp/evp_fetch.c:386:Global default library context, Algorithm (SEED-CBC : 53), Properties ()
*** WARNING : deprecated key derivation used.
Using -iter or -pbkdf2 would be better.
Error setting cipher SEED-CBC
40875FECB3770000:error:0308010C:digital envelope routines:inner_evp_generic_fetch:unsupported:../crypto/evp/evp_fetch.c:386:Global default library context, Algorithm (SEED-CBC : 53), Properties ()
*** WARNING : deprecated key derivation used.
Using -iter or -pbkdf2 would be better.
Error setting cipher SEED-CBC
40C7758C6E760000:error:0308010C:digital envelope routines:inner_evp_generic_fetch:unsupported:../crypto/evp/evp_fetch.c:386:Global default library context, Algorithm (SEED-CBC : 53), Properties ()
*** WARNING : deprecated key derivation used.
Using -iter or -pbkdf2 would be better.
Error setting cipher SEED-CFB
400766190D730000:error:0308010C:digital envelope routines:inner_evp_generic_fetch:unsupported:../crypto/evp/evp_fetch.c:386:Global default library context, Algorithm (SEED-CFB : 49), Properties ()
*** WARNING : deprecated key derivation used.
Using -iter or -pbkdf2 would be better.
Error setting cipher SEED-CFB
407786F00D720000:error:0308010C:digital envelope routines:inner_evp_generic_fetch:unsupported:../crypto/evp/evp_fetch.c:386:Global default library context, Algorithm (SEED-CFB : 49), Properties ()
*** WARNING : deprecated key derivation used.
Using -iter or -pbkdf2 would be better.
Error setting cipher SEED-CFB
40B71C49D4790000:error:0308010C:digital envelope routines:inner_evp_generic_fetch:unsupported:../crypto/evp/evp_fetch.c:386:Global default library context, Algorithm (SEED-CFB : 49), Properties ()
*** WARNING : deprecated key derivation used.
Using -iter or -pbkdf2 would be better.
Error setting cipher SEED-ECB
4097252ADE750000:error:0308010C:digital envelope routines:inner_evp_generic_fetch:unsupported:../crypto/evp/evp_fetch.c:386:Global default library context, Algorithm (SEED-ECB : 74), Properties ()
*** WARNING : deprecated key derivation used.
Using -iter or -pbkdf2 would be better.
Error setting cipher SEED-ECB
40479BB675720000:error:0308010C:digital envelope routines:inner_evp_generic_fetch:unsupported:../crypto/evp/evp_fetch.c:386:Global default library context, Algorithm (SEED-ECB : 74), Properties ()
*** WARNING : deprecated key derivation used.
Using -iter or -pbkdf2 would be better.
Error setting cipher SEED-ECB
40A770C69B750000:error:0308010C:digital envelope routines:inner_evp_generic_fetch:unsupported:../crypto/evp/evp_fetch.c:386:Global default library context, Algorithm (SEED-ECB : 74), Properties ()
*** WARNING : deprecated key derivation used.
Using -iter or -pbkdf2 would be better.
Error setting cipher SEED-OFB
40C72AC167790000:error:0308010C:digital envelope routines:inner_evp_generic_fetch:unsupported:../crypto/evp/evp_fetch.c:386:Global default library context, Algorithm (SEED-OFB : 61), Properties ()
*** WARNING : deprecated key derivation used.
Using -iter or -pbkdf2 would be better.
Error setting cipher SEED-OFB
4027106458780000:error:0308010C:digital envelope routines:inner_evp_generic_fetch:unsupported:../crypto/evp/evp_fetch.c:386:Global default library context, Algorithm (SEED-OFB : 61), Properties ()
*** WARNING : deprecated key derivation used.
Using -iter or -pbkdf2 would be better.
Error setting cipher SEED-OFB
4017C049A1700000:error:0308010C:digital envelope routines:inner_evp_generic_fetch:unsupported:../crypto/evp/evp_fetch.c:386:Global default library context, Algorithm (SEED-OFB : 61), Properties ()
*** WARNING : deprecated key derivation used.
Using -iter or -pbkdf2 would be better.
bad decrypt
40475D045E7A0000:error:1C800064:Provider routines:ossl_cipher_unpadblock:bad decrypt:../providers/implementations/ciphers/ciphercommon_block.c:124:
*** WARNING : deprecated key derivation used.
Using -iter or -pbkdf2 would be better.
bad decrypt
40971D4C2F700000:error:1C800064:Provider routines:ossl_cipher_unpadblock:bad decrypt:../providers/implementations/ciphers/ciphercommon_block.c:124:
*** WARNING : deprecated key derivation used.
Using -iter or -pbkdf2 would be better.
bad decrypt
404780783C7C0000:error:1C800064:Provider routines:ossl_cipher_unpadblock:bad decrypt:../providers/implementations/ciphers/ciphercommon_block.c:124:
*** WARNING : deprecated key derivation used.
Using -iter or -pbkdf2 would be better.
bad decrypt
40B77B2B7D7E0000:error:1C800064:Provider routines:ossl_cipher_unpadblock:bad decrypt:../providers/implementations/ciphers/ciphercommon_block.c:124:
*** WARNING : deprecated key derivation used.
Using -iter or -pbkdf2 would be better.
bad decrypt
4007898927750000:error:1C800064:Provider routines:ossl_cipher_unpadblock:bad decrypt:../providers/implementations/ciphers/ciphercommon_block.c:124:
*** WARNING : deprecated key derivation used.
Using -iter or -pbkdf2 would be better.
bad decrypt
40B76DBDC87E0000:error:1C800064:Provider routines:ossl_cipher_unpadblock:bad decrypt:../providers/implementations/ciphers/ciphercommon_block.c:124:
*** WARNING : deprecated key derivation used.
Using -iter or -pbkdf2 would be better.
*** WARNING : deprecated key derivation used.
Using -iter or -pbkdf2 would be better.
*** WARNING : deprecated key derivation used.
Using -iter or -pbkdf2 would be better.
*** WARNING : deprecated key derivation used.
Using -iter or -pbkdf2 would be better.
*** WARNING : deprecated key derivation used.
Using -iter or -pbkdf2 would be better.
*** WARNING : deprecated key derivation used.
Using -iter or -pbkdf2 would be better.
*** WARNING : deprecated key derivation used.
Using -iter or -pbkdf2 would be better.
bad decrypt
4097BA79C27A0000:error:1C800064:Provider routines:ossl_cipher_unpadblock:bad decrypt:../providers/implementations/ciphers/ciphercommon_block.c:124:
*** WARNING : deprecated key derivation used.
Using -iter or -pbkdf2 would be better.
bad decrypt
40F7EDC5077F0000:error:1C800064:Provider routines:ossl_cipher_unpadblock:bad decrypt:../providers/implementations/ciphers/ciphercommon_block.c:124:
*** WARNING : deprecated key derivation used.
Using -iter or -pbkdf2 would be better.
bad decrypt
40172B0D777B0000:error:1C800064:Provider routines:ossl_cipher_unpadblock:bad decrypt:../providers/implementations/ciphers/ciphercommon_block.c:124:
*** WARNING : deprecated key derivation used.
Using -iter or -pbkdf2 would be better.
*** WARNING : deprecated key derivation used.
Using -iter or -pbkdf2 would be better.
*** WARNING : deprecated key derivation used.
Using -iter or -pbkdf2 would be better.
enc: Use -help for summary.
enc: Use -help for summary.
enc: Use -help for summary.
enc: Use -help for summary.
enc: Use -help for summary.
enc: Use -help for summary.
*** WARNING : deprecated key derivation used.
Using -iter or -pbkdf2 would be better.
bad decrypt
405744964F7D0000:error:1C800064:Provider routines:ossl_cipher_unpadblock:bad decrypt:../providers/implementations/ciphers/ciphercommon_block.c:124:
*** WARNING : deprecated key derivation used.
Using -iter or -pbkdf2 would be better.
bad decrypt
40B7E273FC7B0000:error:1C800064:Provider routines:ossl_cipher_unpadblock:bad decrypt:../providers/implementations/ciphers/ciphercommon_block.c:124:
*** WARNING : deprecated key derivation used.
Using -iter or -pbkdf2 would be better.
bad decrypt
4017BBBCB3760000:error:1C800064:Provider routines:ossl_cipher_unpadblock:bad decrypt:../providers/implementations/ciphers/ciphercommon_block.c:124:
*** WARNING : deprecated key derivation used.
Using -iter or -pbkdf2 would be better.
*** WARNING : deprecated key derivation used.
Using -iter or -pbkdf2 would be better.
*** WARNING : deprecated key derivation used.
Using -iter or -pbkdf2 would be better.
*** WARNING : deprecated key derivation used.
Using -iter or -pbkdf2 would be better.
*** WARNING : deprecated key derivation used.
Using -iter or -pbkdf2 would be better.
*** WARNING : deprecated key derivation used.
Using -iter or -pbkdf2 would be better.
*** WARNING : deprecated key derivation used.
Using -iter or -pbkdf2 would be better.
*** WARNING : deprecated key derivation used.
Using -iter or -pbkdf2 would be better.
*** WARNING : deprecated key derivation used.
Using -iter or -pbkdf2 would be better.
*** WARNING : deprecated key derivation used.
Using -iter or -pbkdf2 would be better.
*** WARNING : deprecated key derivation used.
Using -iter or -pbkdf2 would be better.
*** WARNING : deprecated key derivation used.
Using -iter or -pbkdf2 would be better.
*** WARNING : deprecated key derivation used.
Using -iter or -pbkdf2 would be better.
bad decrypt
402728C6D7700000:error:1C800064:Provider routines:ossl_cipher_unpadblock:bad decrypt:../providers/implementations/ciphers/ciphercommon_block.c:124:
*** WARNING : deprecated key derivation used.
Using -iter or -pbkdf2 would be better.
bad decrypt
40E777528F740000:error:1C800064:Provider routines:ossl_cipher_unpadblock:bad decrypt:../providers/implementations/ciphers/ciphercommon_block.c:124:
*** WARNING : deprecated key derivation used.
Using -iter or -pbkdf2 would be better.
bad decrypt
40B79D9863760000:error:1C800064:Provider routines:ossl_cipher_unpadblock:bad decrypt:../providers/implementations/ciphers/ciphercommon_block.c:124:
*** WARNING : deprecated key derivation used.
Using -iter or -pbkdf2 would be better.
*** WARNING : deprecated key derivation used.
Using -iter or -pbkdf2 would be better.
*** WARNING : deprecated key derivation used.
Using -iter or -pbkdf2 would be better.
*** WARNING : deprecated key derivation used.
Using -iter or -pbkdf2 would be better.
bad decrypt
40C7E637BA7E0000:error:1C800064:Provider routines:ossl_cipher_unpadblock:bad decrypt:../providers/implementations/ciphers/ciphercommon_block.c:124:
*** WARNING : deprecated key derivation used.
Using -iter or -pbkdf2 would be better.
bad decrypt
4037BE7809710000:error:1C800064:Provider routines:ossl_cipher_unpadblock:bad decrypt:../providers/implementations/ciphers/ciphercommon_block.c:124:
*** WARNING : deprecated key derivation used.
Using -iter or -pbkdf2 would be better.
bad decrypt
406708946F730000:error:1C800064:Provider routines:ossl_cipher_unpadblock:bad decrypt:../providers/implementations/ciphers/ciphercommon_block.c:124:
*** WARNING : deprecated key derivation used.
Using -iter or -pbkdf2 would be better.
*** WARNING : deprecated key derivation used.
Using -iter or -pbkdf2 would be better.
*** WARNING : deprecated key derivation used.
Using -iter or -pbkdf2 would be better.
*** WARNING : deprecated key derivation used.
Using -iter or -pbkdf2 would be better.
*** WARNING : deprecated key derivation used.
Using -iter or -pbkdf2 would be better.
*** WARNING : deprecated key derivation used.
Using -iter or -pbkdf2 would be better.
*** WARNING : deprecated key derivation used.
Using -iter or -pbkdf2 would be better.
*** WARNING : deprecated key derivation used.
Using -iter or -pbkdf2 would be better.
*** WARNING : deprecated key derivation used.
Using -iter or -pbkdf2 would be better.
*** WARNING : deprecated key derivation used.
Using -iter or -pbkdf2 would be better.
*** WARNING : deprecated key derivation used.
Using -iter or -pbkdf2 would be better.
*** WARNING : deprecated key derivation used.
Using -iter or -pbkdf2 would be better.
*** WARNING : deprecated key derivation used.
Using -iter or -pbkdf2 would be better.
bad decrypt
40A7FC2B827F0000:error:1C800064:Provider routines:ossl_cipher_unpadblock:bad decrypt:../providers/implementations/ciphers/ciphercommon_block.c:124:
*** WARNING : deprecated key derivation used.
Using -iter or -pbkdf2 would be better.
bad decrypt
40973B0EC8780000:error:1C800064:Provider routines:ossl_cipher_unpadblock:bad decrypt:../providers/implementations/ciphers/ciphercommon_block.c:124:
*** WARNING : deprecated key derivation used.
Using -iter or -pbkdf2 would be better.
bad decrypt
40E71DA840710000:error:1C800064:Provider routines:ossl_cipher_unpadblock:bad decrypt:../providers/implementations/ciphers/ciphercommon_block.c:124:
*** WARNING : deprecated key derivation used.
Using -iter or -pbkdf2 would be better.
*** WARNING : deprecated key derivation used.
Using -iter or -pbkdf2 would be better.
*** WARNING : deprecated key derivation used.
Using -iter or -pbkdf2 would be better.
*** WARNING : deprecated key derivation used.
Using -iter or -pbkdf2 would be better.
bad decrypt
402735CDDB7B0000:error:1C800064:Provider routines:ossl_cipher_unpadblock:bad decrypt:../providers/implementations/ciphers/ciphercommon_block.c:124:
*** WARNING : deprecated key derivation used.
Using -iter or -pbkdf2 would be better.
bad decrypt
400768E620750000:error:1C800064:Provider routines:ossl_cipher_unpadblock:bad decrypt:../providers/implementations/ciphers/ciphercommon_block.c:124:
*** WARNING : deprecated key derivation used.
Using -iter or -pbkdf2 would be better.
bad decrypt
40874EF8B9740000:error:1C800064:Provider routines:ossl_cipher_unpadblock:bad decrypt:../providers/implementations/ciphers/ciphercommon_block.c:124:
*** WARNING : deprecated key derivation used.
Using -iter or -pbkdf2 would be better.
*** WARNING : deprecated key derivation used.
Using -iter or -pbkdf2 would be better.
*** WARNING : deprecated key derivation used.
Using -iter or -pbkdf2 would be better.
*** WARNING : deprecated key derivation used.
Using -iter or -pbkdf2 would be better.
*** WARNING : deprecated key derivation used.
Using -iter or -pbkdf2 would be better.
*** WARNING : deprecated key derivation used.
Using -iter or -pbkdf2 would be better.
*** WARNING : deprecated key derivation used.
Using -iter or -pbkdf2 would be better.
*** WARNING : deprecated key derivation used.
Using -iter or -pbkdf2 would be better.
*** WARNING : deprecated key derivation used.
Using -iter or -pbkdf2 would be better.
*** WARNING : deprecated key derivation used.
Using -iter or -pbkdf2 would be better.
*** WARNING : deprecated key derivation used.
Using -iter or -pbkdf2 would be better.
*** WARNING : deprecated key derivation used.
Using -iter or -pbkdf2 would be better.
*** WARNING : deprecated key derivation used.
Using -iter or -pbkdf2 would be better.
bad decrypt
403713E2D2780000:error:1C800064:Provider routines:ossl_cipher_unpadblock:bad decrypt:../providers/implementations/ciphers/ciphercommon_block.c:124:
*** WARNING : deprecated key derivation used.
Using -iter or -pbkdf2 would be better.
bad decrypt
40C723664A770000:error:1C800064:Provider routines:ossl_cipher_unpadblock:bad decrypt:../providers/implementations/ciphers/ciphercommon_block.c:124:
*** WARNING : deprecated key derivation used.
Using -iter or -pbkdf2 would be better.
bad decrypt
40970609EC710000:error:1C800064:Provider routines:ossl_cipher_unpadblock:bad decrypt:../providers/implementations/ciphers/ciphercommon_block.c:124:
*** WARNING : deprecated key derivation used.
Using -iter or -pbkdf2 would be better.
*** WARNING : deprecated key derivation used.
Using -iter or -pbkdf2 would be better.
*** WARNING : deprecated key derivation used.
Using -iter or -pbkdf2 would be better.
*** WARNING : deprecated key derivation used.
Using -iter or -pbkdf2 would be better.
bad decrypt
409771BAF27B0000:error:1C800064:Provider routines:ossl_cipher_unpadblock:bad decrypt:../providers/implementations/ciphers/ciphercommon_block.c:124:
*** WARNING : deprecated key derivation used.
Using -iter or -pbkdf2 would be better.
bad decrypt
4057A943F8790000:error:1C800064:Provider routines:ossl_cipher_unpadblock:bad decrypt:../providers/implementations/ciphers/ciphercommon_block.c:124:
*** WARNING : deprecated key derivation used.
Using -iter or -pbkdf2 would be better.
bad decrypt
405720F241720000:error:1C800064:Provider routines:ossl_cipher_unpadblock:bad decrypt:../providers/implementations/ciphers/ciphercommon_block.c:124:
*** WARNING : deprecated key derivation used.
Using -iter or -pbkdf2 would be better.
error writing output file
40B770EC367F0000:error:1C800066:Provider routines:aes_wrap_cipher_internal:cipher operation failed:../providers/implementations/ciphers/cipher_aes_wrp.c:212:
40B770EC367F0000:error:030000BD:digital envelope routines:EVP_DecryptUpdate:update error:../crypto/evp/evp_enc.c:837:
*** WARNING : deprecated key derivation used.
Using -iter or -pbkdf2 would be better.
*** WARNING : deprecated key derivation used.
Using -iter or -pbkdf2 would be better.
*** WARNING : deprecated key derivation used.
Using -iter or -pbkdf2 would be better.
bad decrypt
40679720C57F0000:error:1C800064:Provider routines:ossl_cipher_unpadblock:bad decrypt:../providers/implementations/ciphers/ciphercommon_block.c:124:
*** WARNING : deprecated key derivation used.
Using -iter or -pbkdf2 would be better.
bad decrypt
40E7677FBE7E0000:error:1C800064:Provider routines:ossl_cipher_unpadblock:bad decrypt:../providers/implementations/ciphers/ciphercommon_block.c:124:
*** WARNING : deprecated key derivation used.
Using -iter or -pbkdf2 would be better.
bad decrypt
40F7CD21EC730000:error:1C800064:Provider routines:ossl_cipher_unpadblock:bad decrypt:../providers/implementations/ciphers/ciphercommon_block.c:124:
*** WARNING : deprecated key derivation used.
Using -iter or -pbkdf2 would be better.
error writing output file
407758BD43790000:error:1C800066:Provider routines:aes_wrap_cipher_internal:cipher operation failed:../providers/implementations/ciphers/cipher_aes_wrp.c:212:
407758BD43790000:error:030000BD:digital envelope routines:EVP_DecryptUpdate:update error:../crypto/evp/evp_enc.c:837:
*** WARNING : deprecated key derivation used.
Using -iter or -pbkdf2 would be better.
*** WARNING : deprecated key derivation used.
Using -iter or -pbkdf2 would be better.
*** WARNING : deprecated key derivation used.
Using -iter or -pbkdf2 would be better.
bad decrypt
4057FE6DCA700000:error:1C800064:Provider routines:ossl_cipher_unpadblock:bad decrypt:../providers/implementations/ciphers/ciphercommon_block.c:124:
*** WARNING : deprecated key derivation used.
Using -iter or -pbkdf2 would be better.
bad decrypt
40476985727D0000:error:1C800064:Provider routines:ossl_cipher_unpadblock:bad decrypt:../providers/implementations/ciphers/ciphercommon_block.c:124:
*** WARNING : deprecated key derivation used.
Using -iter or -pbkdf2 would be better.
bad decrypt
4067E182F8770000:error:1C800064:Provider routines:ossl_cipher_unpadblock:bad decrypt:../providers/implementations/ciphers/ciphercommon_block.c:124:
*** WARNING : deprecated key derivation used.
Using -iter or -pbkdf2 would be better.
error writing output file
40B79F6AEA7B0000:error:1C800066:Provider routines:aes_wrap_cipher_internal:cipher operation failed:../providers/implementations/ciphers/cipher_aes_wrp.c:212:
40B79F6AEA7B0000:error:030000BD:digital envelope routines:EVP_DecryptUpdate:update error:../crypto/evp/evp_enc.c:837:
*** WARNING : deprecated key derivation used.
Using -iter or -pbkdf2 would be better.
*** WARNING : deprecated key derivation used.
Using -iter or -pbkdf2 would be better.
*** WARNING : deprecated key derivation used.
Using -iter or -pbkdf2 would be better.
bad decrypt
40C777F7BF790000:error:1C800064:Provider routines:ossl_cipher_unpadblock:bad decrypt:../providers/implementations/ciphers/ciphercommon_block.c:124:
*** WARNING : deprecated key derivation used.
Using -iter or -pbkdf2 would be better.
bad decrypt
405780CD76720000:error:1C800064:Provider routines:ossl_cipher_unpadblock:bad decrypt:../providers/implementations/ciphers/ciphercommon_block.c:124:
*** WARNING : deprecated key derivation used.
Using -iter or -pbkdf2 would be better.
bad decrypt
401740AD817A0000:error:1C800064:Provider routines:ossl_cipher_unpadblock:bad decrypt:../providers/implementations/ciphers/ciphercommon_block.c:124:
*** WARNING : deprecated key derivation used.
Using -iter or -pbkdf2 would be better.
*** WARNING : deprecated key derivation used.
Using -iter or -pbkdf2 would be better.
*** WARNING : deprecated key derivation used.
Using -iter or -pbkdf2 would be better.
*** WARNING : deprecated key derivation used.
Using -iter or -pbkdf2 would be better.
*** WARNING : deprecated key derivation used.
Using -iter or -pbkdf2 would be better.
*** WARNING : deprecated key derivation used.
Using -iter or -pbkdf2 would be better.
*** WARNING : deprecated key derivation used.
Using -iter or -pbkdf2 would be better.
*** WARNING : deprecated key derivation used.
Using -iter or -pbkdf2 would be better.
*** WARNING : deprecated key derivation used.
Using -iter or -pbkdf2 would be better.
*** WARNING : deprecated key derivation used.
Using -iter or -pbkdf2 would be better.
*** WARNING : deprecated key derivation used.
Using -iter or -pbkdf2 would be better.
*** WARNING : deprecated key derivation used.
Using -iter or -pbkdf2 would be better.
*** WARNING : deprecated key derivation used.
Using -iter or -pbkdf2 would be better.
bad decrypt
40673CE8F8790000:error:1C800064:Provider routines:ossl_cipher_unpadblock:bad decrypt:../providers/implementations/ciphers/ciphercommon_block.c:124:
*** WARNING : deprecated key derivation used.
Using -iter or -pbkdf2 would be better.
bad decrypt
4097532A957B0000:error:1C800064:Provider routines:ossl_cipher_unpadblock:bad decrypt:../providers/implementations/ciphers/ciphercommon_block.c:124:
*** WARNING : deprecated key derivation used.
Using -iter or -pbkdf2 would be better.
bad decrypt
4027A852E17E0000:error:1C800064:Provider routines:ossl_cipher_unpadblock:bad decrypt:../providers/implementations/ciphers/ciphercommon_block.c:124:
*** WARNING : deprecated key derivation used.
Using -iter or -pbkdf2 would be better.
*** WARNING : deprecated key derivation used.
Using -iter or -pbkdf2 would be better.
*** WARNING : deprecated key derivation used.
Using -iter or -pbkdf2 would be better.
*** WARNING : deprecated key derivation used.
Using -iter or -pbkdf2 would be better.
bad decrypt
4047BB58C9700000:error:1C800064:Provider routines:ossl_cipher_unpadblock:bad decrypt:../providers/implementations/ciphers/ciphercommon_block.c:124:
*** WARNING : deprecated key derivation used.
Using -iter or -pbkdf2 would be better.
bad decrypt
4057B2F337770000:error:1C800064:Provider routines:ossl_cipher_unpadblock:bad decrypt:../providers/implementations/ciphers/ciphercommon_block.c:124:
*** WARNING : deprecated key derivation used.
Using -iter or -pbkdf2 would be better.
bad decrypt
40179B8A377C0000:error:1C800064:Provider routines:ossl_cipher_unpadblock:bad decrypt:../providers/implementations/ciphers/ciphercommon_block.c:124:
*** WARNING : deprecated key derivation used.
Using -iter or -pbkdf2 would be better.
*** WARNING : deprecated key derivation used.
Using -iter or -pbkdf2 would be better.
*** WARNING : deprecated key derivation used.
Using -iter or -pbkdf2 would be better.
*** WARNING : deprecated key derivation used.
Using -iter or -pbkdf2 would be better.
*** WARNING : deprecated key derivation used.
Using -iter or -pbkdf2 would be better.
*** WARNING : deprecated key derivation used.
Using -iter or -pbkdf2 would be better.
*** WARNING : deprecated key derivation used.
Using -iter or -pbkdf2 would be better.
*** WARNING : deprecated key derivation used.
Using -iter or -pbkdf2 would be better.
*** WARNING : deprecated key derivation used.
Using -iter or -pbkdf2 would be better.
*** WARNING : deprecated key derivation used.
Using -iter or -pbkdf2 would be better.
*** WARNING : deprecated key derivation used.
Using -iter or -pbkdf2 would be better.
*** WARNING : deprecated key derivation used.
Using -iter or -pbkdf2 would be better.
*** WARNING : deprecated key derivation used.
Using -iter or -pbkdf2 would be better.
bad decrypt
4067DCC85A700000:error:1C800064:Provider routines:ossl_cipher_unpadblock:bad decrypt:../providers/implementations/ciphers/ciphercommon_block.c:124:
*** WARNING : deprecated key derivation used.
Using -iter or -pbkdf2 would be better.
bad decrypt
4077BE91137D0000:error:1C800064:Provider routines:ossl_cipher_unpadblock:bad decrypt:../providers/implementations/ciphers/ciphercommon_block.c:124:
*** WARNING : deprecated key derivation used.
Using -iter or -pbkdf2 would be better.
bad decrypt
40A75A10FB720000:error:1C800064:Provider routines:ossl_cipher_unpadblock:bad decrypt:../providers/implementations/ciphers/ciphercommon_block.c:124:
*** WARNING : deprecated key derivation used.
Using -iter or -pbkdf2 would be better.
*** WARNING : deprecated key derivation used.
Using -iter or -pbkdf2 would be better.
*** WARNING : deprecated key derivation used.
Using -iter or -pbkdf2 would be better.
*** WARNING : deprecated key derivation used.
Using -iter or -pbkdf2 would be better.
bad decrypt
40674695F4780000:error:1C800064:Provider routines:ossl_cipher_unpadblock:bad decrypt:../providers/implementations/ciphers/ciphercommon_block.c:124:
*** WARNING : deprecated key derivation used.
Using -iter or -pbkdf2 would be better.
bad decrypt
4097A4BEC6710000:error:1C800064:Provider routines:ossl_cipher_unpadblock:bad decrypt:../providers/implementations/ciphers/ciphercommon_block.c:124:
*** WARNING : deprecated key derivation used.
Using -iter or -pbkdf2 would be better.
bad decrypt
4087ADC7D6750000:error:1C800064:Provider routines:ossl_cipher_unpadblock:bad decrypt:../providers/implementations/ciphers/ciphercommon_block.c:124:
*** WARNING : deprecated key derivation used.
Using -iter or -pbkdf2 would be better.
*** WARNING : deprecated key derivation used.
Using -iter or -pbkdf2 would be better.
*** WARNING : deprecated key derivation used.
Using -iter or -pbkdf2 would be better.
*** WARNING : deprecated key derivation used.
Using -iter or -pbkdf2 would be better.
*** WARNING : deprecated key derivation used.
Using -iter or -pbkdf2 would be better.
*** WARNING : deprecated key derivation used.
Using -iter or -pbkdf2 would be better.
*** WARNING : deprecated key derivation used.
Using -iter or -pbkdf2 would be better.
*** WARNING : deprecated key derivation used.
Using -iter or -pbkdf2 would be better.
*** WARNING : deprecated key derivation used.
Using -iter or -pbkdf2 would be better.
*** WARNING : deprecated key derivation used.
Using -iter or -pbkdf2 would be better.
*** WARNING : deprecated key derivation used.
Using -iter or -pbkdf2 would be better.
*** WARNING : deprecated key derivation used.
Using -iter or -pbkdf2 would be better.
*** WARNING : deprecated key derivation used.
Using -iter or -pbkdf2 would be better.
bad decrypt
40D7E45EDE790000:error:1C800064:Provider routines:ossl_cipher_unpadblock:bad decrypt:../providers/implementations/ciphers/ciphercommon_block.c:124:
*** WARNING : deprecated key derivation used.
Using -iter or -pbkdf2 would be better.
bad decrypt
40271D3C6D720000:error:1C800064:Provider routines:ossl_cipher_unpadblock:bad decrypt:../providers/implementations/ciphers/ciphercommon_block.c:124:
*** WARNING : deprecated key derivation used.
Using -iter or -pbkdf2 would be better.
bad decrypt
4027F73E5D7F0000:error:1C800064:Provider routines:ossl_cipher_unpadblock:bad decrypt:../providers/implementations/ciphers/ciphercommon_block.c:124:
*** WARNING : deprecated key derivation used.
Using -iter or -pbkdf2 would be better.
*** WARNING : deprecated key derivation used.
Using -iter or -pbkdf2 would be better.
*** WARNING : deprecated key derivation used.
Using -iter or -pbkdf2 would be better.
*** WARNING : deprecated key derivation used.
Using -iter or -pbkdf2 would be better.
bad decrypt
404787398F740000:error:1C800064:Provider routines:ossl_cipher_unpadblock:bad decrypt:../providers/implementations/ciphers/ciphercommon_block.c:124:
*** WARNING : deprecated key derivation used.
Using -iter or -pbkdf2 would be better.
bad decrypt
4087C66122780000:error:1C800064:Provider routines:ossl_cipher_unpadblock:bad decrypt:../providers/implementations/ciphers/ciphercommon_block.c:124:
*** WARNING : deprecated key derivation used.
Using -iter or -pbkdf2 would be better.
bad decrypt
4057D606CE7F0000:error:1C800064:Provider routines:ossl_cipher_unpadblock:bad decrypt:../providers/implementations/ciphers/ciphercommon_block.c:124:
*** WARNING : deprecated key derivation used.
Using -iter or -pbkdf2 would be better.
bad decrypt
4097BBADCF710000:error:1C800064:Provider routines:ossl_cipher_unpadblock:bad decrypt:../providers/implementations/ciphers/ciphercommon_block.c:124:
*** WARNING : deprecated key derivation used.
Using -iter or -pbkdf2 would be better.
bad decrypt
40E7AEA32F780000:error:1C800064:Provider routines:ossl_cipher_unpadblock:bad decrypt:../providers/implementations/ciphers/ciphercommon_block.c:124:
*** WARNING : deprecated key derivation used.
Using -iter or -pbkdf2 would be better.
bad decrypt
40F75D5CA37F0000:error:1C800064:Provider routines:ossl_cipher_unpadblock:bad decrypt:../providers/implementations/ciphers/ciphercommon_block.c:124:
*** WARNING : deprecated key derivation used.
Using -iter or -pbkdf2 would be better.
bad decrypt
40576FC6EA7C0000:error:1C800064:Provider routines:ossl_cipher_unpadblock:bad decrypt:../providers/implementations/ciphers/ciphercommon_block.c:124:
*** WARNING : deprecated key derivation used.
Using -iter or -pbkdf2 would be better.
bad decrypt
407733C685780000:error:1C800064:Provider routines:ossl_cipher_unpadblock:bad decrypt:../providers/implementations/ciphers/ciphercommon_block.c:124:
*** WARNING : deprecated key derivation used.
Using -iter or -pbkdf2 would be better.
bad decrypt
400779C315770000:error:1C800064:Provider routines:ossl_cipher_unpadblock:bad decrypt:../providers/implementations/ciphers/ciphercommon_block.c:124:
*** WARNING : deprecated key derivation used.
Using -iter or -pbkdf2 would be better.
Error setting cipher BF-CBC
40D7E94D42750000:error:0308010C:digital envelope routines:inner_evp_generic_fetch:unsupported:../crypto/evp/evp_fetch.c:386:Global default library context, Algorithm (BF-CBC : 11), Properties ()
*** WARNING : deprecated key derivation used.
Using -iter or -pbkdf2 would be better.
Error setting cipher BF-CBC
40D7BB487F790000:error:0308010C:digital envelope routines:inner_evp_generic_fetch:unsupported:../crypto/evp/evp_fetch.c:386:Global default library context, Algorithm (BF-CBC : 11), Properties ()
*** WARNING : deprecated key derivation used.
Using -iter or -pbkdf2 would be better.
Error setting cipher BF-CBC
40A745715C710000:error:0308010C:digital envelope routines:inner_evp_generic_fetch:unsupported:../crypto/evp/evp_fetch.c:386:Global default library context, Algorithm (BF-CBC : 11), Properties ()
*** WARNING : deprecated key derivation used.
Using -iter or -pbkdf2 would be better.
Error setting cipher BF-CBC
40B7BA6EA4750000:error:0308010C:digital envelope routines:inner_evp_generic_fetch:unsupported:../crypto/evp/evp_fetch.c:386:Global default library context, Algorithm (BF-CBC : 11), Properties ()
*** WARNING : deprecated key derivation used.
Using -iter or -pbkdf2 would be better.
Error setting cipher BF-CBC
405799F443750000:error:0308010C:digital envelope routines:inner_evp_generic_fetch:unsupported:../crypto/evp/evp_fetch.c:386:Global default library context, Algorithm (BF-CBC : 11), Properties ()
*** WARNING : deprecated key derivation used.
Using -iter or -pbkdf2 would be better.
Error setting cipher BF-CBC
40F7E7EA307F0000:error:0308010C:digital envelope routines:inner_evp_generic_fetch:unsupported:../crypto/evp/evp_fetch.c:386:Global default library context, Algorithm (BF-CBC : 11), Properties ()
*** WARNING : deprecated key derivation used.
Using -iter or -pbkdf2 would be better.
Error setting cipher BF-CFB
40772FF9307D0000:error:0308010C:digital envelope routines:inner_evp_generic_fetch:unsupported:../crypto/evp/evp_fetch.c:386:Global default library context, Algorithm (BF-CFB : 0), Properties ()
*** WARNING : deprecated key derivation used.
Using -iter or -pbkdf2 would be better.
Error setting cipher BF-CFB
4017EF4547770000:error:0308010C:digital envelope routines:inner_evp_generic_fetch:unsupported:../crypto/evp/evp_fetch.c:386:Global default library context, Algorithm (BF-CFB : 0), Properties ()
*** WARNING : deprecated key derivation used.
Using -iter or -pbkdf2 would be better.
Error setting cipher BF-CFB
405779F37C730000:error:0308010C:digital envelope routines:inner_evp_generic_fetch:unsupported:../crypto/evp/evp_fetch.c:386:Global default library context, Algorithm (BF-CFB : 0), Properties ()
*** WARNING : deprecated key derivation used.
Using -iter or -pbkdf2 would be better.
Error setting cipher BF-ECB
40D7E3D7F87A0000:error:0308010C:digital envelope routines:inner_evp_generic_fetch:unsupported:../crypto/evp/evp_fetch.c:386:Global default library context, Algorithm (BF-ECB : 0), Properties ()
*** WARNING : deprecated key derivation used.
Using -iter or -pbkdf2 would be better.
Error setting cipher BF-ECB
40A78157A1770000:error:0308010C:digital envelope routines:inner_evp_generic_fetch:unsupported:../crypto/evp/evp_fetch.c:386:Global default library context, Algorithm (BF-ECB : 0), Properties ()
*** WARNING : deprecated key derivation used.
Using -iter or -pbkdf2 would be better.
Error setting cipher BF-ECB
40D70B79D87D0000:error:0308010C:digital envelope routines:inner_evp_generic_fetch:unsupported:../crypto/evp/evp_fetch.c:386:Global default library context, Algorithm (BF-ECB : 0), Properties ()
*** WARNING : deprecated key derivation used.
Using -iter or -pbkdf2 would be better.
Error setting cipher BF-OFB
4097C370D27A0000:error:0308010C:digital envelope routines:inner_evp_generic_fetch:unsupported:../crypto/evp/evp_fetch.c:386:Global default library context, Algorithm (BF-OFB : 0), Properties ()
*** WARNING : deprecated key derivation used.
Using -iter or -pbkdf2 would be better.
Error setting cipher BF-OFB
409789D7B3790000:error:0308010C:digital envelope routines:inner_evp_generic_fetch:unsupported:../crypto/evp/evp_fetch.c:386:Global default library context, Algorithm (BF-OFB : 0), Properties ()
*** WARNING : deprecated key derivation used.
Using -iter or -pbkdf2 would be better.
Error setting cipher BF-OFB
4047B97B8F700000:error:0308010C:digital envelope routines:inner_evp_generic_fetch:unsupported:../crypto/evp/evp_fetch.c:386:Global default library context, Algorithm (BF-OFB : 0), Properties ()
*** WARNING : deprecated key derivation used.
Using -iter or -pbkdf2 would be better.
Error setting cipher BF-CBC
40671916CD7E0000:error:0308010C:digital envelope routines:inner_evp_generic_fetch:unsupported:../crypto/evp/evp_fetch.c:386:Global default library context, Algorithm (BF-CBC : 11), Properties ()
*** WARNING : deprecated key derivation used.
Using -iter or -pbkdf2 would be better.
Error setting cipher BF-CBC
406782EA43770000:error:0308010C:digital envelope routines:inner_evp_generic_fetch:unsupported:../crypto/evp/evp_fetch.c:386:Global default library context, Algorithm (BF-CBC : 11), Properties ()
*** WARNING : deprecated key derivation used.
Using -iter or -pbkdf2 would be better.
Error setting cipher BF-CBC
406710C3D87B0000:error:0308010C:digital envelope routines:inner_evp_generic_fetch:unsupported:../crypto/evp/evp_fetch.c:386:Global default library context, Algorithm (BF-CBC : 11), Properties ()
*** WARNING : deprecated key derivation used.
Using -iter or -pbkdf2 would be better.
bad decrypt
403705DA26720000:error:1C800064:Provider routines:ossl_cipher_unpadblock:bad decrypt:../providers/implementations/ciphers/ciphercommon_block.c:124:
*** WARNING : deprecated key derivation used.
Using -iter or -pbkdf2 would be better.
bad decrypt
401721298D730000:error:1C800064:Provider routines:ossl_cipher_unpadblock:bad decrypt:../providers/implementations/ciphers/ciphercommon_block.c:124:
*** WARNING : deprecated key derivation used.
Using -iter or -pbkdf2 would be better.
bad decrypt
40A783B705760000:error:1C800064:Provider routines:ossl_cipher_unpadblock:bad decrypt:../providers/implementations/ciphers/ciphercommon_block.c:124:
*** WARNING : deprecated key derivation used.
Using -iter or -pbkdf2 would be better.
*** WARNING : deprecated key derivation used.
Using -iter or -pbkdf2 would be better.
*** WARNING : deprecated key derivation used.
Using -iter or -pbkdf2 would be better.
*** WARNING : deprecated key derivation used.
Using -iter or -pbkdf2 would be better.
*** WARNING : deprecated key derivation used.
Using -iter or -pbkdf2 would be better.
*** WARNING : deprecated key derivation used.
Using -iter or -pbkdf2 would be better.
*** WARNING : deprecated key derivation used.
Using -iter or -pbkdf2 would be better.
*** WARNING : deprecated key derivation used.
Using -iter or -pbkdf2 would be better.
*** WARNING : deprecated key derivation used.
Using -iter or -pbkdf2 would be better.
*** WARNING : deprecated key derivation used.
Using -iter or -pbkdf2 would be better.
*** WARNING : deprecated key derivation used.
Using -iter or -pbkdf2 would be better.
*** WARNING : deprecated key derivation used.
Using -iter or -pbkdf2 would be better.
*** WARNING : deprecated key derivation used.
Using -iter or -pbkdf2 would be better.
bad decrypt
40D76A6770760000:error:1C800064:Provider routines:ossl_cipher_unpadblock:bad decrypt:../providers/implementations/ciphers/ciphercommon_block.c:129:
*** WARNING : deprecated key derivation used.
Using -iter or -pbkdf2 would be better.
bad decrypt
4037ED7D23750000:error:1C800064:Provider routines:ossl_cipher_unpadblock:bad decrypt:../providers/implementations/ciphers/ciphercommon_block.c:124:
*** WARNING : deprecated key derivation used.
Using -iter or -pbkdf2 would be better.
bad decrypt
40E7BC9BCA750000:error:1C800064:Provider routines:ossl_cipher_unpadblock:bad decrypt:../providers/implementations/ciphers/ciphercommon_block.c:124:
*** WARNING : deprecated key derivation used.
Using -iter or -pbkdf2 would be better.
*** WARNING : deprecated key derivation used.
Using -iter or -pbkdf2 would be better.
*** WARNING : deprecated key derivation used.
Using -iter or -pbkdf2 would be better.
*** WARNING : deprecated key derivation used.
Using -iter or -pbkdf2 would be better.
bad decrypt
40D7140D947C0000:error:1C800064:Provider routines:ossl_cipher_unpadblock:bad decrypt:../providers/implementations/ciphers/ciphercommon_block.c:124:
*** WARNING : deprecated key derivation used.
Using -iter or -pbkdf2 would be better.
bad decrypt
40E73E5DEF750000:error:1C800064:Provider routines:ossl_cipher_unpadblock:bad decrypt:../providers/implementations/ciphers/ciphercommon_block.c:129:
*** WARNING : deprecated key derivation used.
Using -iter or -pbkdf2 would be better.
bad decrypt
4007C17A4D7C0000:error:1C800064:Provider routines:ossl_cipher_unpadblock:bad decrypt:../providers/implementations/ciphers/ciphercommon_block.c:124:
*** WARNING : deprecated key derivation used.
Using -iter or -pbkdf2 would be better.
*** WARNING : deprecated key derivation used.
Using -iter or -pbkdf2 would be better.
*** WARNING : deprecated key derivation used.
Using -iter or -pbkdf2 would be better.
*** WARNING : deprecated key derivation used.
Using -iter or -pbkdf2 would be better.
*** WARNING : deprecated key derivation used.
Using -iter or -pbkdf2 would be better.
*** WARNING : deprecated key derivation used.
Using -iter or -pbkdf2 would be better.
*** WARNING : deprecated key derivation used.
Using -iter or -pbkdf2 would be better.
*** WARNING : deprecated key derivation used.
Using -iter or -pbkdf2 would be better.
*** WARNING : deprecated key derivation used.
Using -iter or -pbkdf2 would be better.
*** WARNING : deprecated key derivation used.
Using -iter or -pbkdf2 would be better.
*** WARNING : deprecated key derivation used.
Using -iter or -pbkdf2 would be better.
*** WARNING : deprecated key derivation used.
Using -iter or -pbkdf2 would be better.
*** WARNING : deprecated key derivation used.
Using -iter or -pbkdf2 would be better.
bad decrypt
404787859E740000:error:1C800064:Provider routines:ossl_cipher_unpadblock:bad decrypt:../providers/implementations/ciphers/ciphercommon_block.c:124:
*** WARNING : deprecated key derivation used.
Using -iter or -pbkdf2 would be better.
bad decrypt
40776660DA700000:error:1C800064:Provider routines:ossl_cipher_unpadblock:bad decrypt:../providers/implementations/ciphers/ciphercommon_block.c:124:
*** WARNING : deprecated key derivation used.
Using -iter or -pbkdf2 would be better.
bad decrypt
40A7E4520C7B0000:error:1C800064:Provider routines:ossl_cipher_unpadblock:bad decrypt:../providers/implementations/ciphers/ciphercommon_block.c:124:
*** WARNING : deprecated key derivation used.
Using -iter or -pbkdf2 would be better.
*** WARNING : deprecated key derivation used.
Using -iter or -pbkdf2 would be better.
*** WARNING : deprecated key derivation used.
Using -iter or -pbkdf2 would be better.
*** WARNING : deprecated key derivation used.
Using -iter or -pbkdf2 would be better.
bad decrypt
40770813447E0000:error:1C800064:Provider routines:ossl_cipher_unpadblock:bad decrypt:../providers/implementations/ciphers/ciphercommon_block.c:124:
*** WARNING : deprecated key derivation used.
Using -iter or -pbkdf2 would be better.
bad decrypt
406787D1227A0000:error:1C800064:Provider routines:ossl_cipher_unpadblock:bad decrypt:../providers/implementations/ciphers/ciphercommon_block.c:124:
*** WARNING : deprecated key derivation used.
Using -iter or -pbkdf2 would be better.
bad decrypt
40778E280B750000:error:1C800064:Provider routines:ossl_cipher_unpadblock:bad decrypt:../providers/implementations/ciphers/ciphercommon_block.c:124:
*** WARNING : deprecated key derivation used.
Using -iter or -pbkdf2 would be better.
*** WARNING : deprecated key derivation used.
Using -iter or -pbkdf2 would be better.
*** WARNING : deprecated key derivation used.
Using -iter or -pbkdf2 would be better.
*** WARNING : deprecated key derivation used.
Using -iter or -pbkdf2 would be better.
*** WARNING : deprecated key derivation used.
Using -iter or -pbkdf2 would be better.
*** WARNING : deprecated key derivation used.
Using -iter or -pbkdf2 would be better.
*** WARNING : deprecated key derivation used.
Using -iter or -pbkdf2 would be better.
*** WARNING : deprecated key derivation used.
Using -iter or -pbkdf2 would be better.
*** WARNING : deprecated key derivation used.
Using -iter or -pbkdf2 would be better.
*** WARNING : deprecated key derivation used.
Using -iter or -pbkdf2 would be better.
*** WARNING : deprecated key derivation used.
Using -iter or -pbkdf2 would be better.
*** WARNING : deprecated key derivation used.
Using -iter or -pbkdf2 would be better.
*** WARNING : deprecated key derivation used.
Using -iter or -pbkdf2 would be better.
bad decrypt
4097D958C1770000:error:1C800064:Provider routines:ossl_cipher_unpadblock:bad decrypt:../providers/implementations/ciphers/ciphercommon_block.c:124:
*** WARNING : deprecated key derivation used.
Using -iter or -pbkdf2 would be better.
bad decrypt
40373A33507F0000:error:1C800064:Provider routines:ossl_cipher_unpadblock:bad decrypt:../providers/implementations/ciphers/ciphercommon_block.c:124:
*** WARNING : deprecated key derivation used.
Using -iter or -pbkdf2 would be better.
bad decrypt
40478E676C700000:error:1C800064:Provider routines:ossl_cipher_unpadblock:bad decrypt:../providers/implementations/ciphers/ciphercommon_block.c:124:
*** WARNING : deprecated key derivation used.
Using -iter or -pbkdf2 would be better.
*** WARNING : deprecated key derivation used.
Using -iter or -pbkdf2 would be better.
*** WARNING : deprecated key derivation used.
Using -iter or -pbkdf2 would be better.
*** WARNING : deprecated key derivation used.
Using -iter or -pbkdf2 would be better.
bad decrypt
406700A62C7C0000:error:1C800064:Provider routines:ossl_cipher_unpadblock:bad decrypt:../providers/implementations/ciphers/ciphercommon_block.c:124:
*** WARNING : deprecated key derivation used.
Using -iter or -pbkdf2 would be better.
bad decrypt
40679824F1700000:error:1C800064:Provider routines:ossl_cipher_unpadblock:bad decrypt:../providers/implementations/ciphers/ciphercommon_block.c:124:
*** WARNING : deprecated key derivation used.
Using -iter or -pbkdf2 would be better.
bad decrypt
40C71120157C0000:error:1C800064:Provider routines:ossl_cipher_unpadblock:bad decrypt:../providers/implementations/ciphers/ciphercommon_block.c:124:
*** WARNING : deprecated key derivation used.
Using -iter or -pbkdf2 would be better.
bad decrypt
40670755B3780000:error:1C800064:Provider routines:ossl_cipher_unpadblock:bad decrypt:../providers/implementations/ciphers/ciphercommon_block.c:124:
*** WARNING : deprecated key derivation used.
Using -iter or -pbkdf2 would be better.
bad decrypt
4097204A5E790000:error:1C800064:Provider routines:ossl_cipher_unpadblock:bad decrypt:../providers/implementations/ciphers/ciphercommon_block.c:129:
*** WARNING : deprecated key derivation used.
Using -iter or -pbkdf2 would be better.
bad decrypt
4047214F41750000:error:1C800064:Provider routines:ossl_cipher_unpadblock:bad decrypt:../providers/implementations/ciphers/ciphercommon_block.c:124:
*** WARNING : deprecated key derivation used.
Using -iter or -pbkdf2 would be better.
bad decrypt
4007C637AD7C0000:error:1C800064:Provider routines:ossl_cipher_unpadblock:bad decrypt:../providers/implementations/ciphers/ciphercommon_block.c:124:
*** WARNING : deprecated key derivation used.
Using -iter or -pbkdf2 would be better.
bad decrypt
40E7D5B00A7E0000:error:1C800064:Provider routines:ossl_cipher_unpadblock:bad decrypt:../providers/implementations/ciphers/ciphercommon_block.c:124:
*** WARNING : deprecated key derivation used.
Using -iter or -pbkdf2 would be better.
bad decrypt
4037BA2356790000:error:1C800064:Provider routines:ossl_cipher_unpadblock:bad decrypt:../providers/implementations/ciphers/ciphercommon_block.c:124:
*** WARNING : deprecated key derivation used.
Using -iter or -pbkdf2 would be better.
Error setting cipher CAST5-CBC
40D718D3D9730000:error:0308010C:digital envelope routines:inner_evp_generic_fetch:unsupported:../crypto/evp/evp_fetch.c:386:Global default library context, Algorithm (CAST5-CBC : 18), Properties ()
*** WARNING : deprecated key derivation used.
Using -iter or -pbkdf2 would be better.
Error setting cipher CAST5-CBC
4007363C047F0000:error:0308010C:digital envelope routines:inner_evp_generic_fetch:unsupported:../crypto/evp/evp_fetch.c:386:Global default library context, Algorithm (CAST5-CBC : 18), Properties ()
*** WARNING : deprecated key derivation used.
Using -iter or -pbkdf2 would be better.
Error setting cipher CAST5-CBC
400788924E7F0000:error:0308010C:digital envelope routines:inner_evp_generic_fetch:unsupported:../crypto/evp/evp_fetch.c:386:Global default library context, Algorithm (CAST5-CBC : 18), Properties ()
*** WARNING : deprecated key derivation used.
Using -iter or -pbkdf2 would be better.
Error setting cipher CAST5-CBC
406741932F740000:error:0308010C:digital envelope routines:inner_evp_generic_fetch:unsupported:../crypto/evp/evp_fetch.c:386:Global default library context, Algorithm (CAST5-CBC : 18), Properties ()
*** WARNING : deprecated key derivation used.
Using -iter or -pbkdf2 would be better.
Error setting cipher CAST5-CBC
40D780A9E1780000:error:0308010C:digital envelope routines:inner_evp_generic_fetch:unsupported:../crypto/evp/evp_fetch.c:386:Global default library context, Algorithm (CAST5-CBC : 18), Properties ()
*** WARNING : deprecated key derivation used.
Using -iter or -pbkdf2 would be better.
Error setting cipher CAST5-CBC
4017E41253720000:error:0308010C:digital envelope routines:inner_evp_generic_fetch:unsupported:../crypto/evp/evp_fetch.c:386:Global default library context, Algorithm (CAST5-CBC : 18), Properties ()
*** WARNING : deprecated key derivation used.
Using -iter or -pbkdf2 would be better.
Error setting cipher CAST5-CBC
4097102089700000:error:0308010C:digital envelope routines:inner_evp_generic_fetch:unsupported:../crypto/evp/evp_fetch.c:386:Global default library context, Algorithm (CAST5-CBC : 18), Properties ()
*** WARNING : deprecated key derivation used.
Using -iter or -pbkdf2 would be better.
Error setting cipher CAST5-CBC
4037AFCF1F770000:error:0308010C:digital envelope routines:inner_evp_generic_fetch:unsupported:../crypto/evp/evp_fetch.c:386:Global default library context, Algorithm (CAST5-CBC : 18), Properties ()
*** WARNING : deprecated key derivation used.
Using -iter or -pbkdf2 would be better.
Error setting cipher CAST5-CBC
4037D2BA3B790000:error:0308010C:digital envelope routines:inner_evp_generic_fetch:unsupported:../crypto/evp/evp_fetch.c:386:Global default library context, Algorithm (CAST5-CBC : 18), Properties ()
*** WARNING : deprecated key derivation used.
Using -iter or -pbkdf2 would be better.
Error setting cipher CAST5-CFB
4087A09E9C750000:error:0308010C:digital envelope routines:inner_evp_generic_fetch:unsupported:../crypto/evp/evp_fetch.c:386:Global default library context, Algorithm (CAST5-CFB : 0), Properties ()
*** WARNING : deprecated key derivation used.
Using -iter or -pbkdf2 would be better.
Error setting cipher CAST5-CFB
4067B86F8A7D0000:error:0308010C:digital envelope routines:inner_evp_generic_fetch:unsupported:../crypto/evp/evp_fetch.c:386:Global default library context, Algorithm (CAST5-CFB : 0), Properties ()
*** WARNING : deprecated key derivation used.
Using -iter or -pbkdf2 would be better.
Error setting cipher CAST5-CFB
40F73E98F37C0000:error:0308010C:digital envelope routines:inner_evp_generic_fetch:unsupported:../crypto/evp/evp_fetch.c:386:Global default library context, Algorithm (CAST5-CFB : 0), Properties ()
*** WARNING : deprecated key derivation used.
Using -iter or -pbkdf2 would be better.
Error setting cipher CAST5-ECB
40173B85097D0000:error:0308010C:digital envelope routines:inner_evp_generic_fetch:unsupported:../crypto/evp/evp_fetch.c:386:Global default library context, Algorithm (CAST5-ECB : 0), Properties ()
*** WARNING : deprecated key derivation used.
Using -iter or -pbkdf2 would be better.
Error setting cipher CAST5-ECB
4037E7A4BD710000:error:0308010C:digital envelope routines:inner_evp_generic_fetch:unsupported:../crypto/evp/evp_fetch.c:386:Global default library context, Algorithm (CAST5-ECB : 0), Properties ()
*** WARNING : deprecated key derivation used.
Using -iter or -pbkdf2 would be better.
Error setting cipher CAST5-ECB
40F70E70107C0000:error:0308010C:digital envelope routines:inner_evp_generic_fetch:unsupported:../crypto/evp/evp_fetch.c:386:Global default library context, Algorithm (CAST5-ECB : 0), Properties ()
*** WARNING : deprecated key derivation used.
Using -iter or -pbkdf2 would be better.
Error setting cipher CAST5-OFB
40C72A5942770000:error:0308010C:digital envelope routines:inner_evp_generic_fetch:unsupported:../crypto/evp/evp_fetch.c:386:Global default library context, Algorithm (CAST5-OFB : 0), Properties ()
*** WARNING : deprecated key derivation used.
Using -iter or -pbkdf2 would be better.
Error setting cipher CAST5-OFB
4017E74108770000:error:0308010C:digital envelope routines:inner_evp_generic_fetch:unsupported:../crypto/evp/evp_fetch.c:386:Global default library context, Algorithm (CAST5-OFB : 0), Properties ()
*** WARNING : deprecated key derivation used.
Using -iter or -pbkdf2 would be better.
Error setting cipher CAST5-OFB
40D75FFBA8750000:error:0308010C:digital envelope routines:inner_evp_generic_fetch:unsupported:../crypto/evp/evp_fetch.c:386:Global default library context, Algorithm (CAST5-OFB : 0), Properties ()
*** WARNING : deprecated key derivation used.
Using -iter or -pbkdf2 would be better.
*** WARNING : deprecated key derivation used.
Using -iter or -pbkdf2 would be better.
*** WARNING : deprecated key derivation used.
Using -iter or -pbkdf2 would be better.
*** WARNING : deprecated key derivation used.
Using -iter or -pbkdf2 would be better.
Error setting cipher DES-CBC
40379FC0157E0000:error:0308010C:digital envelope routines:inner_evp_generic_fetch:unsupported:../crypto/evp/evp_fetch.c:386:Global default library context, Algorithm (DES-CBC : 8), Properties ()
*** WARNING : deprecated key derivation used.
Using -iter or -pbkdf2 would be better.
Error setting cipher DES-CBC
4037357B39790000:error:0308010C:digital envelope routines:inner_evp_generic_fetch:unsupported:../crypto/evp/evp_fetch.c:386:Global default library context, Algorithm (DES-CBC : 8), Properties ()
*** WARNING : deprecated key derivation used.
Using -iter or -pbkdf2 would be better.
Error setting cipher DES-CBC
4087DA64A9700000:error:0308010C:digital envelope routines:inner_evp_generic_fetch:unsupported:../crypto/evp/evp_fetch.c:386:Global default library context, Algorithm (DES-CBC : 8), Properties ()
*** WARNING : deprecated key derivation used.
Using -iter or -pbkdf2 would be better.
Error setting cipher DES-CBC
4097B3586E7C0000:error:0308010C:digital envelope routines:inner_evp_generic_fetch:unsupported:../crypto/evp/evp_fetch.c:386:Global default library context, Algorithm (DES-CBC : 8), Properties ()
*** WARNING : deprecated key derivation used.
Using -iter or -pbkdf2 would be better.
Error setting cipher DES-CBC
40278E21CF7C0000:error:0308010C:digital envelope routines:inner_evp_generic_fetch:unsupported:../crypto/evp/evp_fetch.c:386:Global default library context, Algorithm (DES-CBC : 8), Properties ()
*** WARNING : deprecated key derivation used.
Using -iter or -pbkdf2 would be better.
Error setting cipher DES-CBC
4077C9CE407C0000:error:0308010C:digital envelope routines:inner_evp_generic_fetch:unsupported:../crypto/evp/evp_fetch.c:386:Global default library context, Algorithm (DES-CBC : 8), Properties ()
*** WARNING : deprecated key derivation used.
Using -iter or -pbkdf2 would be better.
Error setting cipher DES-CFB
40572B88647C0000:error:0308010C:digital envelope routines:inner_evp_generic_fetch:unsupported:../crypto/evp/evp_fetch.c:386:Global default library context, Algorithm (DES-CFB : 38), Properties ()
*** WARNING : deprecated key derivation used.
Using -iter or -pbkdf2 would be better.
Error setting cipher DES-CFB
404717E1D6730000:error:0308010C:digital envelope routines:inner_evp_generic_fetch:unsupported:../crypto/evp/evp_fetch.c:386:Global default library context, Algorithm (DES-CFB : 38), Properties ()
*** WARNING : deprecated key derivation used.
Using -iter or -pbkdf2 would be better.
Error setting cipher DES-CFB
4017B4360E730000:error:0308010C:digital envelope routines:inner_evp_generic_fetch:unsupported:../crypto/evp/evp_fetch.c:386:Global default library context, Algorithm (DES-CFB : 38), Properties ()
*** WARNING : deprecated key derivation used.
Using -iter or -pbkdf2 would be better.
Error setting cipher DES-CFB1
40071F05E5790000:error:0308010C:digital envelope routines:inner_evp_generic_fetch:unsupported:../crypto/evp/evp_fetch.c:386:Global default library context, Algorithm (DES-CFB1 : 0), Properties ()
*** WARNING : deprecated key derivation used.
Using -iter or -pbkdf2 would be better.
Error setting cipher DES-CFB1
40D78299CA750000:error:0308010C:digital envelope routines:inner_evp_generic_fetch:unsupported:../crypto/evp/evp_fetch.c:386:Global default library context, Algorithm (DES-CFB1 : 0), Properties ()
*** WARNING : deprecated key derivation used.
Using -iter or -pbkdf2 would be better.
Error setting cipher DES-CFB1
4047AF60FD7D0000:error:0308010C:digital envelope routines:inner_evp_generic_fetch:unsupported:../crypto/evp/evp_fetch.c:386:Global default library context, Algorithm (DES-CFB1 : 0), Properties ()
*** WARNING : deprecated key derivation used.
Using -iter or -pbkdf2 would be better.
Error setting cipher DES-CFB8
40B7AE4F377F0000:error:0308010C:digital envelope routines:inner_evp_generic_fetch:unsupported:../crypto/evp/evp_fetch.c:386:Global default library context, Algorithm (DES-CFB8 : 0), Properties ()
*** WARNING : deprecated key derivation used.
Using -iter or -pbkdf2 would be better.
Error setting cipher DES-CFB8
4037810F597F0000:error:0308010C:digital envelope routines:inner_evp_generic_fetch:unsupported:../crypto/evp/evp_fetch.c:386:Global default library context, Algorithm (DES-CFB8 : 0), Properties ()
*** WARNING : deprecated key derivation used.
Using -iter or -pbkdf2 would be better.
Error setting cipher DES-CFB8
4087873EFA790000:error:0308010C:digital envelope routines:inner_evp_generic_fetch:unsupported:../crypto/evp/evp_fetch.c:386:Global default library context, Algorithm (DES-CFB8 : 0), Properties ()
*** WARNING : deprecated key derivation used.
Using -iter or -pbkdf2 would be better.
Error setting cipher DES-ECB
4087E1807F780000:error:0308010C:digital envelope routines:inner_evp_generic_fetch:unsupported:../crypto/evp/evp_fetch.c:386:Global default library context, Algorithm (DES-ECB : 1), Properties ()
*** WARNING : deprecated key derivation used.
Using -iter or -pbkdf2 would be better.
Error setting cipher DES-ECB
40F743F2ED790000:error:0308010C:digital envelope routines:inner_evp_generic_fetch:unsupported:../crypto/evp/evp_fetch.c:386:Global default library context, Algorithm (DES-ECB : 1), Properties ()
*** WARNING : deprecated key derivation used.
Using -iter or -pbkdf2 would be better.
Error setting cipher DES-ECB
4007FD8DD3760000:error:0308010C:digital envelope routines:inner_evp_generic_fetch:unsupported:../crypto/evp/evp_fetch.c:386:Global default library context, Algorithm (DES-ECB : 1), Properties ()
*** WARNING : deprecated key derivation used.
Using -iter or -pbkdf2 would be better.
bad decrypt
40D76A13487C0000:error:1C800064:Provider routines:ossl_cipher_unpadblock:bad decrypt:../providers/implementations/ciphers/ciphercommon_block.c:124:
*** WARNING : deprecated key derivation used.
Using -iter or -pbkdf2 would be better.
bad decrypt
40C75D60BA790000:error:1C800064:Provider routines:ossl_cipher_unpadblock:bad decrypt:../providers/implementations/ciphers/ciphercommon_block.c:124:
*** WARNING : deprecated key derivation used.
Using -iter or -pbkdf2 would be better.
bad decrypt
4037970302710000:error:1C800064:Provider routines:ossl_cipher_unpadblock:bad decrypt:../providers/implementations/ciphers/ciphercommon_block.c:124:
*** WARNING : deprecated key derivation used.
Using -iter or -pbkdf2 would be better.
bad decrypt
40779D9A837B0000:error:1C800064:Provider routines:ossl_cipher_unpadblock:bad decrypt:../providers/implementations/ciphers/ciphercommon_block.c:124:
*** WARNING : deprecated key derivation used.
Using -iter or -pbkdf2 would be better.
bad decrypt
401798C1E8780000:error:1C800064:Provider routines:ossl_cipher_unpadblock:bad decrypt:../providers/implementations/ciphers/ciphercommon_block.c:124:
*** WARNING : deprecated key derivation used.
Using -iter or -pbkdf2 would be better.
bad decrypt
4097D8B853770000:error:1C800064:Provider routines:ossl_cipher_unpadblock:bad decrypt:../providers/implementations/ciphers/ciphercommon_block.c:124:
*** WARNING : deprecated key derivation used.
Using -iter or -pbkdf2 would be better.
*** WARNING : deprecated key derivation used.
Using -iter or -pbkdf2 would be better.
*** WARNING : deprecated key derivation used.
Using -iter or -pbkdf2 would be better.
*** WARNING : deprecated key derivation used.
Using -iter or -pbkdf2 would be better.
bad decrypt
402709B9C67A0000:error:1C800064:Provider routines:ossl_cipher_unpadblock:bad decrypt:../providers/implementations/ciphers/ciphercommon_block.c:124:
*** WARNING : deprecated key derivation used.
Using -iter or -pbkdf2 would be better.
bad decrypt
40B7A36AA4750000:error:1C800064:Provider routines:ossl_cipher_unpadblock:bad decrypt:../providers/implementations/ciphers/ciphercommon_block.c:124:
*** WARNING : deprecated key derivation used.
Using -iter or -pbkdf2 would be better.
bad decrypt
40A7C4588C7C0000:error:1C800064:Provider routines:ossl_cipher_unpadblock:bad decrypt:../providers/implementations/ciphers/ciphercommon_block.c:124:
*** WARNING : deprecated key derivation used.
Using -iter or -pbkdf2 would be better.
*** WARNING : deprecated key derivation used.
Using -iter or -pbkdf2 would be better.
*** WARNING : deprecated key derivation used.
Using -iter or -pbkdf2 would be better.
*** WARNING : deprecated key derivation used.
Using -iter or -pbkdf2 would be better.
bad decrypt
4057DBDA897F0000:error:1C800064:Provider routines:ossl_cipher_unpadblock:bad decrypt:../providers/implementations/ciphers/ciphercommon_block.c:124:
*** WARNING : deprecated key derivation used.
Using -iter or -pbkdf2 would be better.
bad decrypt
40C75E65A7760000:error:1C800064:Provider routines:ossl_cipher_unpadblock:bad decrypt:../providers/implementations/ciphers/ciphercommon_block.c:124:
*** WARNING : deprecated key derivation used.
Using -iter or -pbkdf2 would be better.
bad decrypt
40277431BD700000:error:1C800064:Provider routines:ossl_cipher_unpadblock:bad decrypt:../providers/implementations/ciphers/ciphercommon_block.c:124:
*** WARNING : deprecated key derivation used.
Using -iter or -pbkdf2 would be better.
bad decrypt
40D7539F997C0000:error:1C800064:Provider routines:ossl_cipher_unpadblock:bad decrypt:../providers/implementations/ciphers/ciphercommon_block.c:124:
*** WARNING : deprecated key derivation used.
Using -iter or -pbkdf2 would be better.
bad decrypt
40178CB848750000:error:1C800064:Provider routines:ossl_cipher_unpadblock:bad decrypt:../providers/implementations/ciphers/ciphercommon_block.c:124:
*** WARNING : deprecated key derivation used.
Using -iter or -pbkdf2 would be better.
bad decrypt
40A78DB8367D0000:error:1C800064:Provider routines:ossl_cipher_unpadblock:bad decrypt:../providers/implementations/ciphers/ciphercommon_block.c:124:
*** WARNING : deprecated key derivation used.
Using -iter or -pbkdf2 would be better.
*** WARNING : deprecated key derivation used.
Using -iter or -pbkdf2 would be better.
*** WARNING : deprecated key derivation used.
Using -iter or -pbkdf2 would be better.
*** WARNING : deprecated key derivation used.
Using -iter or -pbkdf2 would be better.
*** WARNING : deprecated key derivation used.
Using -iter or -pbkdf2 would be better.
*** WARNING : deprecated key derivation used.
Using -iter or -pbkdf2 would be better.
*** WARNING : deprecated key derivation used.
Using -iter or -pbkdf2 would be better.
*** WARNING : deprecated key derivation used.
Using -iter or -pbkdf2 would be better.
*** WARNING : deprecated key derivation used.
Using -iter or -pbkdf2 would be better.
*** WARNING : deprecated key derivation used.
Using -iter or -pbkdf2 would be better.
bad decrypt
4067301245700000:error:1C800064:Provider routines:ossl_cipher_unpadblock:bad decrypt:../providers/implementations/ciphers/ciphercommon_block.c:124:
*** WARNING : deprecated key derivation used.
Using -iter or -pbkdf2 would be better.
bad decrypt
40F764ADEB7A0000:error:1C800064:Provider routines:ossl_cipher_unpadblock:bad decrypt:../providers/implementations/ciphers/ciphercommon_block.c:124:
*** WARNING : deprecated key derivation used.
Using -iter or -pbkdf2 would be better.
bad decrypt
4017AA6D9C760000:error:1C800064:Provider routines:ossl_cipher_unpadblock:bad decrypt:../providers/implementations/ciphers/ciphercommon_block.c:124:
*** WARNING : deprecated key derivation used.
Using -iter or -pbkdf2 would be better.
*** WARNING : deprecated key derivation used.
Using -iter or -pbkdf2 would be better.
*** WARNING : deprecated key derivation used.
Using -iter or -pbkdf2 would be better.
*** WARNING : deprecated key derivation used.
Using -iter or -pbkdf2 would be better.
Error setting cipher DES-OFB
407757EA16750000:error:0308010C:digital envelope routines:inner_evp_generic_fetch:unsupported:../crypto/evp/evp_fetch.c:386:Global default library context, Algorithm (DES-OFB : 66), Properties ()
*** WARNING : deprecated key derivation used.
Using -iter or -pbkdf2 would be better.
Error setting cipher DES-OFB
408795BDF17A0000:error:0308010C:digital envelope routines:inner_evp_generic_fetch:unsupported:../crypto/evp/evp_fetch.c:386:Global default library context, Algorithm (DES-OFB : 66), Properties ()
*** WARNING : deprecated key derivation used.
Using -iter or -pbkdf2 would be better.
Error setting cipher DES-OFB
4077B80EDD700000:error:0308010C:digital envelope routines:inner_evp_generic_fetch:unsupported:../crypto/evp/evp_fetch.c:386:Global default library context, Algorithm (DES-OFB : 66), Properties ()
*** WARNING : deprecated key derivation used.
Using -iter or -pbkdf2 would be better.
bad decrypt
40D70E0CFB7C0000:error:1C800064:Provider routines:ossl_cipher_unpadblock:bad decrypt:../providers/implementations/ciphers/ciphercommon_block.c:124:
*** WARNING : deprecated key derivation used.
Using -iter or -pbkdf2 would be better.
bad decrypt
40C72BA4137F0000:error:1C800064:Provider routines:ossl_cipher_unpadblock:bad decrypt:../providers/implementations/ciphers/ciphercommon_block.c:124:
*** WARNING : deprecated key derivation used.
Using -iter or -pbkdf2 would be better.
bad decrypt
4007422B887B0000:error:1C800064:Provider routines:ossl_cipher_unpadblock:bad decrypt:../providers/implementations/ciphers/ciphercommon_block.c:124:
*** WARNING : deprecated key derivation used.
Using -iter or -pbkdf2 would be better.
error writing output file
401799BB66760000:error:1C800066:Provider routines:tdes_wrap_update:cipher operation failed:../providers/implementations/ciphers/cipher_tdes_wrap.c:164:
*** WARNING : deprecated key derivation used.
Using -iter or -pbkdf2 would be better.
*** WARNING : deprecated key derivation used.
Using -iter or -pbkdf2 would be better.
*** WARNING : deprecated key derivation used.
Using -iter or -pbkdf2 would be better.
Error setting cipher DESX-CBC
40674983A37E0000:error:0308010C:digital envelope routines:inner_evp_generic_fetch:unsupported:../crypto/evp/evp_fetch.c:386:Global default library context, Algorithm (DESX-CBC : 0), Properties ()
*** WARNING : deprecated key derivation used.
Using -iter or -pbkdf2 would be better.
Error setting cipher DESX-CBC
4087F23C21700000:error:0308010C:digital envelope routines:inner_evp_generic_fetch:unsupported:../crypto/evp/evp_fetch.c:386:Global default library context, Algorithm (DESX-CBC : 0), Properties ()
*** WARNING : deprecated key derivation used.
Using -iter or -pbkdf2 would be better.
Error setting cipher DESX-CBC
40E785683F7C0000:error:0308010C:digital envelope routines:inner_evp_generic_fetch:unsupported:../crypto/evp/evp_fetch.c:386:Global default library context, Algorithm (DESX-CBC : 0), Properties ()
*** WARNING : deprecated key derivation used.
Using -iter or -pbkdf2 would be better.
Error setting cipher DESX-CBC
4027B891CD7D0000:error:0308010C:digital envelope routines:inner_evp_generic_fetch:unsupported:../crypto/evp/evp_fetch.c:386:Global default library context, Algorithm (DESX-CBC : 0), Properties ()
*** WARNING : deprecated key derivation used.
Using -iter or -pbkdf2 would be better.
Error setting cipher DESX-CBC
4027A021FA7F0000:error:0308010C:digital envelope routines:inner_evp_generic_fetch:unsupported:../crypto/evp/evp_fetch.c:386:Global default library context, Algorithm (DESX-CBC : 0), Properties ()
*** WARNING : deprecated key derivation used.
Using -iter or -pbkdf2 would be better.
Error setting cipher DESX-CBC
40070A1BCD730000:error:0308010C:digital envelope routines:inner_evp_generic_fetch:unsupported:../crypto/evp/evp_fetch.c:386:Global default library context, Algorithm (DESX-CBC : 0), Properties ()
*** WARNING : deprecated key derivation used.
Using -iter or -pbkdf2 would be better.
error writing output file
40576053F7730000:error:1C800066:Provider routines:aes_wrap_cipher_internal:cipher operation failed:../providers/implementations/ciphers/cipher_aes_wrp.c:212:
40576053F7730000:error:030000BD:digital envelope routines:EVP_DecryptUpdate:update error:../crypto/evp/evp_enc.c:837:
*** WARNING : deprecated key derivation used.
Using -iter or -pbkdf2 would be better.
*** WARNING : deprecated key derivation used.
Using -iter or -pbkdf2 would be better.
*** WARNING : deprecated key derivation used.
Using -iter or -pbkdf2 would be better.
error writing output file
4097B91EA37E0000:error:1C800066:Provider routines:aes_wrap_cipher_internal:cipher operation failed:../providers/implementations/ciphers/cipher_aes_wrp.c:212:
4097B91EA37E0000:error:030000BD:digital envelope routines:EVP_DecryptUpdate:update error:../crypto/evp/evp_enc.c:837:
*** WARNING : deprecated key derivation used.
Using -iter or -pbkdf2 would be better.
*** WARNING : deprecated key derivation used.
Using -iter or -pbkdf2 would be better.
*** WARNING : deprecated key derivation used.
Using -iter or -pbkdf2 would be better.
error writing output file
40E7409D67700000:error:1C800066:Provider routines:aes_wrap_cipher_internal:cipher operation failed:../providers/implementations/ciphers/cipher_aes_wrp.c:212:
40E7409D67700000:error:030000BD:digital envelope routines:EVP_DecryptUpdate:update error:../crypto/evp/evp_enc.c:837:
*** WARNING : deprecated key derivation used.
Using -iter or -pbkdf2 would be better.
*** WARNING : deprecated key derivation used.
Using -iter or -pbkdf2 would be better.
*** WARNING : deprecated key derivation used.
Using -iter or -pbkdf2 would be better.
error writing output file
4087E94D447D0000:error:1C800066:Provider routines:aes_wrap_cipher_internal:cipher operation failed:../providers/implementations/ciphers/cipher_aes_wrp.c:212:
4087E94D447D0000:error:030000BD:digital envelope routines:EVP_DecryptUpdate:update error:../crypto/evp/evp_enc.c:837:
*** WARNING : deprecated key derivation used.
Using -iter or -pbkdf2 would be better.
*** WARNING : deprecated key derivation used.
Using -iter or -pbkdf2 would be better.
*** WARNING : deprecated key derivation used.
Using -iter or -pbkdf2 would be better.
error writing output file
4087403A7C760000:error:1C800066:Provider routines:aes_wrap_cipher_internal:cipher operation failed:../providers/implementations/ciphers/cipher_aes_wrp.c:212:
4087403A7C760000:error:030000BD:digital envelope routines:EVP_DecryptUpdate:update error:../crypto/evp/evp_enc.c:837:
*** WARNING : deprecated key derivation used.
Using -iter or -pbkdf2 would be better.
*** WARNING : deprecated key derivation used.
Using -iter or -pbkdf2 would be better.
*** WARNING : deprecated key derivation used.
Using -iter or -pbkdf2 would be better.
error writing output file
407734F1157C0000:error:1C800066:Provider routines:aes_wrap_cipher_internal:cipher operation failed:../providers/implementations/ciphers/cipher_aes_wrp.c:212:
407734F1157C0000:error:030000BD:digital envelope routines:EVP_DecryptUpdate:update error:../crypto/evp/evp_enc.c:837:
*** WARNING : deprecated key derivation used.
Using -iter or -pbkdf2 would be better.
*** WARNING : deprecated key derivation used.
Using -iter or -pbkdf2 would be better.
*** WARNING : deprecated key derivation used.
Using -iter or -pbkdf2 would be better.
error writing output file
40E73419C4740000:error:1C800066:Provider routines:tdes_wrap_update:cipher operation failed:../providers/implementations/ciphers/cipher_tdes_wrap.c:164:
*** WARNING : deprecated key derivation used.
Using -iter or -pbkdf2 would be better.
*** WARNING : deprecated key derivation used.
Using -iter or -pbkdf2 would be better.
*** WARNING : deprecated key derivation used.
Using -iter or -pbkdf2 would be better.
Error setting cipher RC2-CBC
40A7E14A41780000:error:0308010C:digital envelope routines:inner_evp_generic_fetch:unsupported:../crypto/evp/evp_fetch.c:386:Global default library context, Algorithm (RC2-CBC : 4), Properties ()
*** WARNING : deprecated key derivation used.
Using -iter or -pbkdf2 would be better.
Error setting cipher RC2-CBC
40C7CFF56E720000:error:0308010C:digital envelope routines:inner_evp_generic_fetch:unsupported:../crypto/evp/evp_fetch.c:386:Global default library context, Algorithm (RC2-CBC : 4), Properties ()
*** WARNING : deprecated key derivation used.
Using -iter or -pbkdf2 would be better.
Error setting cipher RC2-CBC
40D7837275700000:error:0308010C:digital envelope routines:inner_evp_generic_fetch:unsupported:../crypto/evp/evp_fetch.c:386:Global default library context, Algorithm (RC2-CBC : 4), Properties ()
*** WARNING : deprecated key derivation used.
Using -iter or -pbkdf2 would be better.
Error setting cipher RC2-CBC
4047CBD38A7F0000:error:0308010C:digital envelope routines:inner_evp_generic_fetch:unsupported:../crypto/evp/evp_fetch.c:386:Global default library context, Algorithm (RC2-CBC : 4), Properties ()
*** WARNING : deprecated key derivation used.
Using -iter or -pbkdf2 would be better.
Error setting cipher RC2-CBC
40D7858C64770000:error:0308010C:digital envelope routines:inner_evp_generic_fetch:unsupported:../crypto/evp/evp_fetch.c:386:Global default library context, Algorithm (RC2-CBC : 4), Properties ()
*** WARNING : deprecated key derivation used.
Using -iter or -pbkdf2 would be better.
Error setting cipher RC2-CBC
40677FBAE3720000:error:0308010C:digital envelope routines:inner_evp_generic_fetch:unsupported:../crypto/evp/evp_fetch.c:386:Global default library context, Algorithm (RC2-CBC : 4), Properties ()
*** WARNING : deprecated key derivation used.
Using -iter or -pbkdf2 would be better.
Error setting cipher RC2-40-CBC
40979E4ABE710000:error:0308010C:digital envelope routines:inner_evp_generic_fetch:unsupported:../crypto/evp/evp_fetch.c:386:Global default library context, Algorithm (RC2-40-CBC : 0), Properties ()
*** WARNING : deprecated key derivation used.
Using -iter or -pbkdf2 would be better.
Error setting cipher RC2-40-CBC
4087228C91750000:error:0308010C:digital envelope routines:inner_evp_generic_fetch:unsupported:../crypto/evp/evp_fetch.c:386:Global default library context, Algorithm (RC2-40-CBC : 0), Properties ()
*** WARNING : deprecated key derivation used.
Using -iter or -pbkdf2 would be better.
Error setting cipher RC2-40-CBC
40A7C57CEB740000:error:0308010C:digital envelope routines:inner_evp_generic_fetch:unsupported:../crypto/evp/evp_fetch.c:386:Global default library context, Algorithm (RC2-40-CBC : 0), Properties ()
*** WARNING : deprecated key derivation used.
Using -iter or -pbkdf2 would be better.
Error setting cipher RC2-40-CBC
4017B0CA54750000:error:0308010C:digital envelope routines:inner_evp_generic_fetch:unsupported:../crypto/evp/evp_fetch.c:386:Global default library context, Algorithm (RC2-40-CBC : 0), Properties ()
*** WARNING : deprecated key derivation used.
Using -iter or -pbkdf2 would be better.
Error setting cipher RC2-40-CBC
40C749FE397E0000:error:0308010C:digital envelope routines:inner_evp_generic_fetch:unsupported:../crypto/evp/evp_fetch.c:386:Global default library context, Algorithm (RC2-40-CBC : 0), Properties ()
*** WARNING : deprecated key derivation used.
Using -iter or -pbkdf2 would be better.
Error setting cipher RC2-40-CBC
4067860AD7750000:error:0308010C:digital envelope routines:inner_evp_generic_fetch:unsupported:../crypto/evp/evp_fetch.c:386:Global default library context, Algorithm (RC2-40-CBC : 0), Properties ()
*** WARNING : deprecated key derivation used.
Using -iter or -pbkdf2 would be better.
Error setting cipher RC2-64-CBC
40170F8AAF720000:error:0308010C:digital envelope routines:inner_evp_generic_fetch:unsupported:../crypto/evp/evp_fetch.c:386:Global default library context, Algorithm (RC2-64-CBC : 0), Properties ()
*** WARNING : deprecated key derivation used.
Using -iter or -pbkdf2 would be better.
Error setting cipher RC2-64-CBC
40970462187B0000:error:0308010C:digital envelope routines:inner_evp_generic_fetch:unsupported:../crypto/evp/evp_fetch.c:386:Global default library context, Algorithm (RC2-64-CBC : 0), Properties ()
*** WARNING : deprecated key derivation used.
Using -iter or -pbkdf2 would be better.
Error setting cipher RC2-64-CBC
40D7D258F77F0000:error:0308010C:digital envelope routines:inner_evp_generic_fetch:unsupported:../crypto/evp/evp_fetch.c:386:Global default library context, Algorithm (RC2-64-CBC : 0), Properties ()
*** WARNING : deprecated key derivation used.
Using -iter or -pbkdf2 would be better.
Error setting cipher RC2-64-CBC
40674822D77E0000:error:0308010C:digital envelope routines:inner_evp_generic_fetch:unsupported:../crypto/evp/evp_fetch.c:386:Global default library context, Algorithm (RC2-64-CBC : 0), Properties ()
*** WARNING : deprecated key derivation used.
Using -iter or -pbkdf2 would be better.
Error setting cipher RC2-64-CBC
4087DE3A24720000:error:0308010C:digital envelope routines:inner_evp_generic_fetch:unsupported:../crypto/evp/evp_fetch.c:386:Global default library context, Algorithm (RC2-64-CBC : 0), Properties ()
*** WARNING : deprecated key derivation used.
Using -iter or -pbkdf2 would be better.
Error setting cipher RC2-64-CBC
40D7A776A6750000:error:0308010C:digital envelope routines:inner_evp_generic_fetch:unsupported:../crypto/evp/evp_fetch.c:386:Global default library context, Algorithm (RC2-64-CBC : 0), Properties ()
*** WARNING : deprecated key derivation used.
Using -iter or -pbkdf2 would be better.
Error setting cipher RC2-CBC
40572C8161790000:error:0308010C:digital envelope routines:inner_evp_generic_fetch:unsupported:../crypto/evp/evp_fetch.c:386:Global default library context, Algorithm (RC2-CBC : 4), Properties ()
*** WARNING : deprecated key derivation used.
Using -iter or -pbkdf2 would be better.
Error setting cipher RC2-CBC
4087C41FFE7E0000:error:0308010C:digital envelope routines:inner_evp_generic_fetch:unsupported:../crypto/evp/evp_fetch.c:386:Global default library context, Algorithm (RC2-CBC : 4), Properties ()
*** WARNING : deprecated key derivation used.
Using -iter or -pbkdf2 would be better.
Error setting cipher RC2-CBC
401794D320720000:error:0308010C:digital envelope routines:inner_evp_generic_fetch:unsupported:../crypto/evp/evp_fetch.c:386:Global default library context, Algorithm (RC2-CBC : 4), Properties ()
*** WARNING : deprecated key derivation used.
Using -iter or -pbkdf2 would be better.
Error setting cipher RC2-CFB
4037024615760000:error:0308010C:digital envelope routines:inner_evp_generic_fetch:unsupported:../crypto/evp/evp_fetch.c:386:Global default library context, Algorithm (RC2-CFB : 0), Properties ()
*** WARNING : deprecated key derivation used.
Using -iter or -pbkdf2 would be better.
Error setting cipher RC2-CFB
40B75500087B0000:error:0308010C:digital envelope routines:inner_evp_generic_fetch:unsupported:../crypto/evp/evp_fetch.c:386:Global default library context, Algorithm (RC2-CFB : 0), Properties ()
*** WARNING : deprecated key derivation used.
Using -iter or -pbkdf2 would be better.
Error setting cipher RC2-CFB
4027DA96B4750000:error:0308010C:digital envelope routines:inner_evp_generic_fetch:unsupported:../crypto/evp/evp_fetch.c:386:Global default library context, Algorithm (RC2-CFB : 0), Properties ()
*** WARNING : deprecated key derivation used.
Using -iter or -pbkdf2 would be better.
Error setting cipher RC2-ECB
40D7A2E270770000:error:0308010C:digital envelope routines:inner_evp_generic_fetch:unsupported:../crypto/evp/evp_fetch.c:386:Global default library context, Algorithm (RC2-ECB : 0), Properties ()
*** WARNING : deprecated key derivation used.
Using -iter or -pbkdf2 would be better.
Error setting cipher RC2-ECB
40579BE3AE7D0000:error:0308010C:digital envelope routines:inner_evp_generic_fetch:unsupported:../crypto/evp/evp_fetch.c:386:Global default library context, Algorithm (RC2-ECB : 0), Properties ()
*** WARNING : deprecated key derivation used.
Using -iter or -pbkdf2 would be better.
Error setting cipher RC2-ECB
4087006E1B720000:error:0308010C:digital envelope routines:inner_evp_generic_fetch:unsupported:../crypto/evp/evp_fetch.c:386:Global default library context, Algorithm (RC2-ECB : 0), Properties ()
*** WARNING : deprecated key derivation used.
Using -iter or -pbkdf2 would be better.
Error setting cipher RC2-OFB
4067E085AC7E0000:error:0308010C:digital envelope routines:inner_evp_generic_fetch:unsupported:../crypto/evp/evp_fetch.c:386:Global default library context, Algorithm (RC2-OFB : 0), Properties ()
*** WARNING : deprecated key derivation used.
Using -iter or -pbkdf2 would be better.
Error setting cipher RC2-OFB
401761A7447F0000:error:0308010C:digital envelope routines:inner_evp_generic_fetch:unsupported:../crypto/evp/evp_fetch.c:386:Global default library context, Algorithm (RC2-OFB : 0), Properties ()
*** WARNING : deprecated key derivation used.
Using -iter or -pbkdf2 would be better.
Error setting cipher RC2-OFB
4087749153790000:error:0308010C:digital envelope routines:inner_evp_generic_fetch:unsupported:../crypto/evp/evp_fetch.c:386:Global default library context, Algorithm (RC2-OFB : 0), Properties ()
*** WARNING : deprecated key derivation used.
Using -iter or -pbkdf2 would be better.
Error setting cipher RC4
40A7FEB7E77E0000:error:0308010C:digital envelope routines:inner_evp_generic_fetch:unsupported:../crypto/evp/evp_fetch.c:386:Global default library context, Algorithm (RC4 : 37), Properties ()
*** WARNING : deprecated key derivation used.
Using -iter or -pbkdf2 would be better.
Error setting cipher RC4
4007B090C37B0000:error:0308010C:digital envelope routines:inner_evp_generic_fetch:unsupported:../crypto/evp/evp_fetch.c:386:Global default library context, Algorithm (RC4 : 37), Properties ()
*** WARNING : deprecated key derivation used.
Using -iter or -pbkdf2 would be better.
Error setting cipher RC4
40B727EB0D710000:error:0308010C:digital envelope routines:inner_evp_generic_fetch:unsupported:../crypto/evp/evp_fetch.c:386:Global default library context, Algorithm (RC4 : 37), Properties ()
*** WARNING : deprecated key derivation used.
Using -iter or -pbkdf2 would be better.
Error setting cipher RC4-40
40073CA9C6740000:error:0308010C:digital envelope routines:inner_evp_generic_fetch:unsupported:../crypto/evp/evp_fetch.c:386:Global default library context, Algorithm (RC4-40 : 0), Properties ()
*** WARNING : deprecated key derivation used.
Using -iter or -pbkdf2 would be better.
Error setting cipher RC4-40
40C78057747C0000:error:0308010C:digital envelope routines:inner_evp_generic_fetch:unsupported:../crypto/evp/evp_fetch.c:386:Global default library context, Algorithm (RC4-40 : 0), Properties ()
*** WARNING : deprecated key derivation used.
Using -iter or -pbkdf2 would be better.
Error setting cipher RC4-40
40D7A3001F760000:error:0308010C:digital envelope routines:inner_evp_generic_fetch:unsupported:../crypto/evp/evp_fetch.c:386:Global default library context, Algorithm (RC4-40 : 0), Properties ()
*** WARNING : deprecated key derivation used.
Using -iter or -pbkdf2 would be better.
Error setting cipher SEED-CBC
407752A82D7E0000:error:0308010C:digital envelope routines:inner_evp_generic_fetch:unsupported:../crypto/evp/evp_fetch.c:386:Global default library context, Algorithm (SEED-CBC : 53), Properties ()
*** WARNING : deprecated key derivation used.
Using -iter or -pbkdf2 would be better.
Error setting cipher SEED-CBC
40A766732B7C0000:error:0308010C:digital envelope routines:inner_evp_generic_fetch:unsupported:../crypto/evp/evp_fetch.c:386:Global default library context, Algorithm (SEED-CBC : 53), Properties ()
*** WARNING : deprecated key derivation used.
Using -iter or -pbkdf2 would be better.
Error setting cipher SEED-CBC
40B73F16E47E0000:error:0308010C:digital envelope routines:inner_evp_generic_fetch:unsupported:../crypto/evp/evp_fetch.c:386:Global default library context, Algorithm (SEED-CBC : 53), Properties ()
*** WARNING : deprecated key derivation used.
Using -iter or -pbkdf2 would be better.
Error setting cipher SEED-CBC
40C768DFB97D0000:error:0308010C:digital envelope routines:inner_evp_generic_fetch:unsupported:../crypto/evp/evp_fetch.c:386:Global default library context, Algorithm (SEED-CBC : 53), Properties ()
*** WARNING : deprecated key derivation used.
Using -iter or -pbkdf2 would be better.
Error setting cipher SEED-CBC
40B7D8DB66750000:error:0308010C:digital envelope routines:inner_evp_generic_fetch:unsupported:../crypto/evp/evp_fetch.c:386:Global default library context, Algorithm (SEED-CBC : 53), Properties ()
*** WARNING : deprecated key derivation used.
Using -iter or -pbkdf2 would be better.
Error setting cipher SEED-CBC
40A7D41CB27B0000:error:0308010C:digital envelope routines:inner_evp_generic_fetch:unsupported:../crypto/evp/evp_fetch.c:386:Global default library context, Algorithm (SEED-CBC : 53), Properties ()
*** WARNING : deprecated key derivation used.
Using -iter or -pbkdf2 would be better.
Error setting cipher SEED-CFB
4087ABDBAA750000:error:0308010C:digital envelope routines:inner_evp_generic_fetch:unsupported:../crypto/evp/evp_fetch.c:386:Global default library context, Algorithm (SEED-CFB : 49), Properties ()
*** WARNING : deprecated key derivation used.
Using -iter or -pbkdf2 would be better.
Error setting cipher SEED-CFB
40B7F87ABB700000:error:0308010C:digital envelope routines:inner_evp_generic_fetch:unsupported:../crypto/evp/evp_fetch.c:386:Global default library context, Algorithm (SEED-CFB : 49), Properties ()
*** WARNING : deprecated key derivation used.
Using -iter or -pbkdf2 would be better.
Error setting cipher SEED-CFB
40476285977C0000:error:0308010C:digital envelope routines:inner_evp_generic_fetch:unsupported:../crypto/evp/evp_fetch.c:386:Global default library context, Algorithm (SEED-CFB : 49), Properties ()
*** WARNING : deprecated key derivation used.
Using -iter or -pbkdf2 would be better.
Error setting cipher SEED-ECB
40276A7B5E750000:error:0308010C:digital envelope routines:inner_evp_generic_fetch:unsupported:../crypto/evp/evp_fetch.c:386:Global default library context, Algorithm (SEED-ECB : 74), Properties ()
*** WARNING : deprecated key derivation used.
Using -iter or -pbkdf2 would be better.
Error setting cipher SEED-ECB
40C78F6328780000:error:0308010C:digital envelope routines:inner_evp_generic_fetch:unsupported:../crypto/evp/evp_fetch.c:386:Global default library context, Algorithm (SEED-ECB : 74), Properties ()
*** WARNING : deprecated key derivation used.
Using -iter or -pbkdf2 would be better.
Error setting cipher SEED-ECB
40172143657A0000:error:0308010C:digital envelope routines:inner_evp_generic_fetch:unsupported:../crypto/evp/evp_fetch.c:386:Global default library context, Algorithm (SEED-ECB : 74), Properties ()
*** WARNING : deprecated key derivation used.
Using -iter or -pbkdf2 would be better.
Error setting cipher SEED-OFB
40977A9C66700000:error:0308010C:digital envelope routines:inner_evp_generic_fetch:unsupported:../crypto/evp/evp_fetch.c:386:Global default library context, Algorithm (SEED-OFB : 61), Properties ()
*** WARNING : deprecated key derivation used.
Using -iter or -pbkdf2 would be better.
Error setting cipher SEED-OFB
4087B493127C0000:error:0308010C:digital envelope routines:inner_evp_generic_fetch:unsupported:../crypto/evp/evp_fetch.c:386:Global default library context, Algorithm (SEED-OFB : 61), Properties ()
*** WARNING : deprecated key derivation used.
Using -iter or -pbkdf2 would be better.
Error setting cipher SEED-OFB
4087AC657B720000:error:0308010C:digital envelope routines:inner_evp_generic_fetch:unsupported:../crypto/evp/evp_fetch.c:386:Global default library context, Algorithm (SEED-OFB : 61), Properties ()
*** WARNING : deprecated key derivation used.
Using -iter or -pbkdf2 would be better.
bad decrypt
40A727AB47710000:error:1C800064:Provider routines:ossl_cipher_unpadblock:bad decrypt:../providers/implementations/ciphers/ciphercommon_block.c:124:
*** WARNING : deprecated key derivation used.
Using -iter or -pbkdf2 would be better.
bad decrypt
4087A5FF24750000:error:1C800064:Provider routines:ossl_cipher_unpadblock:bad decrypt:../providers/implementations/ciphers/ciphercommon_block.c:124:
*** WARNING : deprecated key derivation used.
Using -iter or -pbkdf2 would be better.
bad decrypt
40E7F629C27C0000:error:1C800064:Provider routines:ossl_cipher_unpadblock:bad decrypt:../providers/implementations/ciphers/ciphercommon_block.c:124:
*** WARNING : deprecated key derivation used.
Using -iter or -pbkdf2 would be better.
bad decrypt
40D7BEAE3E7F0000:error:1C800064:Provider routines:ossl_cipher_unpadblock:bad decrypt:../providers/implementations/ciphers/ciphercommon_block.c:124:
*** WARNING : deprecated key derivation used.
Using -iter or -pbkdf2 would be better.
bad decrypt
40C7810C92790000:error:1C800064:Provider routines:ossl_cipher_unpadblock:bad decrypt:../providers/implementations/ciphers/ciphercommon_block.c:124:
*** WARNING : deprecated key derivation used.
Using -iter or -pbkdf2 would be better.
bad decrypt
400779EC0E7B0000:error:1C800064:Provider routines:ossl_cipher_unpadblock:bad decrypt:../providers/implementations/ciphers/ciphercommon_block.c:124:
*** WARNING : deprecated key derivation used.
Using -iter or -pbkdf2 would be better.
*** WARNING : deprecated key derivation used.
Using -iter or -pbkdf2 would be better.
*** WARNING : deprecated key derivation used.
Using -iter or -pbkdf2 would be better.
*** WARNING : deprecated key derivation used.
Using -iter or -pbkdf2 would be better.
*** WARNING : deprecated key derivation used.
Using -iter or -pbkdf2 would be better.
*** WARNING : deprecated key derivation used.
Using -iter or -pbkdf2 would be better.
*** WARNING : deprecated key derivation used.
Using -iter or -pbkdf2 would be better.
bad decrypt
40172DD665740000:error:1C800064:Provider routines:ossl_cipher_unpadblock:bad decrypt:../providers/implementations/ciphers/ciphercommon_block.c:124:
*** WARNING : deprecated key derivation used.
Using -iter or -pbkdf2 would be better.
bad decrypt
40E707D1DE7C0000:error:1C800064:Provider routines:ossl_cipher_unpadblock:bad decrypt:../providers/implementations/ciphers/ciphercommon_block.c:129:
*** WARNING : deprecated key derivation used.
Using -iter or -pbkdf2 would be better.
bad decrypt
409787A06B710000:error:1C800064:Provider routines:ossl_cipher_unpadblock:bad decrypt:../providers/implementations/ciphers/ciphercommon_block.c:124:
*** WARNING : deprecated key derivation used.
Using -iter or -pbkdf2 would be better.
*** WARNING : deprecated key derivation used.
Using -iter or -pbkdf2 would be better.
*** WARNING : deprecated key derivation used.
Using -iter or -pbkdf2 would be better.
enc: Use -help for summary.
enc: Use -help for summary.
enc: Use -help for summary.
enc: Use -help for summary.
enc: Use -help for summary.
enc: Use -help for summary.
*** WARNING : deprecated key derivation used.
Using -iter or -pbkdf2 would be better.
bad decrypt
4087E3F3F5740000:error:1C800064:Provider routines:ossl_cipher_unpadblock:bad decrypt:../providers/implementations/ciphers/ciphercommon_block.c:124:
*** WARNING : deprecated key derivation used.
Using -iter or -pbkdf2 would be better.
bad decrypt
40872E805B780000:error:1C800064:Provider routines:ossl_cipher_unpadblock:bad decrypt:../providers/implementations/ciphers/ciphercommon_block.c:124:
*** WARNING : deprecated key derivation used.
Using -iter or -pbkdf2 would be better.
bad decrypt
4017EF91CB7C0000:error:1C800064:Provider routines:ossl_cipher_unpadblock:bad decrypt:../providers/implementations/ciphers/ciphercommon_block.c:124:
*** WARNING : deprecated key derivation used.
Using -iter or -pbkdf2 would be better.
*** WARNING : deprecated key derivation used.
Using -iter or -pbkdf2 would be better.
*** WARNING : deprecated key derivation used.
Using -iter or -pbkdf2 would be better.
*** WARNING : deprecated key derivation used.
Using -iter or -pbkdf2 would be better.
*** WARNING : deprecated key derivation used.
Using -iter or -pbkdf2 would be better.
*** WARNING : deprecated key derivation used.
Using -iter or -pbkdf2 would be better.
*** WARNING : deprecated key derivation used.
Using -iter or -pbkdf2 would be better.
*** WARNING : deprecated key derivation used.
Using -iter or -pbkdf2 would be better.
*** WARNING : deprecated key derivation used.
Using -iter or -pbkdf2 would be better.
*** WARNING : deprecated key derivation used.
Using -iter or -pbkdf2 would be better.
*** WARNING : deprecated key derivation used.
Using -iter or -pbkdf2 would be better.
*** WARNING : deprecated key derivation used.
Using -iter or -pbkdf2 would be better.
*** WARNING : deprecated key derivation used.
Using -iter or -pbkdf2 would be better.
bad decrypt
400785B5877F0000:error:1C800064:Provider routines:ossl_cipher_unpadblock:bad decrypt:../providers/implementations/ciphers/ciphercommon_block.c:124:
*** WARNING : deprecated key derivation used.
Using -iter or -pbkdf2 would be better.
bad decrypt
4047D2F9C0770000:error:1C800064:Provider routines:ossl_cipher_unpadblock:bad decrypt:../providers/implementations/ciphers/ciphercommon_block.c:124:
*** WARNING : deprecated key derivation used.
Using -iter or -pbkdf2 would be better.
bad decrypt
40D73AAA297B0000:error:1C800064:Provider routines:ossl_cipher_unpadblock:bad decrypt:../providers/implementations/ciphers/ciphercommon_block.c:124:
*** WARNING : deprecated key derivation used.
Using -iter or -pbkdf2 would be better.
*** WARNING : deprecated key derivation used.
Using -iter or -pbkdf2 would be better.
*** WARNING : deprecated key derivation used.
Using -iter or -pbkdf2 would be better.
*** WARNING : deprecated key derivation used.
Using -iter or -pbkdf2 would be better.
bad decrypt
40871BA79D7F0000:error:1C800064:Provider routines:ossl_cipher_unpadblock:bad decrypt:../providers/implementations/ciphers/ciphercommon_block.c:124:
*** WARNING : deprecated key derivation used.
Using -iter or -pbkdf2 would be better.
bad decrypt
40C78389767A0000:error:1C800064:Provider routines:ossl_cipher_unpadblock:bad decrypt:../providers/implementations/ciphers/ciphercommon_block.c:124:
*** WARNING : deprecated key derivation used.
Using -iter or -pbkdf2 would be better.
bad decrypt
40072A2782750000:error:1C800064:Provider routines:ossl_cipher_unpadblock:bad decrypt:../providers/implementations/ciphers/ciphercommon_block.c:124:
*** WARNING : deprecated key derivation used.
Using -iter or -pbkdf2 would be better.
*** WARNING : deprecated key derivation used.
Using -iter or -pbkdf2 would be better.
*** WARNING : deprecated key derivation used.
Using -iter or -pbkdf2 would be better.
*** WARNING : deprecated key derivation used.
Using -iter or -pbkdf2 would be better.
*** WARNING : deprecated key derivation used.
Using -iter or -pbkdf2 would be better.
*** WARNING : deprecated key derivation used.
Using -iter or -pbkdf2 would be better.
*** WARNING : deprecated key derivation used.
Using -iter or -pbkdf2 would be better.
*** WARNING : deprecated key derivation used.
Using -iter or -pbkdf2 would be better.
*** WARNING : deprecated key derivation used.
Using -iter or -pbkdf2 would be better.
*** WARNING : deprecated key derivation used.
Using -iter or -pbkdf2 would be better.
*** WARNING : deprecated key derivation used.
Using -iter or -pbkdf2 would be better.
*** WARNING : deprecated key derivation used.
Using -iter or -pbkdf2 would be better.
*** WARNING : deprecated key derivation used.
Using -iter or -pbkdf2 would be better.
*** WARNING : deprecated key derivation used.
Using -iter or -pbkdf2 would be better.
bad decrypt
40B706E560730000:error:1C80006B:Provider routines:ossl_cipher_generic_block_final:wrong final block length:../providers/implementations/ciphers/ciphercommon.c:443:
*** WARNING : deprecated key derivation used.
Using -iter or -pbkdf2 would be better.
bad decrypt
40474220D17A0000:error:1C800064:Provider routines:ossl_cipher_unpadblock:bad decrypt:../providers/implementations/ciphers/ciphercommon_block.c:124:
*** WARNING : deprecated key derivation used.
Using -iter or -pbkdf2 would be better.
*** WARNING : deprecated key derivation used.
Using -iter or -pbkdf2 would be better.
*** WARNING : deprecated key derivation used.
Using -iter or -pbkdf2 would be better.
*** WARNING : deprecated key derivation used.
Using -iter or -pbkdf2 would be better.
bad decrypt
40C759FD23730000:error:1C800064:Provider routines:ossl_cipher_unpadblock:bad decrypt:../providers/implementations/ciphers/ciphercommon_block.c:124:
*** WARNING : deprecated key derivation used.
Using -iter or -pbkdf2 would be better.
bad decrypt
40F7B0AF4C700000:error:1C800064:Provider routines:ossl_cipher_unpadblock:bad decrypt:../providers/implementations/ciphers/ciphercommon_block.c:124:
*** WARNING : deprecated key derivation used.
Using -iter or -pbkdf2 would be better.
bad decrypt
40B7BC52ED750000:error:1C800064:Provider routines:ossl_cipher_unpadblock:bad decrypt:../providers/implementations/ciphers/ciphercommon_block.c:124:
*** WARNING : deprecated key derivation used.
Using -iter or -pbkdf2 would be better.
*** WARNING : deprecated key derivation used.
Using -iter or -pbkdf2 would be better.
*** WARNING : deprecated key derivation used.
Using -iter or -pbkdf2 would be better.
*** WARNING : deprecated key derivation used.
Using -iter or -pbkdf2 would be better.
*** WARNING : deprecated key derivation used.
Using -iter or -pbkdf2 would be better.
*** WARNING : deprecated key derivation used.
Using -iter or -pbkdf2 would be better.
*** WARNING : deprecated key derivation used.
Using -iter or -pbkdf2 would be better.
*** WARNING : deprecated key derivation used.
Using -iter or -pbkdf2 would be better.
*** WARNING : deprecated key derivation used.
Using -iter or -pbkdf2 would be better.
*** WARNING : deprecated key derivation used.
Using -iter or -pbkdf2 would be better.
*** WARNING : deprecated key derivation used.
Using -iter or -pbkdf2 would be better.
*** WARNING : deprecated key derivation used.
Using -iter or -pbkdf2 would be better.
*** WARNING : deprecated key derivation used.
Using -iter or -pbkdf2 would be better.
bad decrypt
4047F262367E0000:error:1C800064:Provider routines:ossl_cipher_unpadblock:bad decrypt:../providers/implementations/ciphers/ciphercommon_block.c:124:
*** WARNING : deprecated key derivation used.
Using -iter or -pbkdf2 would be better.
bad decrypt
4047A3AF26710000:error:1C800064:Provider routines:ossl_cipher_unpadblock:bad decrypt:../providers/implementations/ciphers/ciphercommon_block.c:124:
*** WARNING : deprecated key derivation used.
Using -iter or -pbkdf2 would be better.
bad decrypt
40E7161E61780000:error:1C800064:Provider routines:ossl_cipher_unpadblock:bad decrypt:../providers/implementations/ciphers/ciphercommon_block.c:124:
*** WARNING : deprecated key derivation used.
Using -iter or -pbkdf2 would be better.
*** WARNING : deprecated key derivation used.
Using -iter or -pbkdf2 would be better.
*** WARNING : deprecated key derivation used.
Using -iter or -pbkdf2 would be better.
*** WARNING : deprecated key derivation used.
Using -iter or -pbkdf2 would be better.
bad decrypt
40677310EC770000:error:1C800064:Provider routines:ossl_cipher_unpadblock:bad decrypt:../providers/implementations/ciphers/ciphercommon_block.c:124:
*** WARNING : deprecated key derivation used.
Using -iter or -pbkdf2 would be better.
bad decrypt
408722733E7A0000:error:1C800064:Provider routines:ossl_cipher_unpadblock:bad decrypt:../providers/implementations/ciphers/ciphercommon_block.c:124:
*** WARNING : deprecated key derivation used.
Using -iter or -pbkdf2 would be better.
bad decrypt
4067E1F6BD730000:error:1C800064:Provider routines:ossl_cipher_unpadblock:bad decrypt:../providers/implementations/ciphers/ciphercommon_block.c:124:
*** WARNING : deprecated key derivation used.
Using -iter or -pbkdf2 would be better.
error writing output file
40E71089BB740000:error:1C800066:Provider routines:aes_wrap_cipher_internal:cipher operation failed:../providers/implementations/ciphers/cipher_aes_wrp.c:212:
40E71089BB740000:error:030000BD:digital envelope routines:EVP_DecryptUpdate:update error:../crypto/evp/evp_enc.c:837:
*** WARNING : deprecated key derivation used.
Using -iter or -pbkdf2 would be better.
*** WARNING : deprecated key derivation used.
Using -iter or -pbkdf2 would be better.
*** WARNING : deprecated key derivation used.
Using -iter or -pbkdf2 would be better.
bad decrypt
4067450CE37C0000:error:1C800064:Provider routines:ossl_cipher_unpadblock:bad decrypt:../providers/implementations/ciphers/ciphercommon_block.c:124:
*** WARNING : deprecated key derivation used.
Using -iter or -pbkdf2 would be better.
bad decrypt
4067876D3C700000:error:1C800064:Provider routines:ossl_cipher_unpadblock:bad decrypt:../providers/implementations/ciphers/ciphercommon_block.c:124:
*** WARNING : deprecated key derivation used.
Using -iter or -pbkdf2 would be better.
bad decrypt
40E796D15F7B0000:error:1C800064:Provider routines:ossl_cipher_unpadblock:bad decrypt:../providers/implementations/ciphers/ciphercommon_block.c:124:
*** WARNING : deprecated key derivation used.
Using -iter or -pbkdf2 would be better.
error writing output file
4007996CE17C0000:error:1C800066:Provider routines:aes_wrap_cipher_internal:cipher operation failed:../providers/implementations/ciphers/cipher_aes_wrp.c:212:
4007996CE17C0000:error:030000BD:digital envelope routines:EVP_DecryptUpdate:update error:../crypto/evp/evp_enc.c:837:
*** WARNING : deprecated key derivation used.
Using -iter or -pbkdf2 would be better.
*** WARNING : deprecated key derivation used.
Using -iter or -pbkdf2 would be better.
*** WARNING : deprecated key derivation used.
Using -iter or -pbkdf2 would be better.
bad decrypt
40072F133E7A0000:error:1C800064:Provider routines:ossl_cipher_unpadblock:bad decrypt:../providers/implementations/ciphers/ciphercommon_block.c:124:
*** WARNING : deprecated key derivation used.
Using -iter or -pbkdf2 would be better.
bad decrypt
4057ACB5C0780000:error:1C800064:Provider routines:ossl_cipher_unpadblock:bad decrypt:../providers/implementations/ciphers/ciphercommon_block.c:124:
*** WARNING : deprecated key derivation used.
Using -iter or -pbkdf2 would be better.
bad decrypt
4077045FA7790000:error:1C800064:Provider routines:ossl_cipher_unpadblock:bad decrypt:../providers/implementations/ciphers/ciphercommon_block.c:124:
*** WARNING : deprecated key derivation used.
Using -iter or -pbkdf2 would be better.
error writing output file
4047571A7F750000:error:1C800066:Provider routines:aes_wrap_cipher_internal:cipher operation failed:../providers/implementations/ciphers/cipher_aes_wrp.c:212:
4047571A7F750000:error:030000BD:digital envelope routines:EVP_DecryptUpdate:update error:../crypto/evp/evp_enc.c:837:
*** WARNING : deprecated key derivation used.
Using -iter or -pbkdf2 would be better.
*** WARNING : deprecated key derivation used.
Using -iter or -pbkdf2 would be better.
*** WARNING : deprecated key derivation used.
Using -iter or -pbkdf2 would be better.
bad decrypt
4077A5572D7A0000:error:1C800064:Provider routines:ossl_cipher_unpadblock:bad decrypt:../providers/implementations/ciphers/ciphercommon_block.c:124:
*** WARNING : deprecated key derivation used.
Using -iter or -pbkdf2 would be better.
bad decrypt
40B728DF3F760000:error:1C800064:Provider routines:ossl_cipher_unpadblock:bad decrypt:../providers/implementations/ciphers/ciphercommon_block.c:124:
*** WARNING : deprecated key derivation used.
Using -iter or -pbkdf2 would be better.
bad decrypt
40473E524D790000:error:1C800064:Provider routines:ossl_cipher_unpadblock:bad decrypt:../providers/implementations/ciphers/ciphercommon_block.c:124:
*** WARNING : deprecated key derivation used.
Using -iter or -pbkdf2 would be better.
*** WARNING : deprecated key derivation used.
Using -iter or -pbkdf2 would be better.
*** WARNING : deprecated key derivation used.
Using -iter or -pbkdf2 would be better.
*** WARNING : deprecated key derivation used.
Using -iter or -pbkdf2 would be better.
*** WARNING : deprecated key derivation used.
Using -iter or -pbkdf2 would be better.
*** WARNING : deprecated key derivation used.
Using -iter or -pbkdf2 would be better.
*** WARNING : deprecated key derivation used.
Using -iter or -pbkdf2 would be better.
*** WARNING : deprecated key derivation used.
Using -iter or -pbkdf2 would be better.
*** WARNING : deprecated key derivation used.
Using -iter or -pbkdf2 would be better.
*** WARNING : deprecated key derivation used.
Using -iter or -pbkdf2 would be better.
*** WARNING : deprecated key derivation used.
Using -iter or -pbkdf2 would be better.
*** WARNING : deprecated key derivation used.
Using -iter or -pbkdf2 would be better.
*** WARNING : deprecated key derivation used.
Using -iter or -pbkdf2 would be better.
bad decrypt
40D7F077B0750000:error:1C800064:Provider routines:ossl_cipher_unpadblock:bad decrypt:../providers/implementations/ciphers/ciphercommon_block.c:124:
*** WARNING : deprecated key derivation used.
Using -iter or -pbkdf2 would be better.
bad decrypt
40B7A74B8E7E0000:error:1C800064:Provider routines:ossl_cipher_unpadblock:bad decrypt:../providers/implementations/ciphers/ciphercommon_block.c:124:
*** WARNING : deprecated key derivation used.
Using -iter or -pbkdf2 would be better.
bad decrypt
40373D61607C0000:error:1C800064:Provider routines:ossl_cipher_unpadblock:bad decrypt:../providers/implementations/ciphers/ciphercommon_block.c:124:
*** WARNING : deprecated key derivation used.
Using -iter or -pbkdf2 would be better.
*** WARNING : deprecated key derivation used.
Using -iter or -pbkdf2 would be better.
*** WARNING : deprecated key derivation used.
Using -iter or -pbkdf2 would be better.
*** WARNING : deprecated key derivation used.
Using -iter or -pbkdf2 would be better.
bad decrypt
408782384F7B0000:error:1C800064:Provider routines:ossl_cipher_unpadblock:bad decrypt:../providers/implementations/ciphers/ciphercommon_block.c:124:
*** WARNING : deprecated key derivation used.
Using -iter or -pbkdf2 would be better.
bad decrypt
40C7F75EC8780000:error:1C800064:Provider routines:ossl_cipher_unpadblock:bad decrypt:../providers/implementations/ciphers/ciphercommon_block.c:124:
*** WARNING : deprecated key derivation used.
Using -iter or -pbkdf2 would be better.
bad decrypt
40A756F42F7F0000:error:1C800064:Provider routines:ossl_cipher_unpadblock:bad decrypt:../providers/implementations/ciphers/ciphercommon_block.c:124:
*** WARNING : deprecated key derivation used.
Using -iter or -pbkdf2 would be better.
*** WARNING : deprecated key derivation used.
Using -iter or -pbkdf2 would be better.
*** WARNING : deprecated key derivation used.
Using -iter or -pbkdf2 would be better.
*** WARNING : deprecated key derivation used.
Using -iter or -pbkdf2 would be better.
*** WARNING : deprecated key derivation used.
Using -iter or -pbkdf2 would be better.
*** WARNING : deprecated key derivation used.
Using -iter or -pbkdf2 would be better.
*** WARNING : deprecated key derivation used.
Using -iter or -pbkdf2 would be better.
*** WARNING : deprecated key derivation used.
Using -iter or -pbkdf2 would be better.
*** WARNING : deprecated key derivation used.
Using -iter or -pbkdf2 would be better.
*** WARNING : deprecated key derivation used.
Using -iter or -pbkdf2 would be better.
*** WARNING : deprecated key derivation used.
Using -iter or -pbkdf2 would be better.
*** WARNING : deprecated key derivation used.
Using -iter or -pbkdf2 would be better.
*** WARNING : deprecated key derivation used.
Using -iter or -pbkdf2 would be better.
bad decrypt
409779E6297E0000:error:1C800064:Provider routines:ossl_cipher_unpadblock:bad decrypt:../providers/implementations/ciphers/ciphercommon_block.c:124:
*** WARNING : deprecated key derivation used.
Using -iter or -pbkdf2 would be better.
bad decrypt
4097B98220790000:error:1C800064:Provider routines:ossl_cipher_unpadblock:bad decrypt:../providers/implementations/ciphers/ciphercommon_block.c:124:
*** WARNING : deprecated key derivation used.
Using -iter or -pbkdf2 would be better.
bad decrypt
401765229C7E0000:error:1C800064:Provider routines:ossl_cipher_unpadblock:bad decrypt:../providers/implementations/ciphers/ciphercommon_block.c:124:
*** WARNING : deprecated key derivation used.
Using -iter or -pbkdf2 would be better.
*** WARNING : deprecated key derivation used.
Using -iter or -pbkdf2 would be better.
*** WARNING : deprecated key derivation used.
Using -iter or -pbkdf2 would be better.
*** WARNING : deprecated key derivation used.
Using -iter or -pbkdf2 would be better.
bad decrypt
40E760DC02750000:error:1C800064:Provider routines:ossl_cipher_unpadblock:bad decrypt:../providers/implementations/ciphers/ciphercommon_block.c:124:
*** WARNING : deprecated key derivation used.
Using -iter or -pbkdf2 would be better.
bad decrypt
40C793BD88750000:error:1C800064:Provider routines:ossl_cipher_unpadblock:bad decrypt:../providers/implementations/ciphers/ciphercommon_block.c:124:
*** WARNING : deprecated key derivation used.
Using -iter or -pbkdf2 would be better.
bad decrypt
40970FBD0C740000:error:1C800064:Provider routines:ossl_cipher_unpadblock:bad decrypt:../providers/implementations/ciphers/ciphercommon_block.c:129:
*** WARNING : deprecated key derivation used.
Using -iter or -pbkdf2 would be better.
*** WARNING : deprecated key derivation used.
Using -iter or -pbkdf2 would be better.
*** WARNING : deprecated key derivation used.
Using -iter or -pbkdf2 would be better.
*** WARNING : deprecated key derivation used.
Using -iter or -pbkdf2 would be better.
*** WARNING : deprecated key derivation used.
Using -iter or -pbkdf2 would be better.
*** WARNING : deprecated key derivation used.
Using -iter or -pbkdf2 would be better.
*** WARNING : deprecated key derivation used.
Using -iter or -pbkdf2 would be better.
*** WARNING : deprecated key derivation used.
Using -iter or -pbkdf2 would be better.
*** WARNING : deprecated key derivation used.
Using -iter or -pbkdf2 would be better.
*** WARNING : deprecated key derivation used.
Using -iter or -pbkdf2 would be better.
*** WARNING : deprecated key derivation used.
Using -iter or -pbkdf2 would be better.
*** WARNING : deprecated key derivation used.
Using -iter or -pbkdf2 would be better.
*** WARNING : deprecated key derivation used.
Using -iter or -pbkdf2 would be better.
bad decrypt
40A7CB03A77F0000:error:1C800064:Provider routines:ossl_cipher_unpadblock:bad decrypt:../providers/implementations/ciphers/ciphercommon_block.c:124:
*** WARNING : deprecated key derivation used.
Using -iter or -pbkdf2 would be better.
bad decrypt
40274D7226710000:error:1C800064:Provider routines:ossl_cipher_unpadblock:bad decrypt:../providers/implementations/ciphers/ciphercommon_block.c:124:
*** WARNING : deprecated key derivation used.
Using -iter or -pbkdf2 would be better.
bad decrypt
4087B7D7FB7F0000:error:1C800064:Provider routines:ossl_cipher_unpadblock:bad decrypt:../providers/implementations/ciphers/ciphercommon_block.c:124:
*** WARNING : deprecated key derivation used.
Using -iter or -pbkdf2 would be better.
*** WARNING : deprecated key derivation used.
Using -iter or -pbkdf2 would be better.
*** WARNING : deprecated key derivation used.
Using -iter or -pbkdf2 would be better.
*** WARNING : deprecated key derivation used.
Using -iter or -pbkdf2 would be better.
bad decrypt
4097A82C50740000:error:1C800064:Provider routines:ossl_cipher_unpadblock:bad decrypt:../providers/implementations/ciphers/ciphercommon_block.c:124:
*** WARNING : deprecated key derivation used.
Using -iter or -pbkdf2 would be better.
bad decrypt
4027463707740000:error:1C800064:Provider routines:ossl_cipher_unpadblock:bad decrypt:../providers/implementations/ciphers/ciphercommon_block.c:124:
*** WARNING : deprecated key derivation used.
Using -iter or -pbkdf2 would be better.
bad decrypt
40F75A7DF6730000:error:1C800064:Provider routines:ossl_cipher_unpadblock:bad decrypt:../providers/implementations/ciphers/ciphercommon_block.c:124:
*** WARNING : deprecated key derivation used.
Using -iter or -pbkdf2 would be better.
bad decrypt
406736AFAA710000:error:1C800064:Provider routines:ossl_cipher_unpadblock:bad decrypt:../providers/implementations/ciphers/ciphercommon_block.c:124:
*** WARNING : deprecated key derivation used.
Using -iter or -pbkdf2 would be better.
bad decrypt
40F790B286760000:error:1C800064:Provider routines:ossl_cipher_unpadblock:bad decrypt:../providers/implementations/ciphers/ciphercommon_block.c:124:
*** WARNING : deprecated key derivation used.
Using -iter or -pbkdf2 would be better.
bad decrypt
4087DAB4B2790000:error:1C800064:Provider routines:ossl_cipher_unpadblock:bad decrypt:../providers/implementations/ciphers/ciphercommon_block.c:124:
*** WARNING : deprecated key derivation used.
Using -iter or -pbkdf2 would be better.
bad decrypt
40478B52F07B0000:error:1C800064:Provider routines:ossl_cipher_unpadblock:bad decrypt:../providers/implementations/ciphers/ciphercommon_block.c:124:
*** WARNING : deprecated key derivation used.
Using -iter or -pbkdf2 would be better.
bad decrypt
4017F07F9F700000:error:1C800064:Provider routines:ossl_cipher_unpadblock:bad decrypt:../providers/implementations/ciphers/ciphercommon_block.c:124:
*** WARNING : deprecated key derivation used.
Using -iter or -pbkdf2 would be better.
bad decrypt
4047B2958E7E0000:error:1C800064:Provider routines:ossl_cipher_unpadblock:bad decrypt:../providers/implementations/ciphers/ciphercommon_block.c:129:
*** WARNING : deprecated key derivation used.
Using -iter or -pbkdf2 would be better.
Error setting cipher BF-CBC
4047E86FC2710000:error:0308010C:digital envelope routines:inner_evp_generic_fetch:unsupported:../crypto/evp/evp_fetch.c:386:Global default library context, Algorithm (BF-CBC : 11), Properties ()
*** WARNING : deprecated key derivation used.
Using -iter or -pbkdf2 would be better.
Error setting cipher BF-CBC
401709FED57F0000:error:0308010C:digital envelope routines:inner_evp_generic_fetch:unsupported:../crypto/evp/evp_fetch.c:386:Global default library context, Algorithm (BF-CBC : 11), Properties ()
*** WARNING : deprecated key derivation used.
Using -iter or -pbkdf2 would be better.
Error setting cipher BF-CBC
4067E85BDD750000:error:0308010C:digital envelope routines:inner_evp_generic_fetch:unsupported:../crypto/evp/evp_fetch.c:386:Global default library context, Algorithm (BF-CBC : 11), Properties ()
*** WARNING : deprecated key derivation used.
Using -iter or -pbkdf2 would be better.
Error setting cipher BF-CBC
40070E34087E0000:error:0308010C:digital envelope routines:inner_evp_generic_fetch:unsupported:../crypto/evp/evp_fetch.c:386:Global default library context, Algorithm (BF-CBC : 11), Properties ()
*** WARNING : deprecated key derivation used.
Using -iter or -pbkdf2 would be better.
Error setting cipher BF-CBC
4017692E877E0000:error:0308010C:digital envelope routines:inner_evp_generic_fetch:unsupported:../crypto/evp/evp_fetch.c:386:Global default library context, Algorithm (BF-CBC : 11), Properties ()
*** WARNING : deprecated key derivation used.
Using -iter or -pbkdf2 would be better.
Error setting cipher BF-CBC
40C7A978287B0000:error:0308010C:digital envelope routines:inner_evp_generic_fetch:unsupported:../crypto/evp/evp_fetch.c:386:Global default library context, Algorithm (BF-CBC : 11), Properties ()
*** WARNING : deprecated key derivation used.
Using -iter or -pbkdf2 would be better.
Error setting cipher BF-CFB
40C7F2AEC8760000:error:0308010C:digital envelope routines:inner_evp_generic_fetch:unsupported:../crypto/evp/evp_fetch.c:386:Global default library context, Algorithm (BF-CFB : 0), Properties ()
*** WARNING : deprecated key derivation used.
Using -iter or -pbkdf2 would be better.
Error setting cipher BF-CFB
40C7AB2EBF740000:error:0308010C:digital envelope routines:inner_evp_generic_fetch:unsupported:../crypto/evp/evp_fetch.c:386:Global default library context, Algorithm (BF-CFB : 0), Properties ()
*** WARNING : deprecated key derivation used.
Using -iter or -pbkdf2 would be better.
Error setting cipher BF-CFB
403778AD637A0000:error:0308010C:digital envelope routines:inner_evp_generic_fetch:unsupported:../crypto/evp/evp_fetch.c:386:Global default library context, Algorithm (BF-CFB : 0), Properties ()
*** WARNING : deprecated key derivation used.
Using -iter or -pbkdf2 would be better.
Error setting cipher BF-ECB
40B7C661A1750000:error:0308010C:digital envelope routines:inner_evp_generic_fetch:unsupported:../crypto/evp/evp_fetch.c:386:Global default library context, Algorithm (BF-ECB : 0), Properties ()
*** WARNING : deprecated key derivation used.
Using -iter or -pbkdf2 would be better.
Error setting cipher BF-ECB
40B78FE1A77C0000:error:0308010C:digital envelope routines:inner_evp_generic_fetch:unsupported:../crypto/evp/evp_fetch.c:386:Global default library context, Algorithm (BF-ECB : 0), Properties ()
*** WARNING : deprecated key derivation used.
Using -iter or -pbkdf2 would be better.
Error setting cipher BF-ECB
40B7167F60720000:error:0308010C:digital envelope routines:inner_evp_generic_fetch:unsupported:../crypto/evp/evp_fetch.c:386:Global default library context, Algorithm (BF-ECB : 0), Properties ()
*** WARNING : deprecated key derivation used.
Using -iter or -pbkdf2 would be better.
Error setting cipher BF-OFB
40D7B211717A0000:error:0308010C:digital envelope routines:inner_evp_generic_fetch:unsupported:../crypto/evp/evp_fetch.c:386:Global default library context, Algorithm (BF-OFB : 0), Properties ()
*** WARNING : deprecated key derivation used.
Using -iter or -pbkdf2 would be better.
Error setting cipher BF-OFB
407774F28F700000:error:0308010C:digital envelope routines:inner_evp_generic_fetch:unsupported:../crypto/evp/evp_fetch.c:386:Global default library context, Algorithm (BF-OFB : 0), Properties ()
*** WARNING : deprecated key derivation used.
Using -iter or -pbkdf2 would be better.
Error setting cipher BF-OFB
40875CFE27720000:error:0308010C:digital envelope routines:inner_evp_generic_fetch:unsupported:../crypto/evp/evp_fetch.c:386:Global default library context, Algorithm (BF-OFB : 0), Properties ()
*** WARNING : deprecated key derivation used.
Using -iter or -pbkdf2 would be better.
Error setting cipher BF-CBC
40D798BD8D7F0000:error:0308010C:digital envelope routines:inner_evp_generic_fetch:unsupported:../crypto/evp/evp_fetch.c:386:Global default library context, Algorithm (BF-CBC : 11), Properties ()
*** WARNING : deprecated key derivation used.
Using -iter or -pbkdf2 would be better.
Error setting cipher BF-CBC
4027A8143A7D0000:error:0308010C:digital envelope routines:inner_evp_generic_fetch:unsupported:../crypto/evp/evp_fetch.c:386:Global default library context, Algorithm (BF-CBC : 11), Properties ()
*** WARNING : deprecated key derivation used.
Using -iter or -pbkdf2 would be better.
Error setting cipher BF-CBC
4097BE583A7E0000:error:0308010C:digital envelope routines:inner_evp_generic_fetch:unsupported:../crypto/evp/evp_fetch.c:386:Global default library context, Algorithm (BF-CBC : 11), Properties ()
*** WARNING : deprecated key derivation used.
Using -iter or -pbkdf2 would be better.
bad decrypt
40F71BBC59790000:error:1C800064:Provider routines:ossl_cipher_unpadblock:bad decrypt:../providers/implementations/ciphers/ciphercommon_block.c:124:
*** WARNING : deprecated key derivation used.
Using -iter or -pbkdf2 would be better.
bad decrypt
407792DCB47A0000:error:1C800064:Provider routines:ossl_cipher_unpadblock:bad decrypt:../providers/implementations/ciphers/ciphercommon_block.c:124:
*** WARNING : deprecated key derivation used.
Using -iter or -pbkdf2 would be better.
bad decrypt
4007389E547F0000:error:1C800064:Provider routines:ossl_cipher_unpadblock:bad decrypt:../providers/implementations/ciphers/ciphercommon_block.c:124:
*** WARNING : deprecated key derivation used.
Using -iter or -pbkdf2 would be better.
*** WARNING : deprecated key derivation used.
Using -iter or -pbkdf2 would be better.
*** WARNING : deprecated key derivation used.
Using -iter or -pbkdf2 would be better.
*** WARNING : deprecated key derivation used.
Using -iter or -pbkdf2 would be better.
*** WARNING : deprecated key derivation used.
Using -iter or -pbkdf2 would be better.
*** WARNING : deprecated key derivation used.
Using -iter or -pbkdf2 would be better.
*** WARNING : deprecated key derivation used.
Using -iter or -pbkdf2 would be better.
*** WARNING : deprecated key derivation used.
Using -iter or -pbkdf2 would be better.
*** WARNING : deprecated key derivation used.
Using -iter or -pbkdf2 would be better.
*** WARNING : deprecated key derivation used.
Using -iter or -pbkdf2 would be better.
*** WARNING : deprecated key derivation used.
Using -iter or -pbkdf2 would be better.
*** WARNING : deprecated key derivation used.
Using -iter or -pbkdf2 would be better.
*** WARNING : deprecated key derivation used.
Using -iter or -pbkdf2 would be better.
bad decrypt
40C7935BFE7C0000:error:1C800064:Provider routines:ossl_cipher_unpadblock:bad decrypt:../providers/implementations/ciphers/ciphercommon_block.c:124:
*** WARNING : deprecated key derivation used.
Using -iter or -pbkdf2 would be better.
bad decrypt
40F7A0A0E47A0000:error:1C800064:Provider routines:ossl_cipher_unpadblock:bad decrypt:../providers/implementations/ciphers/ciphercommon_block.c:124:
*** WARNING : deprecated key derivation used.
Using -iter or -pbkdf2 would be better.
bad decrypt
40D7C3B112780000:error:1C800064:Provider routines:ossl_cipher_unpadblock:bad decrypt:../providers/implementations/ciphers/ciphercommon_block.c:124:
*** WARNING : deprecated key derivation used.
Using -iter or -pbkdf2 would be better.
*** WARNING : deprecated key derivation used.
Using -iter or -pbkdf2 would be better.
*** WARNING : deprecated key derivation used.
Using -iter or -pbkdf2 would be better.
*** WARNING : deprecated key derivation used.
Using -iter or -pbkdf2 would be better.
bad decrypt
40E7718B81790000:error:1C800064:Provider routines:ossl_cipher_unpadblock:bad decrypt:../providers/implementations/ciphers/ciphercommon_block.c:124:
*** WARNING : deprecated key derivation used.
Using -iter or -pbkdf2 would be better.
bad decrypt
40577D85DA710000:error:1C800064:Provider routines:ossl_cipher_unpadblock:bad decrypt:../providers/implementations/ciphers/ciphercommon_block.c:124:
*** WARNING : deprecated key derivation used.
Using -iter or -pbkdf2 would be better.
bad decrypt
40D79F255D7B0000:error:1C800064:Provider routines:ossl_cipher_unpadblock:bad decrypt:../providers/implementations/ciphers/ciphercommon_block.c:124:
*** WARNING : deprecated key derivation used.
Using -iter or -pbkdf2 would be better.
*** WARNING : deprecated key derivation used.
Using -iter or -pbkdf2 would be better.
*** WARNING : deprecated key derivation used.
Using -iter or -pbkdf2 would be better.
*** WARNING : deprecated key derivation used.
Using -iter or -pbkdf2 would be better.
*** WARNING : deprecated key derivation used.
Using -iter or -pbkdf2 would be better.
*** WARNING : deprecated key derivation used.
Using -iter or -pbkdf2 would be better.
*** WARNING : deprecated key derivation used.
Using -iter or -pbkdf2 would be better.
*** WARNING : deprecated key derivation used.
Using -iter or -pbkdf2 would be better.
*** WARNING : deprecated key derivation used.
Using -iter or -pbkdf2 would be better.
*** WARNING : deprecated key derivation used.
Using -iter or -pbkdf2 would be better.
*** WARNING : deprecated key derivation used.
Using -iter or -pbkdf2 would be better.
*** WARNING : deprecated key derivation used.
Using -iter or -pbkdf2 would be better.
*** WARNING : deprecated key derivation used.
Using -iter or -pbkdf2 would be better.
bad decrypt
40F7E47D707D0000:error:1C800064:Provider routines:ossl_cipher_unpadblock:bad decrypt:../providers/implementations/ciphers/ciphercommon_block.c:124:
*** WARNING : deprecated key derivation used.
Using -iter or -pbkdf2 would be better.
bad decrypt
4007E17D08770000:error:1C800064:Provider routines:ossl_cipher_unpadblock:bad decrypt:../providers/implementations/ciphers/ciphercommon_block.c:124:
*** WARNING : deprecated key derivation used.
Using -iter or -pbkdf2 would be better.
bad decrypt
40477711B2730000:error:1C800064:Provider routines:ossl_cipher_unpadblock:bad decrypt:../providers/implementations/ciphers/ciphercommon_block.c:124:
*** WARNING : deprecated key derivation used.
Using -iter or -pbkdf2 would be better.
*** WARNING : deprecated key derivation used.
Using -iter or -pbkdf2 would be better.
*** WARNING : deprecated key derivation used.
Using -iter or -pbkdf2 would be better.
*** WARNING : deprecated key derivation used.
Using -iter or -pbkdf2 would be better.
bad decrypt
40B7BF4849710000:error:1C800064:Provider routines:ossl_cipher_unpadblock:bad decrypt:../providers/implementations/ciphers/ciphercommon_block.c:124:
*** WARNING : deprecated key derivation used.
Using -iter or -pbkdf2 would be better.
bad decrypt
40E7E61E2F780000:error:1C800064:Provider routines:ossl_cipher_unpadblock:bad decrypt:../providers/implementations/ciphers/ciphercommon_block.c:129:
*** WARNING : deprecated key derivation used.
Using -iter or -pbkdf2 would be better.
bad decrypt
4047173F70750000:error:1C800064:Provider routines:ossl_cipher_unpadblock:bad decrypt:../providers/implementations/ciphers/ciphercommon_block.c:124:
*** WARNING : deprecated key derivation used.
Using -iter or -pbkdf2 would be better.
*** WARNING : deprecated key derivation used.
Using -iter or -pbkdf2 would be better.
*** WARNING : deprecated key derivation used.
Using -iter or -pbkdf2 would be better.
*** WARNING : deprecated key derivation used.
Using -iter or -pbkdf2 would be better.
*** WARNING : deprecated key derivation used.
Using -iter or -pbkdf2 would be better.
*** WARNING : deprecated key derivation used.
Using -iter or -pbkdf2 would be better.
*** WARNING : deprecated key derivation used.
Using -iter or -pbkdf2 would be better.
*** WARNING : deprecated key derivation used.
Using -iter or -pbkdf2 would be better.
*** WARNING : deprecated key derivation used.
Using -iter or -pbkdf2 would be better.
*** WARNING : deprecated key derivation used.
Using -iter or -pbkdf2 would be better.
*** WARNING : deprecated key derivation used.
Using -iter or -pbkdf2 would be better.
*** WARNING : deprecated key derivation used.
Using -iter or -pbkdf2 would be better.
*** WARNING : deprecated key derivation used.
Using -iter or -pbkdf2 would be better.
bad decrypt
40573CEA417C0000:error:1C800064:Provider routines:ossl_cipher_unpadblock:bad decrypt:../providers/implementations/ciphers/ciphercommon_block.c:124:
*** WARNING : deprecated key derivation used.
Using -iter or -pbkdf2 would be better.
bad decrypt
40B7A7294F7C0000:error:1C800064:Provider routines:ossl_cipher_unpadblock:bad decrypt:../providers/implementations/ciphers/ciphercommon_block.c:124:
*** WARNING : deprecated key derivation used.
Using -iter or -pbkdf2 would be better.
bad decrypt
40172575CF740000:error:1C800064:Provider routines:ossl_cipher_unpadblock:bad decrypt:../providers/implementations/ciphers/ciphercommon_block.c:124:
*** WARNING : deprecated key derivation used.
Using -iter or -pbkdf2 would be better.
*** WARNING : deprecated key derivation used.
Using -iter or -pbkdf2 would be better.
*** WARNING : deprecated key derivation used.
Using -iter or -pbkdf2 would be better.
*** WARNING : deprecated key derivation used.
Using -iter or -pbkdf2 would be better.
bad decrypt
4067A1547E7C0000:error:1C800064:Provider routines:ossl_cipher_unpadblock:bad decrypt:../providers/implementations/ciphers/ciphercommon_block.c:124:
*** WARNING : deprecated key derivation used.
Using -iter or -pbkdf2 would be better.
bad decrypt
405769788A730000:error:1C800064:Provider routines:ossl_cipher_unpadblock:bad decrypt:../providers/implementations/ciphers/ciphercommon_block.c:124:
*** WARNING : deprecated key derivation used.
Using -iter or -pbkdf2 would be better.
bad decrypt
40779D652D730000:error:1C800064:Provider routines:ossl_cipher_unpadblock:bad decrypt:../providers/implementations/ciphers/ciphercommon_block.c:124:
*** WARNING : deprecated key derivation used.
Using -iter or -pbkdf2 would be better.
bad decrypt
40472F9B02710000:error:1C800064:Provider routines:ossl_cipher_unpadblock:bad decrypt:../providers/implementations/ciphers/ciphercommon_block.c:124:
*** WARNING : deprecated key derivation used.
Using -iter or -pbkdf2 would be better.
bad decrypt
40572F2E3F740000:error:1C800064:Provider routines:ossl_cipher_unpadblock:bad decrypt:../providers/implementations/ciphers/ciphercommon_block.c:124:
*** WARNING : deprecated key derivation used.
Using -iter or -pbkdf2 would be better.
bad decrypt
4097ADE6427B0000:error:1C800064:Provider routines:ossl_cipher_unpadblock:bad decrypt:../providers/implementations/ciphers/ciphercommon_block.c:124:
*** WARNING : deprecated key derivation used.
Using -iter or -pbkdf2 would be better.
bad decrypt
402715B9F6720000:error:1C800064:Provider routines:ossl_cipher_unpadblock:bad decrypt:../providers/implementations/ciphers/ciphercommon_block.c:124:
*** WARNING : deprecated key derivation used.
Using -iter or -pbkdf2 would be better.
bad decrypt
4027D81D48750000:error:1C800064:Provider routines:ossl_cipher_unpadblock:bad decrypt:../providers/implementations/ciphers/ciphercommon_block.c:129:
*** WARNING : deprecated key derivation used.
Using -iter or -pbkdf2 would be better.
bad decrypt
4047A98D6E720000:error:1C800064:Provider routines:ossl_cipher_unpadblock:bad decrypt:../providers/implementations/ciphers/ciphercommon_block.c:124:
*** WARNING : deprecated key derivation used.
Using -iter or -pbkdf2 would be better.
Error setting cipher CAST5-CBC
40171079487E0000:error:0308010C:digital envelope routines:inner_evp_generic_fetch:unsupported:../crypto/evp/evp_fetch.c:386:Global default library context, Algorithm (CAST5-CBC : 18), Properties ()
*** WARNING : deprecated key derivation used.
Using -iter or -pbkdf2 would be better.
Error setting cipher CAST5-CBC
40A7E4FE08700000:error:0308010C:digital envelope routines:inner_evp_generic_fetch:unsupported:../crypto/evp/evp_fetch.c:386:Global default library context, Algorithm (CAST5-CBC : 18), Properties ()
*** WARNING : deprecated key derivation used.
Using -iter or -pbkdf2 would be better.
Error setting cipher CAST5-CBC
40C757C1AE7F0000:error:0308010C:digital envelope routines:inner_evp_generic_fetch:unsupported:../crypto/evp/evp_fetch.c:386:Global default library context, Algorithm (CAST5-CBC : 18), Properties ()
*** WARNING : deprecated key derivation used.
Using -iter or -pbkdf2 would be better.
Error setting cipher CAST5-CBC
40C7E33A6A7C0000:error:0308010C:digital envelope routines:inner_evp_generic_fetch:unsupported:../crypto/evp/evp_fetch.c:386:Global default library context, Algorithm (CAST5-CBC : 18), Properties ()
*** WARNING : deprecated key derivation used.
Using -iter or -pbkdf2 would be better.
Error setting cipher CAST5-CBC
40477200767B0000:error:0308010C:digital envelope routines:inner_evp_generic_fetch:unsupported:../crypto/evp/evp_fetch.c:386:Global default library context, Algorithm (CAST5-CBC : 18), Properties ()
*** WARNING : deprecated key derivation used.
Using -iter or -pbkdf2 would be better.
Error setting cipher CAST5-CBC
40372B1CD0740000:error:0308010C:digital envelope routines:inner_evp_generic_fetch:unsupported:../crypto/evp/evp_fetch.c:386:Global default library context, Algorithm (CAST5-CBC : 18), Properties ()
*** WARNING : deprecated key derivation used.
Using -iter or -pbkdf2 would be better.
Error setting cipher CAST5-CBC
4057C8A357700000:error:0308010C:digital envelope routines:inner_evp_generic_fetch:unsupported:../crypto/evp/evp_fetch.c:386:Global default library context, Algorithm (CAST5-CBC : 18), Properties ()
*** WARNING : deprecated key derivation used.
Using -iter or -pbkdf2 would be better.
Error setting cipher CAST5-CBC
401741BC46710000:error:0308010C:digital envelope routines:inner_evp_generic_fetch:unsupported:../crypto/evp/evp_fetch.c:386:Global default library context, Algorithm (CAST5-CBC : 18), Properties ()
*** WARNING : deprecated key derivation used.
Using -iter or -pbkdf2 would be better.
Error setting cipher CAST5-CBC
40372F67C2790000:error:0308010C:digital envelope routines:inner_evp_generic_fetch:unsupported:../crypto/evp/evp_fetch.c:386:Global default library context, Algorithm (CAST5-CBC : 18), Properties ()
*** WARNING : deprecated key derivation used.
Using -iter or -pbkdf2 would be better.
Error setting cipher CAST5-CFB
40D71ADBCB750000:error:0308010C:digital envelope routines:inner_evp_generic_fetch:unsupported:../crypto/evp/evp_fetch.c:386:Global default library context, Algorithm (CAST5-CFB : 0), Properties ()
*** WARNING : deprecated key derivation used.
Using -iter or -pbkdf2 would be better.
Error setting cipher CAST5-CFB
40F74925C57E0000:error:0308010C:digital envelope routines:inner_evp_generic_fetch:unsupported:../crypto/evp/evp_fetch.c:386:Global default library context, Algorithm (CAST5-CFB : 0), Properties ()
*** WARNING : deprecated key derivation used.
Using -iter or -pbkdf2 would be better.
Error setting cipher CAST5-CFB
40E79D79AE7F0000:error:0308010C:digital envelope routines:inner_evp_generic_fetch:unsupported:../crypto/evp/evp_fetch.c:386:Global default library context, Algorithm (CAST5-CFB : 0), Properties ()
*** WARNING : deprecated key derivation used.
Using -iter or -pbkdf2 would be better.
Error setting cipher CAST5-ECB
40C7E2B28E790000:error:0308010C:digital envelope routines:inner_evp_generic_fetch:unsupported:../crypto/evp/evp_fetch.c:386:Global default library context, Algorithm (CAST5-ECB : 0), Properties ()
*** WARNING : deprecated key derivation used.
Using -iter or -pbkdf2 would be better.
Error setting cipher CAST5-ECB
405749728F740000:error:0308010C:digital envelope routines:inner_evp_generic_fetch:unsupported:../crypto/evp/evp_fetch.c:386:Global default library context, Algorithm (CAST5-ECB : 0), Properties ()
*** WARNING : deprecated key derivation used.
Using -iter or -pbkdf2 would be better.
Error setting cipher CAST5-ECB
40F746C66C780000:error:0308010C:digital envelope routines:inner_evp_generic_fetch:unsupported:../crypto/evp/evp_fetch.c:386:Global default library context, Algorithm (CAST5-ECB : 0), Properties ()
*** WARNING : deprecated key derivation used.
Using -iter or -pbkdf2 would be better.
Error setting cipher CAST5-OFB
40A7B3943C790000:error:0308010C:digital envelope routines:inner_evp_generic_fetch:unsupported:../crypto/evp/evp_fetch.c:386:Global default library context, Algorithm (CAST5-OFB : 0), Properties ()
*** WARNING : deprecated key derivation used.
Using -iter or -pbkdf2 would be better.
Error setting cipher CAST5-OFB
4047DEF16A740000:error:0308010C:digital envelope routines:inner_evp_generic_fetch:unsupported:../crypto/evp/evp_fetch.c:386:Global default library context, Algorithm (CAST5-OFB : 0), Properties ()
*** WARNING : deprecated key derivation used.
Using -iter or -pbkdf2 would be better.
Error setting cipher CAST5-OFB
40C78796957A0000:error:0308010C:digital envelope routines:inner_evp_generic_fetch:unsupported:../crypto/evp/evp_fetch.c:386:Global default library context, Algorithm (CAST5-OFB : 0), Properties ()
*** WARNING : deprecated key derivation used.
Using -iter or -pbkdf2 would be better.
*** WARNING : deprecated key derivation used.
Using -iter or -pbkdf2 would be better.
*** WARNING : deprecated key derivation used.
Using -iter or -pbkdf2 would be better.
*** WARNING : deprecated key derivation used.
Using -iter or -pbkdf2 would be better.
Error setting cipher DES-CBC
40B74518DF790000:error:0308010C:digital envelope routines:inner_evp_generic_fetch:unsupported:../crypto/evp/evp_fetch.c:386:Global default library context, Algorithm (DES-CBC : 8), Properties ()
*** WARNING : deprecated key derivation used.
Using -iter or -pbkdf2 would be better.
Error setting cipher DES-CBC
400794F5367E0000:error:0308010C:digital envelope routines:inner_evp_generic_fetch:unsupported:../crypto/evp/evp_fetch.c:386:Global default library context, Algorithm (DES-CBC : 8), Properties ()
*** WARNING : deprecated key derivation used.
Using -iter or -pbkdf2 would be better.
Error setting cipher DES-CBC
40C711AF83700000:error:0308010C:digital envelope routines:inner_evp_generic_fetch:unsupported:../crypto/evp/evp_fetch.c:386:Global default library context, Algorithm (DES-CBC : 8), Properties ()
*** WARNING : deprecated key derivation used.
Using -iter or -pbkdf2 would be better.
Error setting cipher DES-CBC
40B725B0D4730000:error:0308010C:digital envelope routines:inner_evp_generic_fetch:unsupported:../crypto/evp/evp_fetch.c:386:Global default library context, Algorithm (DES-CBC : 8), Properties ()
*** WARNING : deprecated key derivation used.
Using -iter or -pbkdf2 would be better.
Error setting cipher DES-CBC
4007F973D27F0000:error:0308010C:digital envelope routines:inner_evp_generic_fetch:unsupported:../crypto/evp/evp_fetch.c:386:Global default library context, Algorithm (DES-CBC : 8), Properties ()
*** WARNING : deprecated key derivation used.
Using -iter or -pbkdf2 would be better.
Error setting cipher DES-CBC
40D77CBCA1720000:error:0308010C:digital envelope routines:inner_evp_generic_fetch:unsupported:../crypto/evp/evp_fetch.c:386:Global default library context, Algorithm (DES-CBC : 8), Properties ()
*** WARNING : deprecated key derivation used.
Using -iter or -pbkdf2 would be better.
Error setting cipher DES-CFB
4037B6BABF7B0000:error:0308010C:digital envelope routines:inner_evp_generic_fetch:unsupported:../crypto/evp/evp_fetch.c:386:Global default library context, Algorithm (DES-CFB : 38), Properties ()
*** WARNING : deprecated key derivation used.
Using -iter or -pbkdf2 would be better.
Error setting cipher DES-CFB
40F750BBC57E0000:error:0308010C:digital envelope routines:inner_evp_generic_fetch:unsupported:../crypto/evp/evp_fetch.c:386:Global default library context, Algorithm (DES-CFB : 38), Properties ()
*** WARNING : deprecated key derivation used.
Using -iter or -pbkdf2 would be better.
Error setting cipher DES-CFB
40C7348418760000:error:0308010C:digital envelope routines:inner_evp_generic_fetch:unsupported:../crypto/evp/evp_fetch.c:386:Global default library context, Algorithm (DES-CFB : 38), Properties ()
*** WARNING : deprecated key derivation used.
Using -iter or -pbkdf2 would be better.
Error setting cipher DES-CFB1
40070FD701760000:error:0308010C:digital envelope routines:inner_evp_generic_fetch:unsupported:../crypto/evp/evp_fetch.c:386:Global default library context, Algorithm (DES-CFB1 : 0), Properties ()
*** WARNING : deprecated key derivation used.
Using -iter or -pbkdf2 would be better.
Error setting cipher DES-CFB1
40F7F0B72C730000:error:0308010C:digital envelope routines:inner_evp_generic_fetch:unsupported:../crypto/evp/evp_fetch.c:386:Global default library context, Algorithm (DES-CFB1 : 0), Properties ()
*** WARNING : deprecated key derivation used.
Using -iter or -pbkdf2 would be better.
Error setting cipher DES-CFB1
408726F4777D0000:error:0308010C:digital envelope routines:inner_evp_generic_fetch:unsupported:../crypto/evp/evp_fetch.c:386:Global default library context, Algorithm (DES-CFB1 : 0), Properties ()
*** WARNING : deprecated key derivation used.
Using -iter or -pbkdf2 would be better.
Error setting cipher DES-CFB8
40F7E525007C0000:error:0308010C:digital envelope routines:inner_evp_generic_fetch:unsupported:../crypto/evp/evp_fetch.c:386:Global default library context, Algorithm (DES-CFB8 : 0), Properties ()
*** WARNING : deprecated key derivation used.
Using -iter or -pbkdf2 would be better.
Error setting cipher DES-CFB8
40577834FA730000:error:0308010C:digital envelope routines:inner_evp_generic_fetch:unsupported:../crypto/evp/evp_fetch.c:386:Global default library context, Algorithm (DES-CFB8 : 0), Properties ()
*** WARNING : deprecated key derivation used.
Using -iter or -pbkdf2 would be better.
Error setting cipher DES-CFB8
4077ADE638740000:error:0308010C:digital envelope routines:inner_evp_generic_fetch:unsupported:../crypto/evp/evp_fetch.c:386:Global default library context, Algorithm (DES-CFB8 : 0), Properties ()
*** WARNING : deprecated key derivation used.
Using -iter or -pbkdf2 would be better.
Error setting cipher DES-ECB
40E7D3846D7D0000:error:0308010C:digital envelope routines:inner_evp_generic_fetch:unsupported:../crypto/evp/evp_fetch.c:386:Global default library context, Algorithm (DES-ECB : 1), Properties ()
*** WARNING : deprecated key derivation used.
Using -iter or -pbkdf2 would be better.
Error setting cipher DES-ECB
40677EB996730000:error:0308010C:digital envelope routines:inner_evp_generic_fetch:unsupported:../crypto/evp/evp_fetch.c:386:Global default library context, Algorithm (DES-ECB : 1), Properties ()
*** WARNING : deprecated key derivation used.
Using -iter or -pbkdf2 would be better.
Error setting cipher DES-ECB
40A73F0790750000:error:0308010C:digital envelope routines:inner_evp_generic_fetch:unsupported:../crypto/evp/evp_fetch.c:386:Global default library context, Algorithm (DES-ECB : 1), Properties ()
*** WARNING : deprecated key derivation used.
Using -iter or -pbkdf2 would be better.
bad decrypt
405728FCB0790000:error:1C800064:Provider routines:ossl_cipher_unpadblock:bad decrypt:../providers/implementations/ciphers/ciphercommon_block.c:124:
*** WARNING : deprecated key derivation used.
Using -iter or -pbkdf2 would be better.
bad decrypt
40D71510D9740000:error:1C800064:Provider routines:ossl_cipher_unpadblock:bad decrypt:../providers/implementations/ciphers/ciphercommon_block.c:124:
*** WARNING : deprecated key derivation used.
Using -iter or -pbkdf2 would be better.
bad decrypt
40F75A6C767B0000:error:1C800064:Provider routines:ossl_cipher_unpadblock:bad decrypt:../providers/implementations/ciphers/ciphercommon_block.c:124:
*** WARNING : deprecated key derivation used.
Using -iter or -pbkdf2 would be better.
bad decrypt
40C767AB4A770000:error:1C800064:Provider routines:ossl_cipher_unpadblock:bad decrypt:../providers/implementations/ciphers/ciphercommon_block.c:124:
*** WARNING : deprecated key derivation used.
Using -iter or -pbkdf2 would be better.
bad decrypt
4047934742710000:error:1C800064:Provider routines:ossl_cipher_unpadblock:bad decrypt:../providers/implementations/ciphers/ciphercommon_block.c:124:
*** WARNING : deprecated key derivation used.
Using -iter or -pbkdf2 would be better.
bad decrypt
401722B3F2750000:error:1C800064:Provider routines:ossl_cipher_unpadblock:bad decrypt:../providers/implementations/ciphers/ciphercommon_block.c:124:
*** WARNING : deprecated key derivation used.
Using -iter or -pbkdf2 would be better.
*** WARNING : deprecated key derivation used.
Using -iter or -pbkdf2 would be better.
*** WARNING : deprecated key derivation used.
Using -iter or -pbkdf2 would be better.
*** WARNING : deprecated key derivation used.
Using -iter or -pbkdf2 would be better.
bad decrypt
4057FD407C750000:error:1C800064:Provider routines:ossl_cipher_unpadblock:bad decrypt:../providers/implementations/ciphers/ciphercommon_block.c:124:
*** WARNING : deprecated key derivation used.
Using -iter or -pbkdf2 would be better.
bad decrypt
40773973E9780000:error:1C800064:Provider routines:ossl_cipher_unpadblock:bad decrypt:../providers/implementations/ciphers/ciphercommon_block.c:124:
*** WARNING : deprecated key derivation used.
Using -iter or -pbkdf2 would be better.
bad decrypt
4077F3EC6F7F0000:error:1C800064:Provider routines:ossl_cipher_unpadblock:bad decrypt:../providers/implementations/ciphers/ciphercommon_block.c:124:
*** WARNING : deprecated key derivation used.
Using -iter or -pbkdf2 would be better.
*** WARNING : deprecated key derivation used.
Using -iter or -pbkdf2 would be better.
*** WARNING : deprecated key derivation used.
Using -iter or -pbkdf2 would be better.
*** WARNING : deprecated key derivation used.
Using -iter or -pbkdf2 would be better.
bad decrypt
4097F753E2700000:error:1C800064:Provider routines:ossl_cipher_unpadblock:bad decrypt:../providers/implementations/ciphers/ciphercommon_block.c:124:
*** WARNING : deprecated key derivation used.
Using -iter or -pbkdf2 would be better.
bad decrypt
403731432D700000:error:1C800064:Provider routines:ossl_cipher_unpadblock:bad decrypt:../providers/implementations/ciphers/ciphercommon_block.c:124:
*** WARNING : deprecated key derivation used.
Using -iter or -pbkdf2 would be better.
bad decrypt
407737FD52780000:error:1C800064:Provider routines:ossl_cipher_unpadblock:bad decrypt:../providers/implementations/ciphers/ciphercommon_block.c:124:
*** WARNING : deprecated key derivation used.
Using -iter or -pbkdf2 would be better.
bad decrypt
4067D8538D720000:error:1C800064:Provider routines:ossl_cipher_unpadblock:bad decrypt:../providers/implementations/ciphers/ciphercommon_block.c:124:
*** WARNING : deprecated key derivation used.
Using -iter or -pbkdf2 would be better.
bad decrypt
40574B7D877A0000:error:1C800064:Provider routines:ossl_cipher_unpadblock:bad decrypt:../providers/implementations/ciphers/ciphercommon_block.c:124:
*** WARNING : deprecated key derivation used.
Using -iter or -pbkdf2 would be better.
bad decrypt
40F7E82FE3780000:error:1C800064:Provider routines:ossl_cipher_unpadblock:bad decrypt:../providers/implementations/ciphers/ciphercommon_block.c:124:
*** WARNING : deprecated key derivation used.
Using -iter or -pbkdf2 would be better.
*** WARNING : deprecated key derivation used.
Using -iter or -pbkdf2 would be better.
*** WARNING : deprecated key derivation used.
Using -iter or -pbkdf2 would be better.
*** WARNING : deprecated key derivation used.
Using -iter or -pbkdf2 would be better.
*** WARNING : deprecated key derivation used.
Using -iter or -pbkdf2 would be better.
*** WARNING : deprecated key derivation used.
Using -iter or -pbkdf2 would be better.
*** WARNING : deprecated key derivation used.
Using -iter or -pbkdf2 would be better.
*** WARNING : deprecated key derivation used.
Using -iter or -pbkdf2 would be better.
*** WARNING : deprecated key derivation used.
Using -iter or -pbkdf2 would be better.
*** WARNING : deprecated key derivation used.
Using -iter or -pbkdf2 would be better.
bad decrypt
40A7FB8E9B7F0000:error:1C800064:Provider routines:ossl_cipher_unpadblock:bad decrypt:../providers/implementations/ciphers/ciphercommon_block.c:124:
*** WARNING : deprecated key derivation used.
Using -iter or -pbkdf2 would be better.
bad decrypt
40271398817B0000:error:1C800064:Provider routines:ossl_cipher_unpadblock:bad decrypt:../providers/implementations/ciphers/ciphercommon_block.c:124:
*** WARNING : deprecated key derivation used.
Using -iter or -pbkdf2 would be better.
bad decrypt
4047D2C3F0720000:error:1C800064:Provider routines:ossl_cipher_unpadblock:bad decrypt:../providers/implementations/ciphers/ciphercommon_block.c:124:
*** WARNING : deprecated key derivation used.
Using -iter or -pbkdf2 would be better.
*** WARNING : deprecated key derivation used.
Using -iter or -pbkdf2 would be better.
*** WARNING : deprecated key derivation used.
Using -iter or -pbkdf2 would be better.
*** WARNING : deprecated key derivation used.
Using -iter or -pbkdf2 would be better.
Error setting cipher DES-OFB
4087051EBB750000:error:0308010C:digital envelope routines:inner_evp_generic_fetch:unsupported:../crypto/evp/evp_fetch.c:386:Global default library context, Algorithm (DES-OFB : 66), Properties ()
*** WARNING : deprecated key derivation used.
Using -iter or -pbkdf2 would be better.
Error setting cipher DES-OFB
4097B03690750000:error:0308010C:digital envelope routines:inner_evp_generic_fetch:unsupported:../crypto/evp/evp_fetch.c:386:Global default library context, Algorithm (DES-OFB : 66), Properties ()
*** WARNING : deprecated key derivation used.
Using -iter or -pbkdf2 would be better.
Error setting cipher DES-OFB
40A7649023750000:error:0308010C:digital envelope routines:inner_evp_generic_fetch:unsupported:../crypto/evp/evp_fetch.c:386:Global default library context, Algorithm (DES-OFB : 66), Properties ()
*** WARNING : deprecated key derivation used.
Using -iter or -pbkdf2 would be better.
bad decrypt
40677234C8720000:error:1C800064:Provider routines:ossl_cipher_unpadblock:bad decrypt:../providers/implementations/ciphers/ciphercommon_block.c:124:
*** WARNING : deprecated key derivation used.
Using -iter or -pbkdf2 would be better.
bad decrypt
40272D56E37D0000:error:1C800064:Provider routines:ossl_cipher_unpadblock:bad decrypt:../providers/implementations/ciphers/ciphercommon_block.c:124:
*** WARNING : deprecated key derivation used.
Using -iter or -pbkdf2 would be better.
bad decrypt
40D78132FD780000:error:1C800064:Provider routines:ossl_cipher_unpadblock:bad decrypt:../providers/implementations/ciphers/ciphercommon_block.c:124:
*** WARNING : deprecated key derivation used.
Using -iter or -pbkdf2 would be better.
error writing output file
40A775AE8F790000:error:1C800066:Provider routines:tdes_wrap_update:cipher operation failed:../providers/implementations/ciphers/cipher_tdes_wrap.c:164:
*** WARNING : deprecated key derivation used.
Using -iter or -pbkdf2 would be better.
*** WARNING : deprecated key derivation used.
Using -iter or -pbkdf2 would be better.
*** WARNING : deprecated key derivation used.
Using -iter or -pbkdf2 would be better.
Error setting cipher DESX-CBC
40E72DC0197F0000:error:0308010C:digital envelope routines:inner_evp_generic_fetch:unsupported:../crypto/evp/evp_fetch.c:386:Global default library context, Algorithm (DESX-CBC : 0), Properties ()
*** WARNING : deprecated key derivation used.
Using -iter or -pbkdf2 would be better.
Error setting cipher DESX-CBC
40C75C81DC790000:error:0308010C:digital envelope routines:inner_evp_generic_fetch:unsupported:../crypto/evp/evp_fetch.c:386:Global default library context, Algorithm (DESX-CBC : 0), Properties ()
*** WARNING : deprecated key derivation used.
Using -iter or -pbkdf2 would be better.
Error setting cipher DESX-CBC
40E71031E6760000:error:0308010C:digital envelope routines:inner_evp_generic_fetch:unsupported:../crypto/evp/evp_fetch.c:386:Global default library context, Algorithm (DESX-CBC : 0), Properties ()
*** WARNING : deprecated key derivation used.
Using -iter or -pbkdf2 would be better.
Error setting cipher DESX-CBC
407784BC5F740000:error:0308010C:digital envelope routines:inner_evp_generic_fetch:unsupported:../crypto/evp/evp_fetch.c:386:Global default library context, Algorithm (DESX-CBC : 0), Properties ()
*** WARNING : deprecated key derivation used.
Using -iter or -pbkdf2 would be better.
Error setting cipher DESX-CBC
40779DAECF7D0000:error:0308010C:digital envelope routines:inner_evp_generic_fetch:unsupported:../crypto/evp/evp_fetch.c:386:Global default library context, Algorithm (DESX-CBC : 0), Properties ()
*** WARNING : deprecated key derivation used.
Using -iter or -pbkdf2 would be better.
Error setting cipher DESX-CBC
405761330A730000:error:0308010C:digital envelope routines:inner_evp_generic_fetch:unsupported:../crypto/evp/evp_fetch.c:386:Global default library context, Algorithm (DESX-CBC : 0), Properties ()
*** WARNING : deprecated key derivation used.
Using -iter or -pbkdf2 would be better.
error writing output file
40F7FF284F780000:error:1C800066:Provider routines:aes_wrap_cipher_internal:cipher operation failed:../providers/implementations/ciphers/cipher_aes_wrp.c:212:
40F7FF284F780000:error:030000BD:digital envelope routines:EVP_DecryptUpdate:update error:../crypto/evp/evp_enc.c:837:
*** WARNING : deprecated key derivation used.
Using -iter or -pbkdf2 would be better.
*** WARNING : deprecated key derivation used.
Using -iter or -pbkdf2 would be better.
*** WARNING : deprecated key derivation used.
Using -iter or -pbkdf2 would be better.
error writing output file
403739A9557D0000:error:1C800066:Provider routines:aes_wrap_cipher_internal:cipher operation failed:../providers/implementations/ciphers/cipher_aes_wrp.c:212:
403739A9557D0000:error:030000BD:digital envelope routines:EVP_DecryptUpdate:update error:../crypto/evp/evp_enc.c:837:
*** WARNING : deprecated key derivation used.
Using -iter or -pbkdf2 would be better.
*** WARNING : deprecated key derivation used.
Using -iter or -pbkdf2 would be better.
*** WARNING : deprecated key derivation used.
Using -iter or -pbkdf2 would be better.
error writing output file
400719E6AD760000:error:1C800066:Provider routines:aes_wrap_cipher_internal:cipher operation failed:../providers/implementations/ciphers/cipher_aes_wrp.c:212:
400719E6AD760000:error:030000BD:digital envelope routines:EVP_DecryptUpdate:update error:../crypto/evp/evp_enc.c:837:
*** WARNING : deprecated key derivation used.
Using -iter or -pbkdf2 would be better.
*** WARNING : deprecated key derivation used.
Using -iter or -pbkdf2 would be better.
*** WARNING : deprecated key derivation used.
Using -iter or -pbkdf2 would be better.
error writing output file
4017FE36D9740000:error:1C800066:Provider routines:aes_wrap_cipher_internal:cipher operation failed:../providers/implementations/ciphers/cipher_aes_wrp.c:212:
4017FE36D9740000:error:030000BD:digital envelope routines:EVP_DecryptUpdate:update error:../crypto/evp/evp_enc.c:837:
*** WARNING : deprecated key derivation used.
Using -iter or -pbkdf2 would be better.
*** WARNING : deprecated key derivation used.
Using -iter or -pbkdf2 would be better.
*** WARNING : deprecated key derivation used.
Using -iter or -pbkdf2 would be better.
error writing output file
4017BFED4E790000:error:1C800066:Provider routines:aes_wrap_cipher_internal:cipher operation failed:../providers/implementations/ciphers/cipher_aes_wrp.c:212:
4017BFED4E790000:error:030000BD:digital envelope routines:EVP_DecryptUpdate:update error:../crypto/evp/evp_enc.c:837:
*** WARNING : deprecated key derivation used.
Using -iter or -pbkdf2 would be better.
*** WARNING : deprecated key derivation used.
Using -iter or -pbkdf2 would be better.
*** WARNING : deprecated key derivation used.
Using -iter or -pbkdf2 would be better.
error writing output file
40674276FC7A0000:error:1C800066:Provider routines:aes_wrap_cipher_internal:cipher operation failed:../providers/implementations/ciphers/cipher_aes_wrp.c:212:
40674276FC7A0000:error:030000BD:digital envelope routines:EVP_DecryptUpdate:update error:../crypto/evp/evp_enc.c:837:
*** WARNING : deprecated key derivation used.
Using -iter or -pbkdf2 would be better.
*** WARNING : deprecated key derivation used.
Using -iter or -pbkdf2 would be better.
*** WARNING : deprecated key derivation used.
Using -iter or -pbkdf2 would be better.
error writing output file
40476605B3720000:error:1C800066:Provider routines:tdes_wrap_update:cipher operation failed:../providers/implementations/ciphers/cipher_tdes_wrap.c:164:
*** WARNING : deprecated key derivation used.
Using -iter or -pbkdf2 would be better.
*** WARNING : deprecated key derivation used.
Using -iter or -pbkdf2 would be better.
*** WARNING : deprecated key derivation used.
Using -iter or -pbkdf2 would be better.
Error setting cipher RC2-CBC
40A76EDE38710000:error:0308010C:digital envelope routines:inner_evp_generic_fetch:unsupported:../crypto/evp/evp_fetch.c:386:Global default library context, Algorithm (RC2-CBC : 4), Properties ()
*** WARNING : deprecated key derivation used.
Using -iter or -pbkdf2 would be better.
Error setting cipher RC2-CBC
40C7AB206C730000:error:0308010C:digital envelope routines:inner_evp_generic_fetch:unsupported:../crypto/evp/evp_fetch.c:386:Global default library context, Algorithm (RC2-CBC : 4), Properties ()
*** WARNING : deprecated key derivation used.
Using -iter or -pbkdf2 would be better.
Error setting cipher RC2-CBC
40A7C3193A7E0000:error:0308010C:digital envelope routines:inner_evp_generic_fetch:unsupported:../crypto/evp/evp_fetch.c:386:Global default library context, Algorithm (RC2-CBC : 4), Properties ()
*** WARNING : deprecated key derivation used.
Using -iter or -pbkdf2 would be better.
Error setting cipher RC2-CBC
40972216427A0000:error:0308010C:digital envelope routines:inner_evp_generic_fetch:unsupported:../crypto/evp/evp_fetch.c:386:Global default library context, Algorithm (RC2-CBC : 4), Properties ()
*** WARNING : deprecated key derivation used.
Using -iter or -pbkdf2 would be better.
Error setting cipher RC2-CBC
40174AF442750000:error:0308010C:digital envelope routines:inner_evp_generic_fetch:unsupported:../crypto/evp/evp_fetch.c:386:Global default library context, Algorithm (RC2-CBC : 4), Properties ()
*** WARNING : deprecated key derivation used.
Using -iter or -pbkdf2 would be better.
Error setting cipher RC2-CBC
40B7CC0AB9760000:error:0308010C:digital envelope routines:inner_evp_generic_fetch:unsupported:../crypto/evp/evp_fetch.c:386:Global default library context, Algorithm (RC2-CBC : 4), Properties ()
*** WARNING : deprecated key derivation used.
Using -iter or -pbkdf2 would be better.
Error setting cipher RC2-40-CBC
40D7E2CE8B750000:error:0308010C:digital envelope routines:inner_evp_generic_fetch:unsupported:../crypto/evp/evp_fetch.c:386:Global default library context, Algorithm (RC2-40-CBC : 0), Properties ()
*** WARNING : deprecated key derivation used.
Using -iter or -pbkdf2 would be better.
Error setting cipher RC2-40-CBC
4047C1D88C750000:error:0308010C:digital envelope routines:inner_evp_generic_fetch:unsupported:../crypto/evp/evp_fetch.c:386:Global default library context, Algorithm (RC2-40-CBC : 0), Properties ()
*** WARNING : deprecated key derivation used.
Using -iter or -pbkdf2 would be better.
Error setting cipher RC2-40-CBC
40F712C2047A0000:error:0308010C:digital envelope routines:inner_evp_generic_fetch:unsupported:../crypto/evp/evp_fetch.c:386:Global default library context, Algorithm (RC2-40-CBC : 0), Properties ()
*** WARNING : deprecated key derivation used.
Using -iter or -pbkdf2 would be better.
Error setting cipher RC2-40-CBC
401747223D740000:error:0308010C:digital envelope routines:inner_evp_generic_fetch:unsupported:../crypto/evp/evp_fetch.c:386:Global default library context, Algorithm (RC2-40-CBC : 0), Properties ()
*** WARNING : deprecated key derivation used.
Using -iter or -pbkdf2 would be better.
Error setting cipher RC2-40-CBC
40B7C178637B0000:error:0308010C:digital envelope routines:inner_evp_generic_fetch:unsupported:../crypto/evp/evp_fetch.c:386:Global default library context, Algorithm (RC2-40-CBC : 0), Properties ()
*** WARNING : deprecated key derivation used.
Using -iter or -pbkdf2 would be better.
Error setting cipher RC2-40-CBC
4057C00D3F790000:error:0308010C:digital envelope routines:inner_evp_generic_fetch:unsupported:../crypto/evp/evp_fetch.c:386:Global default library context, Algorithm (RC2-40-CBC : 0), Properties ()
*** WARNING : deprecated key derivation used.
Using -iter or -pbkdf2 would be better.
Error setting cipher RC2-64-CBC
40C75C8BCA770000:error:0308010C:digital envelope routines:inner_evp_generic_fetch:unsupported:../crypto/evp/evp_fetch.c:386:Global default library context, Algorithm (RC2-64-CBC : 0), Properties ()
*** WARNING : deprecated key derivation used.
Using -iter or -pbkdf2 would be better.
Error setting cipher RC2-64-CBC
4057A32E3D7C0000:error:0308010C:digital envelope routines:inner_evp_generic_fetch:unsupported:../crypto/evp/evp_fetch.c:386:Global default library context, Algorithm (RC2-64-CBC : 0), Properties ()
*** WARNING : deprecated key derivation used.
Using -iter or -pbkdf2 would be better.
Error setting cipher RC2-64-CBC
40278855F77B0000:error:0308010C:digital envelope routines:inner_evp_generic_fetch:unsupported:../crypto/evp/evp_fetch.c:386:Global default library context, Algorithm (RC2-64-CBC : 0), Properties ()
*** WARNING : deprecated key derivation used.
Using -iter or -pbkdf2 would be better.
Error setting cipher RC2-64-CBC
4077CAC4AB780000:error:0308010C:digital envelope routines:inner_evp_generic_fetch:unsupported:../crypto/evp/evp_fetch.c:386:Global default library context, Algorithm (RC2-64-CBC : 0), Properties ()
*** WARNING : deprecated key derivation used.
Using -iter or -pbkdf2 would be better.
Error setting cipher RC2-64-CBC
40F7B563A5760000:error:0308010C:digital envelope routines:inner_evp_generic_fetch:unsupported:../crypto/evp/evp_fetch.c:386:Global default library context, Algorithm (RC2-64-CBC : 0), Properties ()
*** WARNING : deprecated key derivation used.
Using -iter or -pbkdf2 would be better.
Error setting cipher RC2-64-CBC
40C7D726927B0000:error:0308010C:digital envelope routines:inner_evp_generic_fetch:unsupported:../crypto/evp/evp_fetch.c:386:Global default library context, Algorithm (RC2-64-CBC : 0), Properties ()
*** WARNING : deprecated key derivation used.
Using -iter or -pbkdf2 would be better.
Error setting cipher RC2-CBC
40E711DA84790000:error:0308010C:digital envelope routines:inner_evp_generic_fetch:unsupported:../crypto/evp/evp_fetch.c:386:Global default library context, Algorithm (RC2-CBC : 4), Properties ()
*** WARNING : deprecated key derivation used.
Using -iter or -pbkdf2 would be better.
Error setting cipher RC2-CBC
40B7AF1553780000:error:0308010C:digital envelope routines:inner_evp_generic_fetch:unsupported:../crypto/evp/evp_fetch.c:386:Global default library context, Algorithm (RC2-CBC : 4), Properties ()
*** WARNING : deprecated key derivation used.
Using -iter or -pbkdf2 would be better.
Error setting cipher RC2-CBC
40D788CDD1730000:error:0308010C:digital envelope routines:inner_evp_generic_fetch:unsupported:../crypto/evp/evp_fetch.c:386:Global default library context, Algorithm (RC2-CBC : 4), Properties ()
*** WARNING : deprecated key derivation used.
Using -iter or -pbkdf2 would be better.
Error setting cipher RC2-CFB
40C766973E750000:error:0308010C:digital envelope routines:inner_evp_generic_fetch:unsupported:../crypto/evp/evp_fetch.c:386:Global default library context, Algorithm (RC2-CFB : 0), Properties ()
*** WARNING : deprecated key derivation used.
Using -iter or -pbkdf2 would be better.
Error setting cipher RC2-CFB
403700C205710000:error:0308010C:digital envelope routines:inner_evp_generic_fetch:unsupported:../crypto/evp/evp_fetch.c:386:Global default library context, Algorithm (RC2-CFB : 0), Properties ()
*** WARNING : deprecated key derivation used.
Using -iter or -pbkdf2 would be better.
Error setting cipher RC2-CFB
402781CDFE750000:error:0308010C:digital envelope routines:inner_evp_generic_fetch:unsupported:../crypto/evp/evp_fetch.c:386:Global default library context, Algorithm (RC2-CFB : 0), Properties ()
*** WARNING : deprecated key derivation used.
Using -iter or -pbkdf2 would be better.
Error setting cipher RC2-ECB
4097B363D2770000:error:0308010C:digital envelope routines:inner_evp_generic_fetch:unsupported:../crypto/evp/evp_fetch.c:386:Global default library context, Algorithm (RC2-ECB : 0), Properties ()
*** WARNING : deprecated key derivation used.
Using -iter or -pbkdf2 would be better.
Error setting cipher RC2-ECB
40B7D1F752780000:error:0308010C:digital envelope routines:inner_evp_generic_fetch:unsupported:../crypto/evp/evp_fetch.c:386:Global default library context, Algorithm (RC2-ECB : 0), Properties ()
*** WARNING : deprecated key derivation used.
Using -iter or -pbkdf2 would be better.
Error setting cipher RC2-ECB
4067F20575730000:error:0308010C:digital envelope routines:inner_evp_generic_fetch:unsupported:../crypto/evp/evp_fetch.c:386:Global default library context, Algorithm (RC2-ECB : 0), Properties ()
*** WARNING : deprecated key derivation used.
Using -iter or -pbkdf2 would be better.
Error setting cipher RC2-OFB
4087D72D93730000:error:0308010C:digital envelope routines:inner_evp_generic_fetch:unsupported:../crypto/evp/evp_fetch.c:386:Global default library context, Algorithm (RC2-OFB : 0), Properties ()
*** WARNING : deprecated key derivation used.
Using -iter or -pbkdf2 would be better.
Error setting cipher RC2-OFB
4057BCAEFF7D0000:error:0308010C:digital envelope routines:inner_evp_generic_fetch:unsupported:../crypto/evp/evp_fetch.c:386:Global default library context, Algorithm (RC2-OFB : 0), Properties ()
*** WARNING : deprecated key derivation used.
Using -iter or -pbkdf2 would be better.
Error setting cipher RC2-OFB
4077CB1377730000:error:0308010C:digital envelope routines:inner_evp_generic_fetch:unsupported:../crypto/evp/evp_fetch.c:386:Global default library context, Algorithm (RC2-OFB : 0), Properties ()
*** WARNING : deprecated key derivation used.
Using -iter or -pbkdf2 would be better.
Error setting cipher RC4
40278896A0760000:error:0308010C:digital envelope routines:inner_evp_generic_fetch:unsupported:../crypto/evp/evp_fetch.c:386:Global default library context, Algorithm (RC4 : 37), Properties ()
*** WARNING : deprecated key derivation used.
Using -iter or -pbkdf2 would be better.
Error setting cipher RC4
40076DADE0760000:error:0308010C:digital envelope routines:inner_evp_generic_fetch:unsupported:../crypto/evp/evp_fetch.c:386:Global default library context, Algorithm (RC4 : 37), Properties ()
*** WARNING : deprecated key derivation used.
Using -iter or -pbkdf2 would be better.
Error setting cipher RC4
40A77FCC5C700000:error:0308010C:digital envelope routines:inner_evp_generic_fetch:unsupported:../crypto/evp/evp_fetch.c:386:Global default library context, Algorithm (RC4 : 37), Properties ()
*** WARNING : deprecated key derivation used.
Using -iter or -pbkdf2 would be better.
Error setting cipher RC4-40
40679E9C30710000:error:0308010C:digital envelope routines:inner_evp_generic_fetch:unsupported:../crypto/evp/evp_fetch.c:386:Global default library context, Algorithm (RC4-40 : 0), Properties ()
*** WARNING : deprecated key derivation used.
Using -iter or -pbkdf2 would be better.
Error setting cipher RC4-40
40B7FC914C740000:error:0308010C:digital envelope routines:inner_evp_generic_fetch:unsupported:../crypto/evp/evp_fetch.c:386:Global default library context, Algorithm (RC4-40 : 0), Properties ()
*** WARNING : deprecated key derivation used.
Using -iter or -pbkdf2 would be better.
Error setting cipher RC4-40
4027240A1E750000:error:0308010C:digital envelope routines:inner_evp_generic_fetch:unsupported:../crypto/evp/evp_fetch.c:386:Global default library context, Algorithm (RC4-40 : 0), Properties ()
*** WARNING : deprecated key derivation used.
Using -iter or -pbkdf2 would be better.
Error setting cipher SEED-CBC
40C7C9ED00740000:error:0308010C:digital envelope routines:inner_evp_generic_fetch:unsupported:../crypto/evp/evp_fetch.c:386:Global default library context, Algorithm (SEED-CBC : 53), Properties ()
*** WARNING : deprecated key derivation used.
Using -iter or -pbkdf2 would be better.
Error setting cipher SEED-CBC
4047CADA7B7A0000:error:0308010C:digital envelope routines:inner_evp_generic_fetch:unsupported:../crypto/evp/evp_fetch.c:386:Global default library context, Algorithm (SEED-CBC : 53), Properties ()
*** WARNING : deprecated key derivation used.
Using -iter or -pbkdf2 would be better.
Error setting cipher SEED-CBC
4047962FA2740000:error:0308010C:digital envelope routines:inner_evp_generic_fetch:unsupported:../crypto/evp/evp_fetch.c:386:Global default library context, Algorithm (SEED-CBC : 53), Properties ()
*** WARNING : deprecated key derivation used.
Using -iter or -pbkdf2 would be better.
Error setting cipher SEED-CBC
408798D3E0760000:error:0308010C:digital envelope routines:inner_evp_generic_fetch:unsupported:../crypto/evp/evp_fetch.c:386:Global default library context, Algorithm (SEED-CBC : 53), Properties ()
*** WARNING : deprecated key derivation used.
Using -iter or -pbkdf2 would be better.
Error setting cipher SEED-CBC
40B727B62A7C0000:error:0308010C:digital envelope routines:inner_evp_generic_fetch:unsupported:../crypto/evp/evp_fetch.c:386:Global default library context, Algorithm (SEED-CBC : 53), Properties ()
*** WARNING : deprecated key derivation used.
Using -iter or -pbkdf2 would be better.
Error setting cipher SEED-CBC
40C7E964287C0000:error:0308010C:digital envelope routines:inner_evp_generic_fetch:unsupported:../crypto/evp/evp_fetch.c:386:Global default library context, Algorithm (SEED-CBC : 53), Properties ()
*** WARNING : deprecated key derivation used.
Using -iter or -pbkdf2 would be better.
Error setting cipher SEED-CFB
408728C5EB730000:error:0308010C:digital envelope routines:inner_evp_generic_fetch:unsupported:../crypto/evp/evp_fetch.c:386:Global default library context, Algorithm (SEED-CFB : 49), Properties ()
*** WARNING : deprecated key derivation used.
Using -iter or -pbkdf2 would be better.
Error setting cipher SEED-CFB
40E7D944D8730000:error:0308010C:digital envelope routines:inner_evp_generic_fetch:unsupported:../crypto/evp/evp_fetch.c:386:Global default library context, Algorithm (SEED-CFB : 49), Properties ()
*** WARNING : deprecated key derivation used.
Using -iter or -pbkdf2 would be better.
Error setting cipher SEED-CFB
4057D598607B0000:error:0308010C:digital envelope routines:inner_evp_generic_fetch:unsupported:../crypto/evp/evp_fetch.c:386:Global default library context, Algorithm (SEED-CFB : 49), Properties ()
*** WARNING : deprecated key derivation used.
Using -iter or -pbkdf2 would be better.
Error setting cipher SEED-ECB
40B787FAFB7F0000:error:0308010C:digital envelope routines:inner_evp_generic_fetch:unsupported:../crypto/evp/evp_fetch.c:386:Global default library context, Algorithm (SEED-ECB : 74), Properties ()
*** WARNING : deprecated key derivation used.
Using -iter or -pbkdf2 would be better.
Error setting cipher SEED-ECB
4017076AB0780000:error:0308010C:digital envelope routines:inner_evp_generic_fetch:unsupported:../crypto/evp/evp_fetch.c:386:Global default library context, Algorithm (SEED-ECB : 74), Properties ()
*** WARNING : deprecated key derivation used.
Using -iter or -pbkdf2 would be better.
Error setting cipher SEED-ECB
400760CEC3720000:error:0308010C:digital envelope routines:inner_evp_generic_fetch:unsupported:../crypto/evp/evp_fetch.c:386:Global default library context, Algorithm (SEED-ECB : 74), Properties ()
*** WARNING : deprecated key derivation used.
Using -iter or -pbkdf2 would be better.
Error setting cipher SEED-OFB
40E79206D1770000:error:0308010C:digital envelope routines:inner_evp_generic_fetch:unsupported:../crypto/evp/evp_fetch.c:386:Global default library context, Algorithm (SEED-OFB : 61), Properties ()
*** WARNING : deprecated key derivation used.
Using -iter or -pbkdf2 would be better.
Error setting cipher SEED-OFB
40A7EA5C457B0000:error:0308010C:digital envelope routines:inner_evp_generic_fetch:unsupported:../crypto/evp/evp_fetch.c:386:Global default library context, Algorithm (SEED-OFB : 61), Properties ()
*** WARNING : deprecated key derivation used.
Using -iter or -pbkdf2 would be better.
Error setting cipher SEED-OFB
40371FE4DA760000:error:0308010C:digital envelope routines:inner_evp_generic_fetch:unsupported:../crypto/evp/evp_fetch.c:386:Global default library context, Algorithm (SEED-OFB : 61), Properties ()
*** WARNING : deprecated key derivation used.
Using -iter or -pbkdf2 would be better.
bad decrypt
4097082A38750000:error:1C800064:Provider routines:ossl_cipher_unpadblock:bad decrypt:../providers/implementations/ciphers/ciphercommon_block.c:124:
*** WARNING : deprecated key derivation used.
Using -iter or -pbkdf2 would be better.
bad decrypt
40B7BD0BEC740000:error:1C800064:Provider routines:ossl_cipher_unpadblock:bad decrypt:../providers/implementations/ciphers/ciphercommon_block.c:124:
*** WARNING : deprecated key derivation used.
Using -iter or -pbkdf2 would be better.
bad decrypt
40877A15477B0000:error:1C800064:Provider routines:ossl_cipher_unpadblock:bad decrypt:../providers/implementations/ciphers/ciphercommon_block.c:124:
*** WARNING : deprecated key derivation used.
Using -iter or -pbkdf2 would be better.
bad decrypt
40C70F1E6F7A0000:error:1C800064:Provider routines:ossl_cipher_unpadblock:bad decrypt:../providers/implementations/ciphers/ciphercommon_block.c:124:
*** WARNING : deprecated key derivation used.
Using -iter or -pbkdf2 would be better.
bad decrypt
40C7FE6DBD770000:error:1C800064:Provider routines:ossl_cipher_unpadblock:bad decrypt:../providers/implementations/ciphers/ciphercommon_block.c:124:
*** WARNING : deprecated key derivation used.
Using -iter or -pbkdf2 would be better.
bad decrypt
402766F7527E0000:error:1C800064:Provider routines:ossl_cipher_unpadblock:bad decrypt:../providers/implementations/ciphers/ciphercommon_block.c:124:
*** WARNING : deprecated key derivation used.
Using -iter or -pbkdf2 would be better.
*** WARNING : deprecated key derivation used.
Using -iter or -pbkdf2 would be better.
*** WARNING : deprecated key derivation used.
Using -iter or -pbkdf2 would be better.
*** WARNING : deprecated key derivation used.
Using -iter or -pbkdf2 would be better.
*** WARNING : deprecated key derivation used.
Using -iter or -pbkdf2 would be better.
*** WARNING : deprecated key derivation used.
Using -iter or -pbkdf2 would be better.
*** WARNING : deprecated key derivation used.
Using -iter or -pbkdf2 would be better.
bad decrypt
4037D5D5CB740000:error:1C800064:Provider routines:ossl_cipher_unpadblock:bad decrypt:../providers/implementations/ciphers/ciphercommon_block.c:124:
*** WARNING : deprecated key derivation used.
Using -iter or -pbkdf2 would be better.
bad decrypt
40B7F2A52A730000:error:1C800064:Provider routines:ossl_cipher_unpadblock:bad decrypt:../providers/implementations/ciphers/ciphercommon_block.c:124:
*** WARNING : deprecated key derivation used.
Using -iter or -pbkdf2 would be better.
bad decrypt
40E7185D7D790000:error:1C800064:Provider routines:ossl_cipher_unpadblock:bad decrypt:../providers/implementations/ciphers/ciphercommon_block.c:124:
*** WARNING : deprecated key derivation used.
Using -iter or -pbkdf2 would be better.
*** WARNING : deprecated key derivation used.
Using -iter or -pbkdf2 would be better.
*** WARNING : deprecated key derivation used.
Using -iter or -pbkdf2 would be better.
*** WARNING : deprecated key derivation used.
Using -iter or -pbkdf2 would be better.
bad decrypt
40C70C8E807A0000:error:1C800064:Provider routines:ossl_cipher_unpadblock:bad decrypt:../providers/implementations/ciphers/ciphercommon_block.c:124:
*** WARNING : deprecated key derivation used.
Using -iter or -pbkdf2 would be better.
bad decrypt
405703CCF8770000:error:1C800064:Provider routines:ossl_cipher_unpadblock:bad decrypt:../providers/implementations/ciphers/ciphercommon_block.c:124:
*** WARNING : deprecated key derivation used.
Using -iter or -pbkdf2 would be better.
bad decrypt
40A70DE15E780000:error:1C800064:Provider routines:ossl_cipher_unpadblock:bad decrypt:../providers/implementations/ciphers/ciphercommon_block.c:124:
*** WARNING : deprecated key derivation used.
Using -iter or -pbkdf2 would be better.
*** WARNING : deprecated key derivation used.
Using -iter or -pbkdf2 would be better.
*** WARNING : deprecated key derivation used.
Using -iter or -pbkdf2 would be better.
*** WARNING : deprecated key derivation used.
Using -iter or -pbkdf2 would be better.
*** WARNING : deprecated key derivation used.
Using -iter or -pbkdf2 would be better.
*** WARNING : deprecated key derivation used.
Using -iter or -pbkdf2 would be better.
*** WARNING : deprecated key derivation used.
Using -iter or -pbkdf2 would be better.
*** WARNING : deprecated key derivation used.
Using -iter or -pbkdf2 would be better.
*** WARNING : deprecated key derivation used.
Using -iter or -pbkdf2 would be better.
*** WARNING : deprecated key derivation used.
Using -iter or -pbkdf2 would be better.
*** WARNING : deprecated key derivation used.
Using -iter or -pbkdf2 would be better.
*** WARNING : deprecated key derivation used.
Using -iter or -pbkdf2 would be better.
*** WARNING : deprecated key derivation used.
Using -iter or -pbkdf2 would be better.
bad decrypt
4067D4BC4D700000:error:1C800064:Provider routines:ossl_cipher_unpadblock:bad decrypt:../providers/implementations/ciphers/ciphercommon_block.c:124:
*** WARNING : deprecated key derivation used.
Using -iter or -pbkdf2 would be better.
bad decrypt
40F72D10D8700000:error:1C800064:Provider routines:ossl_cipher_unpadblock:bad decrypt:../providers/implementations/ciphers/ciphercommon_block.c:124:
*** WARNING : deprecated key derivation used.
Using -iter or -pbkdf2 would be better.
bad decrypt
4047932DC3720000:error:1C800064:Provider routines:ossl_cipher_unpadblock:bad decrypt:../providers/implementations/ciphers/ciphercommon_block.c:124:
*** WARNING : deprecated key derivation used.
Using -iter or -pbkdf2 would be better.
*** WARNING : deprecated key derivation used.
Using -iter or -pbkdf2 would be better.
*** WARNING : deprecated key derivation used.
Using -iter or -pbkdf2 would be better.
*** WARNING : deprecated key derivation used.
Using -iter or -pbkdf2 would be better.
bad decrypt
40270DEEA9720000:error:1C800064:Provider routines:ossl_cipher_unpadblock:bad decrypt:../providers/implementations/ciphers/ciphercommon_block.c:124:
*** WARNING : deprecated key derivation used.
Using -iter or -pbkdf2 would be better.
bad decrypt
40973917F7710000:error:1C800064:Provider routines:ossl_cipher_unpadblock:bad decrypt:../providers/implementations/ciphers/ciphercommon_block.c:124:
*** WARNING : deprecated key derivation used.
Using -iter or -pbkdf2 would be better.
bad decrypt
40B79EEB5A7A0000:error:1C800064:Provider routines:ossl_cipher_unpadblock:bad decrypt:../providers/implementations/ciphers/ciphercommon_block.c:124:
*** WARNING : deprecated key derivation used.
Using -iter or -pbkdf2 would be better.
*** WARNING : deprecated key derivation used.
Using -iter or -pbkdf2 would be better.
*** WARNING : deprecated key derivation used.
Using -iter or -pbkdf2 would be better.
*** WARNING : deprecated key derivation used.
Using -iter or -pbkdf2 would be better.
*** WARNING : deprecated key derivation used.
Using -iter or -pbkdf2 would be better.
*** WARNING : deprecated key derivation used.
Using -iter or -pbkdf2 would be better.
*** WARNING : deprecated key derivation used.
Using -iter or -pbkdf2 would be better.
*** WARNING : deprecated key derivation used.
Using -iter or -pbkdf2 would be better.
*** WARNING : deprecated key derivation used.
Using -iter or -pbkdf2 would be better.
*** WARNING : deprecated key derivation used.
Using -iter or -pbkdf2 would be better.
*** WARNING : deprecated key derivation used.
Using -iter or -pbkdf2 would be better.
*** WARNING : deprecated key derivation used.
Using -iter or -pbkdf2 would be better.
*** WARNING : deprecated key derivation used.
Using -iter or -pbkdf2 would be better.
*** WARNING : deprecated key derivation used.
Using -iter or -pbkdf2 would be better.
bad decrypt
401775ADA4710000:error:1C80006B:Provider routines:ossl_cipher_generic_block_final:wrong final block length:../providers/implementations/ciphers/ciphercommon.c:443:
*** WARNING : deprecated key derivation used.
Using -iter or -pbkdf2 would be better.
bad decrypt
40A7F027C7700000:error:1C800064:Provider routines:ossl_cipher_unpadblock:bad decrypt:../providers/implementations/ciphers/ciphercommon_block.c:124:
*** WARNING : deprecated key derivation used.
Using -iter or -pbkdf2 would be better.
*** WARNING : deprecated key derivation used.
Using -iter or -pbkdf2 would be better.
*** WARNING : deprecated key derivation used.
Using -iter or -pbkdf2 would be better.
*** WARNING : deprecated key derivation used.
Using -iter or -pbkdf2 would be better.
bad decrypt
40172BE21F790000:error:1C800064:Provider routines:ossl_cipher_unpadblock:bad decrypt:../providers/implementations/ciphers/ciphercommon_block.c:124:
*** WARNING : deprecated key derivation used.
Using -iter or -pbkdf2 would be better.
bad decrypt
4097F5D51E730000:error:1C800064:Provider routines:ossl_cipher_unpadblock:bad decrypt:../providers/implementations/ciphers/ciphercommon_block.c:124:
*** WARNING : deprecated key derivation used.
Using -iter or -pbkdf2 would be better.
bad decrypt
40F7265517720000:error:1C800064:Provider routines:ossl_cipher_unpadblock:bad decrypt:../providers/implementations/ciphers/ciphercommon_block.c:124:
*** WARNING : deprecated key derivation used.
Using -iter or -pbkdf2 would be better.
*** WARNING : deprecated key derivation used.
Using -iter or -pbkdf2 would be better.
*** WARNING : deprecated key derivation used.
Using -iter or -pbkdf2 would be better.
*** WARNING : deprecated key derivation used.
Using -iter or -pbkdf2 would be better.
*** WARNING : deprecated key derivation used.
Using -iter or -pbkdf2 would be better.
*** WARNING : deprecated key derivation used.
Using -iter or -pbkdf2 would be better.
*** WARNING : deprecated key derivation used.
Using -iter or -pbkdf2 would be better.
*** WARNING : deprecated key derivation used.
Using -iter or -pbkdf2 would be better.
*** WARNING : deprecated key derivation used.
Using -iter or -pbkdf2 would be better.
*** WARNING : deprecated key derivation used.
Using -iter or -pbkdf2 would be better.
*** WARNING : deprecated key derivation used.
Using -iter or -pbkdf2 would be better.
*** WARNING : deprecated key derivation used.
Using -iter or -pbkdf2 would be better.
*** WARNING : deprecated key derivation used.
Using -iter or -pbkdf2 would be better.
bad decrypt
40B74E4E61720000:error:1C800064:Provider routines:ossl_cipher_unpadblock:bad decrypt:../providers/implementations/ciphers/ciphercommon_block.c:124:
*** WARNING : deprecated key derivation used.
Using -iter or -pbkdf2 would be better.
bad decrypt
409706C20A720000:error:1C800064:Provider routines:ossl_cipher_unpadblock:bad decrypt:../providers/implementations/ciphers/ciphercommon_block.c:124:
*** WARNING : deprecated key derivation used.
Using -iter or -pbkdf2 would be better.
bad decrypt
40E71E4EEE720000:error:1C800064:Provider routines:ossl_cipher_unpadblock:bad decrypt:../providers/implementations/ciphers/ciphercommon_block.c:124:
*** WARNING : deprecated key derivation used.
Using -iter or -pbkdf2 would be better.
*** WARNING : deprecated key derivation used.
Using -iter or -pbkdf2 would be better.
*** WARNING : deprecated key derivation used.
Using -iter or -pbkdf2 would be better.
*** WARNING : deprecated key derivation used.
Using -iter or -pbkdf2 would be better.
bad decrypt
40B7DF1BD2760000:error:1C800064:Provider routines:ossl_cipher_unpadblock:bad decrypt:../providers/implementations/ciphers/ciphercommon_block.c:124:
*** WARNING : deprecated key derivation used.
Using -iter or -pbkdf2 would be better.
bad decrypt
40D7B05613730000:error:1C800064:Provider routines:ossl_cipher_unpadblock:bad decrypt:../providers/implementations/ciphers/ciphercommon_block.c:124:
*** WARNING : deprecated key derivation used.
Using -iter or -pbkdf2 would be better.
bad decrypt
40572CC2D7790000:error:1C800064:Provider routines:ossl_cipher_unpadblock:bad decrypt:../providers/implementations/ciphers/ciphercommon_block.c:124:
*** WARNING : deprecated key derivation used.
Using -iter or -pbkdf2 would be better.
error writing output file
40371D5931760000:error:1C800066:Provider routines:aes_wrap_cipher_internal:cipher operation failed:../providers/implementations/ciphers/cipher_aes_wrp.c:212:
40371D5931760000:error:030000BD:digital envelope routines:EVP_DecryptUpdate:update error:../crypto/evp/evp_enc.c:837:
*** WARNING : deprecated key derivation used.
Using -iter or -pbkdf2 would be better.
*** WARNING : deprecated key derivation used.
Using -iter or -pbkdf2 would be better.
*** WARNING : deprecated key derivation used.
Using -iter or -pbkdf2 would be better.
bad decrypt
404722CF1D7E0000:error:1C800064:Provider routines:ossl_cipher_unpadblock:bad decrypt:../providers/implementations/ciphers/ciphercommon_block.c:124:
*** WARNING : deprecated key derivation used.
Using -iter or -pbkdf2 would be better.
bad decrypt
40E7865798720000:error:1C800064:Provider routines:ossl_cipher_unpadblock:bad decrypt:../providers/implementations/ciphers/ciphercommon_block.c:124:
*** WARNING : deprecated key derivation used.
Using -iter or -pbkdf2 would be better.
bad decrypt
4087A2BD7A7F0000:error:1C800064:Provider routines:ossl_cipher_unpadblock:bad decrypt:../providers/implementations/ciphers/ciphercommon_block.c:124:
*** WARNING : deprecated key derivation used.
Using -iter or -pbkdf2 would be better.
error writing output file
40C7CCA6FD770000:error:1C800066:Provider routines:aes_wrap_cipher_internal:cipher operation failed:../providers/implementations/ciphers/cipher_aes_wrp.c:212:
40C7CCA6FD770000:error:030000BD:digital envelope routines:EVP_DecryptUpdate:update error:../crypto/evp/evp_enc.c:837:
*** WARNING : deprecated key derivation used.
Using -iter or -pbkdf2 would be better.
*** WARNING : deprecated key derivation used.
Using -iter or -pbkdf2 would be better.
*** WARNING : deprecated key derivation used.
Using -iter or -pbkdf2 would be better.
bad decrypt
4037239F53780000:error:1C800064:Provider routines:ossl_cipher_unpadblock:bad decrypt:../providers/implementations/ciphers/ciphercommon_block.c:124:
*** WARNING : deprecated key derivation used.
Using -iter or -pbkdf2 would be better.
bad decrypt
4047CE0B21730000:error:1C800064:Provider routines:ossl_cipher_unpadblock:bad decrypt:../providers/implementations/ciphers/ciphercommon_block.c:124:
*** WARNING : deprecated key derivation used.
Using -iter or -pbkdf2 would be better.
bad decrypt
40E7041DAD790000:error:1C800064:Provider routines:ossl_cipher_unpadblock:bad decrypt:../providers/implementations/ciphers/ciphercommon_block.c:124:
*** WARNING : deprecated key derivation used.
Using -iter or -pbkdf2 would be better.
error writing output file
40B71E9E15790000:error:1C800066:Provider routines:aes_wrap_cipher_internal:cipher operation failed:../providers/implementations/ciphers/cipher_aes_wrp.c:212:
40B71E9E15790000:error:030000BD:digital envelope routines:EVP_DecryptUpdate:update error:../crypto/evp/evp_enc.c:837:
*** WARNING : deprecated key derivation used.
Using -iter or -pbkdf2 would be better.
*** WARNING : deprecated key derivation used.
Using -iter or -pbkdf2 would be better.
*** WARNING : deprecated key derivation used.
Using -iter or -pbkdf2 would be better.
error writing output file
40F72109F1740000:error:1C800066:Provider routines:aes_wrap_cipher_internal:cipher operation failed:../providers/implementations/ciphers/cipher_aes_wrp.c:212:
40F72109F1740000:error:030000BD:digital envelope routines:EVP_DecryptUpdate:update error:../crypto/evp/evp_enc.c:837:
*** WARNING : deprecated key derivation used.
Using -iter or -pbkdf2 would be better.
*** WARNING : deprecated key derivation used.
Using -iter or -pbkdf2 would be better.
*** WARNING : deprecated key derivation used.
Using -iter or -pbkdf2 would be better.
error writing output file
40A7FE7B327F0000:error:1C800066:Provider routines:aes_wrap_cipher_internal:cipher operation failed:../providers/implementations/ciphers/cipher_aes_wrp.c:212:
40A7FE7B327F0000:error:030000BD:digital envelope routines:EVP_DecryptUpdate:update error:../crypto/evp/evp_enc.c:837:
*** WARNING : deprecated key derivation used.
Using -iter or -pbkdf2 would be better.
*** WARNING : deprecated key derivation used.
Using -iter or -pbkdf2 would be better.
*** WARNING : deprecated key derivation used.
Using -iter or -pbkdf2 would be better.
error writing output file
4037D4D8A67B0000:error:1C800066:Provider routines:aes_wrap_cipher_internal:cipher operation failed:../providers/implementations/ciphers/cipher_aes_wrp.c:212:
4037D4D8A67B0000:error:030000BD:digital envelope routines:EVP_DecryptUpdate:update error:../crypto/evp/evp_enc.c:837:
*** WARNING : deprecated key derivation used.
Using -iter or -pbkdf2 would be better.
*** WARNING : deprecated key derivation used.
Using -iter or -pbkdf2 would be better.
*** WARNING : deprecated key derivation used.
Using -iter or -pbkdf2 would be better.
error writing output file
40B7E5BBD2790000:error:1C800066:Provider routines:aes_wrap_cipher_internal:cipher operation failed:../providers/implementations/ciphers/cipher_aes_wrp.c:212:
40B7E5BBD2790000:error:030000BD:digital envelope routines:EVP_DecryptUpdate:update error:../crypto/evp/evp_enc.c:837:
*** WARNING : deprecated key derivation used.
Using -iter or -pbkdf2 would be better.
*** WARNING : deprecated key derivation used.
Using -iter or -pbkdf2 would be better.
*** WARNING : deprecated key derivation used.
Using -iter or -pbkdf2 would be better.
error writing output file
40570AC13B7B0000:error:1C800066:Provider routines:aes_wrap_cipher_internal:cipher operation failed:../providers/implementations/ciphers/cipher_aes_wrp.c:212:
40570AC13B7B0000:error:030000BD:digital envelope routines:EVP_DecryptUpdate:update error:../crypto/evp/evp_enc.c:837:
*** WARNING : deprecated key derivation used.
Using -iter or -pbkdf2 would be better.
*** WARNING : deprecated key derivation used.
Using -iter or -pbkdf2 would be better.
*** WARNING : deprecated key derivation used.
Using -iter or -pbkdf2 would be better.
error writing output file
40E7B8662E750000:error:1C800066:Provider routines:aes_wrap_cipher_internal:cipher operation failed:../providers/implementations/ciphers/cipher_aes_wrp.c:212:
40E7B8662E750000:error:030000BD:digital envelope routines:EVP_DecryptUpdate:update error:../crypto/evp/evp_enc.c:837:
*** WARNING : deprecated key derivation used.
Using -iter or -pbkdf2 would be better.
*** WARNING : deprecated key derivation used.
Using -iter or -pbkdf2 would be better.
*** WARNING : deprecated key derivation used.
Using -iter or -pbkdf2 would be better.
bad decrypt
405763C741710000:error:1C800064:Provider routines:ossl_cipher_unpadblock:bad decrypt:../providers/implementations/ciphers/ciphercommon_block.c:124:
*** WARNING : deprecated key derivation used.
Using -iter or -pbkdf2 would be better.
bad decrypt
4007565151730000:error:1C800064:Provider routines:ossl_cipher_unpadblock:bad decrypt:../providers/implementations/ciphers/ciphercommon_block.c:124:
*** WARNING : deprecated key derivation used.
Using -iter or -pbkdf2 would be better.
bad decrypt
4047AA63D9780000:error:1C800064:Provider routines:ossl_cipher_unpadblock:bad decrypt:../providers/implementations/ciphers/ciphercommon_block.c:124:
*** WARNING : deprecated key derivation used.
Using -iter or -pbkdf2 would be better.
*** WARNING : deprecated key derivation used.
Using -iter or -pbkdf2 would be better.
*** WARNING : deprecated key derivation used.
Using -iter or -pbkdf2 would be better.
*** WARNING : deprecated key derivation used.
Using -iter or -pbkdf2 would be better.
*** WARNING : deprecated key derivation used.
Using -iter or -pbkdf2 would be better.
*** WARNING : deprecated key derivation used.
Using -iter or -pbkdf2 would be better.
*** WARNING : deprecated key derivation used.
Using -iter or -pbkdf2 would be better.
*** WARNING : deprecated key derivation used.
Using -iter or -pbkdf2 would be better.
*** WARNING : deprecated key derivation used.
Using -iter or -pbkdf2 would be better.
*** WARNING : deprecated key derivation used.
Using -iter or -pbkdf2 would be better.
*** WARNING : deprecated key derivation used.
Using -iter or -pbkdf2 would be better.
*** WARNING : deprecated key derivation used.
Using -iter or -pbkdf2 would be better.
*** WARNING : deprecated key derivation used.
Using -iter or -pbkdf2 would be better.
bad decrypt
40B700BEDA740000:error:1C800064:Provider routines:ossl_cipher_unpadblock:bad decrypt:../providers/implementations/ciphers/ciphercommon_block.c:124:
*** WARNING : deprecated key derivation used.
Using -iter or -pbkdf2 would be better.
bad decrypt
4047B4F5747D0000:error:1C800064:Provider routines:ossl_cipher_unpadblock:bad decrypt:../providers/implementations/ciphers/ciphercommon_block.c:124:
*** WARNING : deprecated key derivation used.
Using -iter or -pbkdf2 would be better.
bad decrypt
40F78A0EC47F0000:error:1C800064:Provider routines:ossl_cipher_unpadblock:bad decrypt:../providers/implementations/ciphers/ciphercommon_block.c:124:
*** WARNING : deprecated key derivation used.
Using -iter or -pbkdf2 would be better.
*** WARNING : deprecated key derivation used.
Using -iter or -pbkdf2 would be better.
*** WARNING : deprecated key derivation used.
Using -iter or -pbkdf2 would be better.
*** WARNING : deprecated key derivation used.
Using -iter or -pbkdf2 would be better.
bad decrypt
40377E2639770000:error:1C800064:Provider routines:ossl_cipher_unpadblock:bad decrypt:../providers/implementations/ciphers/ciphercommon_block.c:124:
*** WARNING : deprecated key derivation used.
Using -iter or -pbkdf2 would be better.
bad decrypt
40C71B52A9780000:error:1C800064:Provider routines:ossl_cipher_unpadblock:bad decrypt:../providers/implementations/ciphers/ciphercommon_block.c:124:
*** WARNING : deprecated key derivation used.
Using -iter or -pbkdf2 would be better.
bad decrypt
40B78BAA58750000:error:1C800064:Provider routines:ossl_cipher_unpadblock:bad decrypt:../providers/implementations/ciphers/ciphercommon_block.c:124:
*** WARNING : deprecated key derivation used.
Using -iter or -pbkdf2 would be better.
*** WARNING : deprecated key derivation used.
Using -iter or -pbkdf2 would be better.
*** WARNING : deprecated key derivation used.
Using -iter or -pbkdf2 would be better.
*** WARNING : deprecated key derivation used.
Using -iter or -pbkdf2 would be better.
*** WARNING : deprecated key derivation used.
Using -iter or -pbkdf2 would be better.
*** WARNING : deprecated key derivation used.
Using -iter or -pbkdf2 would be better.
*** WARNING : deprecated key derivation used.
Using -iter or -pbkdf2 would be better.
*** WARNING : deprecated key derivation used.
Using -iter or -pbkdf2 would be better.
*** WARNING : deprecated key derivation used.
Using -iter or -pbkdf2 would be better.
*** WARNING : deprecated key derivation used.
Using -iter or -pbkdf2 would be better.
*** WARNING : deprecated key derivation used.
Using -iter or -pbkdf2 would be better.
*** WARNING : deprecated key derivation used.
Using -iter or -pbkdf2 would be better.
*** WARNING : deprecated key derivation used.
Using -iter or -pbkdf2 would be better.
bad decrypt
4077A01D1C770000:error:1C800064:Provider routines:ossl_cipher_unpadblock:bad decrypt:../providers/implementations/ciphers/ciphercommon_block.c:124:
*** WARNING : deprecated key derivation used.
Using -iter or -pbkdf2 would be better.
bad decrypt
40179A9104740000:error:1C800064:Provider routines:ossl_cipher_unpadblock:bad decrypt:../providers/implementations/ciphers/ciphercommon_block.c:124:
*** WARNING : deprecated key derivation used.
Using -iter or -pbkdf2 would be better.
bad decrypt
40D78D55727D0000:error:1C800064:Provider routines:ossl_cipher_unpadblock:bad decrypt:../providers/implementations/ciphers/ciphercommon_block.c:124:
*** WARNING : deprecated key derivation used.
Using -iter or -pbkdf2 would be better.
*** WARNING : deprecated key derivation used.
Using -iter or -pbkdf2 would be better.
*** WARNING : deprecated key derivation used.
Using -iter or -pbkdf2 would be better.
*** WARNING : deprecated key derivation used.
Using -iter or -pbkdf2 would be better.
bad decrypt
40775A9D327C0000:error:1C800064:Provider routines:ossl_cipher_unpadblock:bad decrypt:../providers/implementations/ciphers/ciphercommon_block.c:124:
*** WARNING : deprecated key derivation used.
Using -iter or -pbkdf2 would be better.
bad decrypt
40579A4312710000:error:1C800064:Provider routines:ossl_cipher_unpadblock:bad decrypt:../providers/implementations/ciphers/ciphercommon_block.c:124:
*** WARNING : deprecated key derivation used.
Using -iter or -pbkdf2 would be better.
bad decrypt
4077DB87F4780000:error:1C800064:Provider routines:ossl_cipher_unpadblock:bad decrypt:../providers/implementations/ciphers/ciphercommon_block.c:124:
*** WARNING : deprecated key derivation used.
Using -iter or -pbkdf2 would be better.
*** WARNING : deprecated key derivation used.
Using -iter or -pbkdf2 would be better.
*** WARNING : deprecated key derivation used.
Using -iter or -pbkdf2 would be better.
*** WARNING : deprecated key derivation used.
Using -iter or -pbkdf2 would be better.
*** WARNING : deprecated key derivation used.
Using -iter or -pbkdf2 would be better.
*** WARNING : deprecated key derivation used.
Using -iter or -pbkdf2 would be better.
*** WARNING : deprecated key derivation used.
Using -iter or -pbkdf2 would be better.
*** WARNING : deprecated key derivation used.
Using -iter or -pbkdf2 would be better.
*** WARNING : deprecated key derivation used.
Using -iter or -pbkdf2 would be better.
*** WARNING : deprecated key derivation used.
Using -iter or -pbkdf2 would be better.
*** WARNING : deprecated key derivation used.
Using -iter or -pbkdf2 would be better.
*** WARNING : deprecated key derivation used.
Using -iter or -pbkdf2 would be better.
*** WARNING : deprecated key derivation used.
Using -iter or -pbkdf2 would be better.
bad decrypt
4067F7857A700000:error:1C800064:Provider routines:ossl_cipher_unpadblock:bad decrypt:../providers/implementations/ciphers/ciphercommon_block.c:124:
*** WARNING : deprecated key derivation used.
Using -iter or -pbkdf2 would be better.
bad decrypt
40B7D257017D0000:error:1C800064:Provider routines:ossl_cipher_unpadblock:bad decrypt:../providers/implementations/ciphers/ciphercommon_block.c:124:
*** WARNING : deprecated key derivation used.
Using -iter or -pbkdf2 would be better.
bad decrypt
408757C7B67F0000:error:1C800064:Provider routines:ossl_cipher_unpadblock:bad decrypt:../providers/implementations/ciphers/ciphercommon_block.c:124:
*** WARNING : deprecated key derivation used.
Using -iter or -pbkdf2 would be better.
*** WARNING : deprecated key derivation used.
Using -iter or -pbkdf2 would be better.
*** WARNING : deprecated key derivation used.
Using -iter or -pbkdf2 would be better.
*** WARNING : deprecated key derivation used.
Using -iter or -pbkdf2 would be better.
bad decrypt
40976BC83A700000:error:1C800064:Provider routines:ossl_cipher_unpadblock:bad decrypt:../providers/implementations/ciphers/ciphercommon_block.c:124:
*** WARNING : deprecated key derivation used.
Using -iter or -pbkdf2 would be better.
bad decrypt
40475DD912740000:error:1C800064:Provider routines:ossl_cipher_unpadblock:bad decrypt:../providers/implementations/ciphers/ciphercommon_block.c:124:
*** WARNING : deprecated key derivation used.
Using -iter or -pbkdf2 would be better.
bad decrypt
40A76B48167E0000:error:1C800064:Provider routines:ossl_cipher_unpadblock:bad decrypt:../providers/implementations/ciphers/ciphercommon_block.c:124:
*** WARNING : deprecated key derivation used.
Using -iter or -pbkdf2 would be better.
error writing output file
40E78991B8790000:error:1C800066:Provider routines:aes_wrap_cipher_internal:cipher operation failed:../providers/implementations/ciphers/cipher_aes_wrp.c:212:
40E78991B8790000:error:030000BD:digital envelope routines:EVP_DecryptUpdate:update error:../crypto/evp/evp_enc.c:837:
*** WARNING : deprecated key derivation used.
Using -iter or -pbkdf2 would be better.
*** WARNING : deprecated key derivation used.
Using -iter or -pbkdf2 would be better.
*** WARNING : deprecated key derivation used.
Using -iter or -pbkdf2 would be better.
bad decrypt
40A7C580827E0000:error:1C800064:Provider routines:ossl_cipher_unpadblock:bad decrypt:../providers/implementations/ciphers/ciphercommon_block.c:124:
*** WARNING : deprecated key derivation used.
Using -iter or -pbkdf2 would be better.
bad decrypt
401716BA0B7F0000:error:1C800064:Provider routines:ossl_cipher_unpadblock:bad decrypt:../providers/implementations/ciphers/ciphercommon_block.c:124:
*** WARNING : deprecated key derivation used.
Using -iter or -pbkdf2 would be better.
bad decrypt
40B74AFA58750000:error:1C800064:Provider routines:ossl_cipher_unpadblock:bad decrypt:../providers/implementations/ciphers/ciphercommon_block.c:124:
*** WARNING : deprecated key derivation used.
Using -iter or -pbkdf2 would be better.
error writing output file
40B77F0323790000:error:1C800066:Provider routines:aes_wrap_cipher_internal:cipher operation failed:../providers/implementations/ciphers/cipher_aes_wrp.c:212:
40B77F0323790000:error:030000BD:digital envelope routines:EVP_DecryptUpdate:update error:../crypto/evp/evp_enc.c:837:
*** WARNING : deprecated key derivation used.
Using -iter or -pbkdf2 would be better.
*** WARNING : deprecated key derivation used.
Using -iter or -pbkdf2 would be better.
*** WARNING : deprecated key derivation used.
Using -iter or -pbkdf2 would be better.
bad decrypt
40E76D19E57B0000:error:1C800064:Provider routines:ossl_cipher_unpadblock:bad decrypt:../providers/implementations/ciphers/ciphercommon_block.c:124:
*** WARNING : deprecated key derivation used.
Using -iter or -pbkdf2 would be better.
bad decrypt
4047FC893D7E0000:error:1C800064:Provider routines:ossl_cipher_unpadblock:bad decrypt:../providers/implementations/ciphers/ciphercommon_block.c:124:
*** WARNING : deprecated key derivation used.
Using -iter or -pbkdf2 would be better.
bad decrypt
4087FD1CF0780000:error:1C800064:Provider routines:ossl_cipher_unpadblock:bad decrypt:../providers/implementations/ciphers/ciphercommon_block.c:124:
*** WARNING : deprecated key derivation used.
Using -iter or -pbkdf2 would be better.
error writing output file
40977E1FA0780000:error:1C800066:Provider routines:aes_wrap_cipher_internal:cipher operation failed:../providers/implementations/ciphers/cipher_aes_wrp.c:212:
40977E1FA0780000:error:030000BD:digital envelope routines:EVP_DecryptUpdate:update error:../crypto/evp/evp_enc.c:837:
*** WARNING : deprecated key derivation used.
Using -iter or -pbkdf2 would be better.
*** WARNING : deprecated key derivation used.
Using -iter or -pbkdf2 would be better.
*** WARNING : deprecated key derivation used.
Using -iter or -pbkdf2 would be better.
error writing output file
4047C4155E7C0000:error:1C800066:Provider routines:aes_wrap_cipher_internal:cipher operation failed:../providers/implementations/ciphers/cipher_aes_wrp.c:212:
4047C4155E7C0000:error:030000BD:digital envelope routines:EVP_DecryptUpdate:update error:../crypto/evp/evp_enc.c:837:
*** WARNING : deprecated key derivation used.
Using -iter or -pbkdf2 would be better.
*** WARNING : deprecated key derivation used.
Using -iter or -pbkdf2 would be better.
*** WARNING : deprecated key derivation used.
Using -iter or -pbkdf2 would be better.
error writing output file
40A7D70A2D7F0000:error:1C800066:Provider routines:aes_wrap_cipher_internal:cipher operation failed:../providers/implementations/ciphers/cipher_aes_wrp.c:212:
40A7D70A2D7F0000:error:030000BD:digital envelope routines:EVP_DecryptUpdate:update error:../crypto/evp/evp_enc.c:837:
*** WARNING : deprecated key derivation used.
Using -iter or -pbkdf2 would be better.
*** WARNING : deprecated key derivation used.
Using -iter or -pbkdf2 would be better.
*** WARNING : deprecated key derivation used.
Using -iter or -pbkdf2 would be better.
error writing output file
4077D74DE5710000:error:1C800066:Provider routines:aes_wrap_cipher_internal:cipher operation failed:../providers/implementations/ciphers/cipher_aes_wrp.c:212:
4077D74DE5710000:error:030000BD:digital envelope routines:EVP_DecryptUpdate:update error:../crypto/evp/evp_enc.c:837:
*** WARNING : deprecated key derivation used.
Using -iter or -pbkdf2 would be better.
*** WARNING : deprecated key derivation used.
Using -iter or -pbkdf2 would be better.
*** WARNING : deprecated key derivation used.
Using -iter or -pbkdf2 would be better.
error writing output file
40A77DAE1B750000:error:1C800066:Provider routines:aes_wrap_cipher_internal:cipher operation failed:../providers/implementations/ciphers/cipher_aes_wrp.c:212:
40A77DAE1B750000:error:030000BD:digital envelope routines:EVP_DecryptUpdate:update error:../crypto/evp/evp_enc.c:837:
*** WARNING : deprecated key derivation used.
Using -iter or -pbkdf2 would be better.
*** WARNING : deprecated key derivation used.
Using -iter or -pbkdf2 would be better.
*** WARNING : deprecated key derivation used.
Using -iter or -pbkdf2 would be better.
error writing output file
40774CC7D7780000:error:1C800066:Provider routines:aes_wrap_cipher_internal:cipher operation failed:../providers/implementations/ciphers/cipher_aes_wrp.c:212:
40774CC7D7780000:error:030000BD:digital envelope routines:EVP_DecryptUpdate:update error:../crypto/evp/evp_enc.c:837:
*** WARNING : deprecated key derivation used.
Using -iter or -pbkdf2 would be better.
*** WARNING : deprecated key derivation used.
Using -iter or -pbkdf2 would be better.
*** WARNING : deprecated key derivation used.
Using -iter or -pbkdf2 would be better.
error writing output file
4047584F5E790000:error:1C800066:Provider routines:aes_wrap_cipher_internal:cipher operation failed:../providers/implementations/ciphers/cipher_aes_wrp.c:212:
4047584F5E790000:error:030000BD:digital envelope routines:EVP_DecryptUpdate:update error:../crypto/evp/evp_enc.c:837:
*** WARNING : deprecated key derivation used.
Using -iter or -pbkdf2 would be better.
*** WARNING : deprecated key derivation used.
Using -iter or -pbkdf2 would be better.
*** WARNING : deprecated key derivation used.
Using -iter or -pbkdf2 would be better.
bad decrypt
4017D4628D7E0000:error:1C800064:Provider routines:ossl_cipher_unpadblock:bad decrypt:../providers/implementations/ciphers/ciphercommon_block.c:129:
*** WARNING : deprecated key derivation used.
Using -iter or -pbkdf2 would be better.
bad decrypt
40274E2FC17B0000:error:1C800064:Provider routines:ossl_cipher_unpadblock:bad decrypt:../providers/implementations/ciphers/ciphercommon_block.c:124:
*** WARNING : deprecated key derivation used.
Using -iter or -pbkdf2 would be better.
bad decrypt
4047EB127B700000:error:1C800064:Provider routines:ossl_cipher_unpadblock:bad decrypt:../providers/implementations/ciphers/ciphercommon_block.c:124:
*** WARNING : deprecated key derivation used.
Using -iter or -pbkdf2 would be better.
*** WARNING : deprecated key derivation used.
Using -iter or -pbkdf2 would be better.
*** WARNING : deprecated key derivation used.
Using -iter or -pbkdf2 would be better.
*** WARNING : deprecated key derivation used.
Using -iter or -pbkdf2 would be better.
*** WARNING : deprecated key derivation used.
Using -iter or -pbkdf2 would be better.
*** WARNING : deprecated key derivation used.
Using -iter or -pbkdf2 would be better.
*** WARNING : deprecated key derivation used.
Using -iter or -pbkdf2 would be better.
*** WARNING : deprecated key derivation used.
Using -iter or -pbkdf2 would be better.
*** WARNING : deprecated key derivation used.
Using -iter or -pbkdf2 would be better.
*** WARNING : deprecated key derivation used.
Using -iter or -pbkdf2 would be better.
*** WARNING : deprecated key derivation used.
Using -iter or -pbkdf2 would be better.
*** WARNING : deprecated key derivation used.
Using -iter or -pbkdf2 would be better.
*** WARNING : deprecated key derivation used.
Using -iter or -pbkdf2 would be better.
bad decrypt
4027677DFB700000:error:1C800064:Provider routines:ossl_cipher_unpadblock:bad decrypt:../providers/implementations/ciphers/ciphercommon_block.c:124:
*** WARNING : deprecated key derivation used.
Using -iter or -pbkdf2 would be better.
bad decrypt
40A758630A7D0000:error:1C800064:Provider routines:ossl_cipher_unpadblock:bad decrypt:../providers/implementations/ciphers/ciphercommon_block.c:124:
*** WARNING : deprecated key derivation used.
Using -iter or -pbkdf2 would be better.
bad decrypt
408725E4B5790000:error:1C800064:Provider routines:ossl_cipher_unpadblock:bad decrypt:../providers/implementations/ciphers/ciphercommon_block.c:124:
*** WARNING : deprecated key derivation used.
Using -iter or -pbkdf2 would be better.
*** WARNING : deprecated key derivation used.
Using -iter or -pbkdf2 would be better.
*** WARNING : deprecated key derivation used.
Using -iter or -pbkdf2 would be better.
*** WARNING : deprecated key derivation used.
Using -iter or -pbkdf2 would be better.
bad decrypt
4097DDD43B750000:error:1C800064:Provider routines:ossl_cipher_unpadblock:bad decrypt:../providers/implementations/ciphers/ciphercommon_block.c:124:
*** WARNING : deprecated key derivation used.
Using -iter or -pbkdf2 would be better.
bad decrypt
40C7E63831710000:error:1C800064:Provider routines:ossl_cipher_unpadblock:bad decrypt:../providers/implementations/ciphers/ciphercommon_block.c:124:
*** WARNING : deprecated key derivation used.
Using -iter or -pbkdf2 would be better.
bad decrypt
409754BA9B720000:error:1C800064:Provider routines:ossl_cipher_unpadblock:bad decrypt:../providers/implementations/ciphers/ciphercommon_block.c:124:
*** WARNING : deprecated key derivation used.
Using -iter or -pbkdf2 would be better.
*** WARNING : deprecated key derivation used.
Using -iter or -pbkdf2 would be better.
*** WARNING : deprecated key derivation used.
Using -iter or -pbkdf2 would be better.
*** WARNING : deprecated key derivation used.
Using -iter or -pbkdf2 would be better.
*** WARNING : deprecated key derivation used.
Using -iter or -pbkdf2 would be better.
*** WARNING : deprecated key derivation used.
Using -iter or -pbkdf2 would be better.
*** WARNING : deprecated key derivation used.
Using -iter or -pbkdf2 would be better.
*** WARNING : deprecated key derivation used.
Using -iter or -pbkdf2 would be better.
*** WARNING : deprecated key derivation used.
Using -iter or -pbkdf2 would be better.
*** WARNING : deprecated key derivation used.
Using -iter or -pbkdf2 would be better.
*** WARNING : deprecated key derivation used.
Using -iter or -pbkdf2 would be better.
*** WARNING : deprecated key derivation used.
Using -iter or -pbkdf2 would be better.
*** WARNING : deprecated key derivation used.
Using -iter or -pbkdf2 would be better.
bad decrypt
40F746F7A27D0000:error:1C800064:Provider routines:ossl_cipher_unpadblock:bad decrypt:../providers/implementations/ciphers/ciphercommon_block.c:124:
*** WARNING : deprecated key derivation used.
Using -iter or -pbkdf2 would be better.
bad decrypt
4007CDA7C6790000:error:1C800064:Provider routines:ossl_cipher_unpadblock:bad decrypt:../providers/implementations/ciphers/ciphercommon_block.c:124:
*** WARNING : deprecated key derivation used.
Using -iter or -pbkdf2 would be better.
bad decrypt
4087D5F4CF710000:error:1C800064:Provider routines:ossl_cipher_unpadblock:bad decrypt:../providers/implementations/ciphers/ciphercommon_block.c:124:
*** WARNING : deprecated key derivation used.
Using -iter or -pbkdf2 would be better.
*** WARNING : deprecated key derivation used.
Using -iter or -pbkdf2 would be better.
*** WARNING : deprecated key derivation used.
Using -iter or -pbkdf2 would be better.
*** WARNING : deprecated key derivation used.
Using -iter or -pbkdf2 would be better.
bad decrypt
408722199A740000:error:1C800064:Provider routines:ossl_cipher_unpadblock:bad decrypt:../providers/implementations/ciphers/ciphercommon_block.c:124:
*** WARNING : deprecated key derivation used.
Using -iter or -pbkdf2 would be better.
bad decrypt
40B7914EB07F0000:error:1C800064:Provider routines:ossl_cipher_unpadblock:bad decrypt:../providers/implementations/ciphers/ciphercommon_block.c:124:
*** WARNING : deprecated key derivation used.
Using -iter or -pbkdf2 would be better.
bad decrypt
40478168F2730000:error:1C800064:Provider routines:ossl_cipher_unpadblock:bad decrypt:../providers/implementations/ciphers/ciphercommon_block.c:124:
*** WARNING : deprecated key derivation used.
Using -iter or -pbkdf2 would be better.
*** WARNING : deprecated key derivation used.
Using -iter or -pbkdf2 would be better.
*** WARNING : deprecated key derivation used.
Using -iter or -pbkdf2 would be better.
*** WARNING : deprecated key derivation used.
Using -iter or -pbkdf2 would be better.
*** WARNING : deprecated key derivation used.
Using -iter or -pbkdf2 would be better.
*** WARNING : deprecated key derivation used.
Using -iter or -pbkdf2 would be better.
*** WARNING : deprecated key derivation used.
Using -iter or -pbkdf2 would be better.
*** WARNING : deprecated key derivation used.
Using -iter or -pbkdf2 would be better.
*** WARNING : deprecated key derivation used.
Using -iter or -pbkdf2 would be better.
*** WARNING : deprecated key derivation used.
Using -iter or -pbkdf2 would be better.
*** WARNING : deprecated key derivation used.
Using -iter or -pbkdf2 would be better.
*** WARNING : deprecated key derivation used.
Using -iter or -pbkdf2 would be better.
*** WARNING : deprecated key derivation used.
Using -iter or -pbkdf2 would be better.
bad decrypt
4037EB9D1E760000:error:1C800064:Provider routines:ossl_cipher_unpadblock:bad decrypt:../providers/implementations/ciphers/ciphercommon_block.c:124:
*** WARNING : deprecated key derivation used.
Using -iter or -pbkdf2 would be better.
bad decrypt
40C73ED25F7B0000:error:1C800064:Provider routines:ossl_cipher_unpadblock:bad decrypt:../providers/implementations/ciphers/ciphercommon_block.c:124:
*** WARNING : deprecated key derivation used.
Using -iter or -pbkdf2 would be better.
bad decrypt
40279A5CE37A0000:error:1C800064:Provider routines:ossl_cipher_unpadblock:bad decrypt:../providers/implementations/ciphers/ciphercommon_block.c:124:
*** WARNING : deprecated key derivation used.
Using -iter or -pbkdf2 would be better.
*** WARNING : deprecated key derivation used.
Using -iter or -pbkdf2 would be better.
*** WARNING : deprecated key derivation used.
Using -iter or -pbkdf2 would be better.
*** WARNING : deprecated key derivation used.
Using -iter or -pbkdf2 would be better.
bad decrypt
409792A461760000:error:1C800064:Provider routines:ossl_cipher_unpadblock:bad decrypt:../providers/implementations/ciphers/ciphercommon_block.c:129:
*** WARNING : deprecated key derivation used.
Using -iter or -pbkdf2 would be better.
bad decrypt
40B70E8D507D0000:error:1C800064:Provider routines:ossl_cipher_unpadblock:bad decrypt:../providers/implementations/ciphers/ciphercommon_block.c:124:
*** WARNING : deprecated key derivation used.
Using -iter or -pbkdf2 would be better.
bad decrypt
40570A198E780000:error:1C800064:Provider routines:ossl_cipher_unpadblock:bad decrypt:../providers/implementations/ciphers/ciphercommon_block.c:124:
*** WARNING : deprecated key derivation used.
Using -iter or -pbkdf2 would be better.
error writing output file
406765445A7C0000:error:1C800066:Provider routines:aes_wrap_cipher_internal:cipher operation failed:../providers/implementations/ciphers/cipher_aes_wrp.c:212:
406765445A7C0000:error:030000BD:digital envelope routines:EVP_DecryptUpdate:update error:../crypto/evp/evp_enc.c:837:
*** WARNING : deprecated key derivation used.
Using -iter or -pbkdf2 would be better.
*** WARNING : deprecated key derivation used.
Using -iter or -pbkdf2 would be better.
*** WARNING : deprecated key derivation used.
Using -iter or -pbkdf2 would be better.
bad decrypt
40B7CD437E740000:error:1C800064:Provider routines:ossl_cipher_unpadblock:bad decrypt:../providers/implementations/ciphers/ciphercommon_block.c:124:
*** WARNING : deprecated key derivation used.
Using -iter or -pbkdf2 would be better.
bad decrypt
40E72BED53730000:error:1C800064:Provider routines:ossl_cipher_unpadblock:bad decrypt:../providers/implementations/ciphers/ciphercommon_block.c:124:
*** WARNING : deprecated key derivation used.
Using -iter or -pbkdf2 would be better.
bad decrypt
4037F05FB2730000:error:1C800064:Provider routines:ossl_cipher_unpadblock:bad decrypt:../providers/implementations/ciphers/ciphercommon_block.c:124:
*** WARNING : deprecated key derivation used.
Using -iter or -pbkdf2 would be better.
error writing output file
405736E18A700000:error:1C800066:Provider routines:aes_wrap_cipher_internal:cipher operation failed:../providers/implementations/ciphers/cipher_aes_wrp.c:212:
405736E18A700000:error:030000BD:digital envelope routines:EVP_DecryptUpdate:update error:../crypto/evp/evp_enc.c:837:
*** WARNING : deprecated key derivation used.
Using -iter or -pbkdf2 would be better.
*** WARNING : deprecated key derivation used.
Using -iter or -pbkdf2 would be better.
*** WARNING : deprecated key derivation used.
Using -iter or -pbkdf2 would be better.
bad decrypt
40076F625B700000:error:1C800064:Provider routines:ossl_cipher_unpadblock:bad decrypt:../providers/implementations/ciphers/ciphercommon_block.c:124:
*** WARNING : deprecated key derivation used.
Using -iter or -pbkdf2 would be better.
bad decrypt
40775A7808760000:error:1C800064:Provider routines:ossl_cipher_unpadblock:bad decrypt:../providers/implementations/ciphers/ciphercommon_block.c:124:
*** WARNING : deprecated key derivation used.
Using -iter or -pbkdf2 would be better.
bad decrypt
409762320F7D0000:error:1C800064:Provider routines:ossl_cipher_unpadblock:bad decrypt:../providers/implementations/ciphers/ciphercommon_block.c:124:
*** WARNING : deprecated key derivation used.
Using -iter or -pbkdf2 would be better.
error writing output file
40072FF48D720000:error:1C800066:Provider routines:aes_wrap_cipher_internal:cipher operation failed:../providers/implementations/ciphers/cipher_aes_wrp.c:212:
40072FF48D720000:error:030000BD:digital envelope routines:EVP_DecryptUpdate:update error:../crypto/evp/evp_enc.c:837:
*** WARNING : deprecated key derivation used.
Using -iter or -pbkdf2 would be better.
*** WARNING : deprecated key derivation used.
Using -iter or -pbkdf2 would be better.
*** WARNING : deprecated key derivation used.
Using -iter or -pbkdf2 would be better.
error writing output file
4027457BD6780000:error:1C800066:Provider routines:aes_wrap_cipher_internal:cipher operation failed:../providers/implementations/ciphers/cipher_aes_wrp.c:212:
4027457BD6780000:error:030000BD:digital envelope routines:EVP_DecryptUpdate:update error:../crypto/evp/evp_enc.c:837:
*** WARNING : deprecated key derivation used.
Using -iter or -pbkdf2 would be better.
*** WARNING : deprecated key derivation used.
Using -iter or -pbkdf2 would be better.
*** WARNING : deprecated key derivation used.
Using -iter or -pbkdf2 would be better.
error writing output file
4077186FF5720000:error:1C800066:Provider routines:aes_wrap_cipher_internal:cipher operation failed:../providers/implementations/ciphers/cipher_aes_wrp.c:212:
4077186FF5720000:error:030000BD:digital envelope routines:EVP_DecryptUpdate:update error:../crypto/evp/evp_enc.c:837:
*** WARNING : deprecated key derivation used.
Using -iter or -pbkdf2 would be better.
*** WARNING : deprecated key derivation used.
Using -iter or -pbkdf2 would be better.
*** WARNING : deprecated key derivation used.
Using -iter or -pbkdf2 would be better.
error writing output file
4037F76E90710000:error:1C800066:Provider routines:aes_wrap_cipher_internal:cipher operation failed:../providers/implementations/ciphers/cipher_aes_wrp.c:212:
4037F76E90710000:error:030000BD:digital envelope routines:EVP_DecryptUpdate:update error:../crypto/evp/evp_enc.c:837:
*** WARNING : deprecated key derivation used.
Using -iter or -pbkdf2 would be better.
*** WARNING : deprecated key derivation used.
Using -iter or -pbkdf2 would be better.
*** WARNING : deprecated key derivation used.
Using -iter or -pbkdf2 would be better.
error writing output file
4087C8AAC4760000:error:1C800066:Provider routines:aes_wrap_cipher_internal:cipher operation failed:../providers/implementations/ciphers/cipher_aes_wrp.c:212:
4087C8AAC4760000:error:030000BD:digital envelope routines:EVP_DecryptUpdate:update error:../crypto/evp/evp_enc.c:837:
*** WARNING : deprecated key derivation used.
Using -iter or -pbkdf2 would be better.
*** WARNING : deprecated key derivation used.
Using -iter or -pbkdf2 would be better.
*** WARNING : deprecated key derivation used.
Using -iter or -pbkdf2 would be better.
error writing output file
400785444B790000:error:1C800066:Provider routines:aes_wrap_cipher_internal:cipher operation failed:../providers/implementations/ciphers/cipher_aes_wrp.c:212:
400785444B790000:error:030000BD:digital envelope routines:EVP_DecryptUpdate:update error:../crypto/evp/evp_enc.c:837:
*** WARNING : deprecated key derivation used.
Using -iter or -pbkdf2 would be better.
*** WARNING : deprecated key derivation used.
Using -iter or -pbkdf2 would be better.
*** WARNING : deprecated key derivation used.
Using -iter or -pbkdf2 would be better.
error writing output file
40A7118D15750000:error:1C800066:Provider routines:aes_wrap_cipher_internal:cipher operation failed:../providers/implementations/ciphers/cipher_aes_wrp.c:212:
40A7118D15750000:error:030000BD:digital envelope routines:EVP_DecryptUpdate:update error:../crypto/evp/evp_enc.c:837:
*** WARNING : deprecated key derivation used.
Using -iter or -pbkdf2 would be better.
*** WARNING : deprecated key derivation used.
Using -iter or -pbkdf2 would be better.
*** WARNING : deprecated key derivation used.
Using -iter or -pbkdf2 would be better.
bad decrypt
40D7D1FE67780000:error:1C800064:Provider routines:ossl_cipher_unpadblock:bad decrypt:../providers/implementations/ciphers/ciphercommon_block.c:129:
*** WARNING : deprecated key derivation used.
Using -iter or -pbkdf2 would be better.
bad decrypt
40D7E96DA17F0000:error:1C800064:Provider routines:ossl_cipher_unpadblock:bad decrypt:../providers/implementations/ciphers/ciphercommon_block.c:124:
*** WARNING : deprecated key derivation used.
Using -iter or -pbkdf2 would be better.
bad decrypt
4007652F62750000:error:1C800064:Provider routines:ossl_cipher_unpadblock:bad decrypt:../providers/implementations/ciphers/ciphercommon_block.c:124:
*** WARNING : deprecated key derivation used.
Using -iter or -pbkdf2 would be better.
*** WARNING : deprecated key derivation used.
Using -iter or -pbkdf2 would be better.
*** WARNING : deprecated key derivation used.
Using -iter or -pbkdf2 would be better.
*** WARNING : deprecated key derivation used.
Using -iter or -pbkdf2 would be better.
*** WARNING : deprecated key derivation used.
Using -iter or -pbkdf2 would be better.
*** WARNING : deprecated key derivation used.
Using -iter or -pbkdf2 would be better.
*** WARNING : deprecated key derivation used.
Using -iter or -pbkdf2 would be better.
*** WARNING : deprecated key derivation used.
Using -iter or -pbkdf2 would be better.
*** WARNING : deprecated key derivation used.
Using -iter or -pbkdf2 would be better.
*** WARNING : deprecated key derivation used.
Using -iter or -pbkdf2 would be better.
*** WARNING : deprecated key derivation used.
Using -iter or -pbkdf2 would be better.
*** WARNING : deprecated key derivation used.
Using -iter or -pbkdf2 would be better.
*** WARNING : deprecated key derivation used.
Using -iter or -pbkdf2 would be better.
bad decrypt
40974B80987F0000:error:1C800064:Provider routines:ossl_cipher_unpadblock:bad decrypt:../providers/implementations/ciphers/ciphercommon_block.c:124:
*** WARNING : deprecated key derivation used.
Using -iter or -pbkdf2 would be better.
bad decrypt
40B7EA57A27F0000:error:1C800064:Provider routines:ossl_cipher_unpadblock:bad decrypt:../providers/implementations/ciphers/ciphercommon_block.c:124:
*** WARNING : deprecated key derivation used.
Using -iter or -pbkdf2 would be better.
bad decrypt
405743056A700000:error:1C800064:Provider routines:ossl_cipher_unpadblock:bad decrypt:../providers/implementations/ciphers/ciphercommon_block.c:124:
*** WARNING : deprecated key derivation used.
Using -iter or -pbkdf2 would be better.
*** WARNING : deprecated key derivation used.
Using -iter or -pbkdf2 would be better.
*** WARNING : deprecated key derivation used.
Using -iter or -pbkdf2 would be better.
*** WARNING : deprecated key derivation used.
Using -iter or -pbkdf2 would be better.
bad decrypt
40278D70037A0000:error:1C800064:Provider routines:ossl_cipher_unpadblock:bad decrypt:../providers/implementations/ciphers/ciphercommon_block.c:124:
*** WARNING : deprecated key derivation used.
Using -iter or -pbkdf2 would be better.
bad decrypt
40F77CB2BF7E0000:error:1C800064:Provider routines:ossl_cipher_unpadblock:bad decrypt:../providers/implementations/ciphers/ciphercommon_block.c:124:
*** WARNING : deprecated key derivation used.
Using -iter or -pbkdf2 would be better.
bad decrypt
4027A2B2497A0000:error:1C800064:Provider routines:ossl_cipher_unpadblock:bad decrypt:../providers/implementations/ciphers/ciphercommon_block.c:124:
*** WARNING : deprecated key derivation used.
Using -iter or -pbkdf2 would be better.
*** WARNING : deprecated key derivation used.
Using -iter or -pbkdf2 would be better.
*** WARNING : deprecated key derivation used.
Using -iter or -pbkdf2 would be better.
*** WARNING : deprecated key derivation used.
Using -iter or -pbkdf2 would be better.
*** WARNING : deprecated key derivation used.
Using -iter or -pbkdf2 would be better.
*** WARNING : deprecated key derivation used.
Using -iter or -pbkdf2 would be better.
*** WARNING : deprecated key derivation used.
Using -iter or -pbkdf2 would be better.
*** WARNING : deprecated key derivation used.
Using -iter or -pbkdf2 would be better.
*** WARNING : deprecated key derivation used.
Using -iter or -pbkdf2 would be better.
*** WARNING : deprecated key derivation used.
Using -iter or -pbkdf2 would be better.
*** WARNING : deprecated key derivation used.
Using -iter or -pbkdf2 would be better.
*** WARNING : deprecated key derivation used.
Using -iter or -pbkdf2 would be better.
*** WARNING : deprecated key derivation used.
Using -iter or -pbkdf2 would be better.
bad decrypt
4047D357497B0000:error:1C800064:Provider routines:ossl_cipher_unpadblock:bad decrypt:../providers/implementations/ciphers/ciphercommon_block.c:124:
*** WARNING : deprecated key derivation used.
Using -iter or -pbkdf2 would be better.
bad decrypt
40D7E621EB730000:error:1C800064:Provider routines:ossl_cipher_unpadblock:bad decrypt:../providers/implementations/ciphers/ciphercommon_block.c:124:
*** WARNING : deprecated key derivation used.
Using -iter or -pbkdf2 would be better.
bad decrypt
4067CA77447B0000:error:1C800064:Provider routines:ossl_cipher_unpadblock:bad decrypt:../providers/implementations/ciphers/ciphercommon_block.c:124:
*** WARNING : deprecated key derivation used.
Using -iter or -pbkdf2 would be better.
*** WARNING : deprecated key derivation used.
Using -iter or -pbkdf2 would be better.
*** WARNING : deprecated key derivation used.
Using -iter or -pbkdf2 would be better.
*** WARNING : deprecated key derivation used.
Using -iter or -pbkdf2 would be better.
bad decrypt
40378C92957A0000:error:1C800064:Provider routines:ossl_cipher_unpadblock:bad decrypt:../providers/implementations/ciphers/ciphercommon_block.c:124:
*** WARNING : deprecated key derivation used.
Using -iter or -pbkdf2 would be better.
bad decrypt
40F7A9BAF67E0000:error:1C800064:Provider routines:ossl_cipher_unpadblock:bad decrypt:../providers/implementations/ciphers/ciphercommon_block.c:124:
*** WARNING : deprecated key derivation used.
Using -iter or -pbkdf2 would be better.
bad decrypt
40D7C58892770000:error:1C800064:Provider routines:ossl_cipher_unpadblock:bad decrypt:../providers/implementations/ciphers/ciphercommon_block.c:124:
*** WARNING : deprecated key derivation used.
Using -iter or -pbkdf2 would be better.
*** WARNING : deprecated key derivation used.
Using -iter or -pbkdf2 would be better.
*** WARNING : deprecated key derivation used.
Using -iter or -pbkdf2 would be better.
*** WARNING : deprecated key derivation used.
Using -iter or -pbkdf2 would be better.
*** WARNING : deprecated key derivation used.
Using -iter or -pbkdf2 would be better.
*** WARNING : deprecated key derivation used.
Using -iter or -pbkdf2 would be better.
*** WARNING : deprecated key derivation used.
Using -iter or -pbkdf2 would be better.
*** WARNING : deprecated key derivation used.
Using -iter or -pbkdf2 would be better.
*** WARNING : deprecated key derivation used.
Using -iter or -pbkdf2 would be better.
*** WARNING : deprecated key derivation used.
Using -iter or -pbkdf2 would be better.
*** WARNING : deprecated key derivation used.
Using -iter or -pbkdf2 would be better.
*** WARNING : deprecated key derivation used.
Using -iter or -pbkdf2 would be better.
*** WARNING : deprecated key derivation used.
Using -iter or -pbkdf2 would be better.
bad decrypt
40E7FD62BC7D0000:error:1C800064:Provider routines:ossl_cipher_unpadblock:bad decrypt:../providers/implementations/ciphers/ciphercommon_block.c:124:
*** WARNING : deprecated key derivation used.
Using -iter or -pbkdf2 would be better.
bad decrypt
406740F1B07E0000:error:1C800064:Provider routines:ossl_cipher_unpadblock:bad decrypt:../providers/implementations/ciphers/ciphercommon_block.c:124:
*** WARNING : deprecated key derivation used.
Using -iter or -pbkdf2 would be better.
bad decrypt
40773DF8D6740000:error:1C800064:Provider routines:ossl_cipher_unpadblock:bad decrypt:../providers/implementations/ciphers/ciphercommon_block.c:124:
*** WARNING : deprecated key derivation used.
Using -iter or -pbkdf2 would be better.
*** WARNING : deprecated key derivation used.
Using -iter or -pbkdf2 would be better.
*** WARNING : deprecated key derivation used.
Using -iter or -pbkdf2 would be better.
*** WARNING : deprecated key derivation used.
Using -iter or -pbkdf2 would be better.
bad decrypt
40D784B98C710000:error:1C800064:Provider routines:ossl_cipher_unpadblock:bad decrypt:../providers/implementations/ciphers/ciphercommon_block.c:129:
*** WARNING : deprecated key derivation used.
Using -iter or -pbkdf2 would be better.
bad decrypt
40371909BC7D0000:error:1C800064:Provider routines:ossl_cipher_unpadblock:bad decrypt:../providers/implementations/ciphers/ciphercommon_block.c:124:
*** WARNING : deprecated key derivation used.
Using -iter or -pbkdf2 would be better.
bad decrypt
40C77F7133750000:error:1C800064:Provider routines:ossl_cipher_unpadblock:bad decrypt:../providers/implementations/ciphers/ciphercommon_block.c:124:
*** WARNING : deprecated key derivation used.
Using -iter or -pbkdf2 would be better.
error writing output file
40C768D6B1750000:error:1C800066:Provider routines:aes_wrap_cipher_internal:cipher operation failed:../providers/implementations/ciphers/cipher_aes_wrp.c:212:
40C768D6B1750000:error:030000BD:digital envelope routines:EVP_DecryptUpdate:update error:../crypto/evp/evp_enc.c:837:
*** WARNING : deprecated key derivation used.
Using -iter or -pbkdf2 would be better.
*** WARNING : deprecated key derivation used.
Using -iter or -pbkdf2 would be better.
*** WARNING : deprecated key derivation used.
Using -iter or -pbkdf2 would be better.
bad decrypt
4037A4556B760000:error:1C800064:Provider routines:ossl_cipher_unpadblock:bad decrypt:../providers/implementations/ciphers/ciphercommon_block.c:124:
*** WARNING : deprecated key derivation used.
Using -iter or -pbkdf2 would be better.
bad decrypt
400700BAA97D0000:error:1C800064:Provider routines:ossl_cipher_unpadblock:bad decrypt:../providers/implementations/ciphers/ciphercommon_block.c:124:
*** WARNING : deprecated key derivation used.
Using -iter or -pbkdf2 would be better.
bad decrypt
4077FB4A9B7F0000:error:1C800064:Provider routines:ossl_cipher_unpadblock:bad decrypt:../providers/implementations/ciphers/ciphercommon_block.c:124:
*** WARNING : deprecated key derivation used.
Using -iter or -pbkdf2 would be better.
error writing output file
4037CCEEA9740000:error:1C800066:Provider routines:aes_wrap_cipher_internal:cipher operation failed:../providers/implementations/ciphers/cipher_aes_wrp.c:212:
4037CCEEA9740000:error:030000BD:digital envelope routines:EVP_DecryptUpdate:update error:../crypto/evp/evp_enc.c:837:
*** WARNING : deprecated key derivation used.
Using -iter or -pbkdf2 would be better.
*** WARNING : deprecated key derivation used.
Using -iter or -pbkdf2 would be better.
*** WARNING : deprecated key derivation used.
Using -iter or -pbkdf2 would be better.
bad decrypt
40B7DA2EFA700000:error:1C800064:Provider routines:ossl_cipher_unpadblock:bad decrypt:../providers/implementations/ciphers/ciphercommon_block.c:124:
*** WARNING : deprecated key derivation used.
Using -iter or -pbkdf2 would be better.
bad decrypt
40677608BD7B0000:error:1C800064:Provider routines:ossl_cipher_unpadblock:bad decrypt:../providers/implementations/ciphers/ciphercommon_block.c:124:
*** WARNING : deprecated key derivation used.
Using -iter or -pbkdf2 would be better.
bad decrypt
40D7C4B6C3700000:error:1C800064:Provider routines:ossl_cipher_unpadblock:bad decrypt:../providers/implementations/ciphers/ciphercommon_block.c:124:
*** WARNING : deprecated key derivation used.
Using -iter or -pbkdf2 would be better.
error writing output file
40D79F55F3710000:error:1C800066:Provider routines:aes_wrap_cipher_internal:cipher operation failed:../providers/implementations/ciphers/cipher_aes_wrp.c:212:
40D79F55F3710000:error:030000BD:digital envelope routines:EVP_DecryptUpdate:update error:../crypto/evp/evp_enc.c:837:
*** WARNING : deprecated key derivation used.
Using -iter or -pbkdf2 would be better.
*** WARNING : deprecated key derivation used.
Using -iter or -pbkdf2 would be better.
*** WARNING : deprecated key derivation used.
Using -iter or -pbkdf2 would be better.
error writing output file
40B726BC9B790000:error:1C800066:Provider routines:aes_wrap_cipher_internal:cipher operation failed:../providers/implementations/ciphers/cipher_aes_wrp.c:212:
40B726BC9B790000:error:030000BD:digital envelope routines:EVP_DecryptUpdate:update error:../crypto/evp/evp_enc.c:837:
*** WARNING : deprecated key derivation used.
Using -iter or -pbkdf2 would be better.
*** WARNING : deprecated key derivation used.
Using -iter or -pbkdf2 would be better.
*** WARNING : deprecated key derivation used.
Using -iter or -pbkdf2 would be better.
error writing output file
404754EE08770000:error:1C800066:Provider routines:aes_wrap_cipher_internal:cipher operation failed:../providers/implementations/ciphers/cipher_aes_wrp.c:212:
404754EE08770000:error:030000BD:digital envelope routines:EVP_DecryptUpdate:update error:../crypto/evp/evp_enc.c:837:
*** WARNING : deprecated key derivation used.
Using -iter or -pbkdf2 would be better.
*** WARNING : deprecated key derivation used.
Using -iter or -pbkdf2 would be better.
*** WARNING : deprecated key derivation used.
Using -iter or -pbkdf2 would be better.
error writing output file
40D7C24897760000:error:1C800066:Provider routines:aes_wrap_cipher_internal:cipher operation failed:../providers/implementations/ciphers/cipher_aes_wrp.c:212:
40D7C24897760000:error:030000BD:digital envelope routines:EVP_DecryptUpdate:update error:../crypto/evp/evp_enc.c:837:
*** WARNING : deprecated key derivation used.
Using -iter or -pbkdf2 would be better.
*** WARNING : deprecated key derivation used.
Using -iter or -pbkdf2 would be better.
*** WARNING : deprecated key derivation used.
Using -iter or -pbkdf2 would be better.
error writing output file
4047CFE4B77B0000:error:1C800066:Provider routines:aes_wrap_cipher_internal:cipher operation failed:../providers/implementations/ciphers/cipher_aes_wrp.c:212:
4047CFE4B77B0000:error:030000BD:digital envelope routines:EVP_DecryptUpdate:update error:../crypto/evp/evp_enc.c:837:
*** WARNING : deprecated key derivation used.
Using -iter or -pbkdf2 would be better.
*** WARNING : deprecated key derivation used.
Using -iter or -pbkdf2 would be better.
*** WARNING : deprecated key derivation used.
Using -iter or -pbkdf2 would be better.
error writing output file
4087588A717A0000:error:1C800066:Provider routines:aes_wrap_cipher_internal:cipher operation failed:../providers/implementations/ciphers/cipher_aes_wrp.c:212:
4087588A717A0000:error:030000BD:digital envelope routines:EVP_DecryptUpdate:update error:../crypto/evp/evp_enc.c:837:
*** WARNING : deprecated key derivation used.
Using -iter or -pbkdf2 would be better.
*** WARNING : deprecated key derivation used.
Using -iter or -pbkdf2 would be better.
*** WARNING : deprecated key derivation used.
Using -iter or -pbkdf2 would be better.
error writing output file
40F796AA1A730000:error:1C800066:Provider routines:aes_wrap_cipher_internal:cipher operation failed:../providers/implementations/ciphers/cipher_aes_wrp.c:212:
40F796AA1A730000:error:030000BD:digital envelope routines:EVP_DecryptUpdate:update error:../crypto/evp/evp_enc.c:837:
*** WARNING : deprecated key derivation used.
Using -iter or -pbkdf2 would be better.
*** WARNING : deprecated key derivation used.
Using -iter or -pbkdf2 would be better.
*** WARNING : deprecated key derivation used.
Using -iter or -pbkdf2 would be better.
bad decrypt
4027F0C1F4780000:error:1C800064:Provider routines:ossl_cipher_unpadblock:bad decrypt:../providers/implementations/ciphers/ciphercommon_block.c:124:
bad magic number
error reading input file
*** WARNING : deprecated key derivation used.
Using -iter or -pbkdf2 would be better.
bad magic number
error reading input file
*** WARNING : deprecated key derivation used.
Using -iter or -pbkdf2 would be better.
bad magic number
error reading input file
*** WARNING : deprecated key derivation used.
Using -iter or -pbkdf2 would be better.
bad magic number
error reading input file
*** WARNING : deprecated key derivation used.
Using -iter or -pbkdf2 would be better.
bad magic number
error reading input file
*** WARNING : deprecated key derivation used.
Using -iter or -pbkdf2 would be better.
bad decrypt
4097F71B04760000:error:1C800064:Provider routines:ossl_cipher_unpadblock:bad decrypt:../providers/implementations/ciphers/ciphercommon_block.c:124:
bad magic number
error reading input file
*** WARNING : deprecated key derivation used.
Using -iter or -pbkdf2 would be better.
bad magic number
error reading input file
*** WARNING : deprecated key derivation used.
Using -iter or -pbkdf2 would be better.
bad decrypt
40F783F7337B0000:error:1C800064:Provider routines:ossl_cipher_unpadblock:bad decrypt:../providers/implementations/ciphers/ciphercommon_block.c:124:
bad magic number
error reading input file
*** WARNING : deprecated key derivation used.
Using -iter or -pbkdf2 would be better.
bad magic number
error reading input file
*** WARNING : deprecated key derivation used.
Using -iter or -pbkdf2 would be better.
bad magic number
error reading input file
*** WARNING : deprecated key derivation used.
Using -iter or -pbkdf2 would be better.
bad magic number
error reading input file
*** WARNING : deprecated key derivation used.
Using -iter or -pbkdf2 would be better.
bad magic number
error reading input file
*** WARNING : deprecated key derivation used.
Using -iter or -pbkdf2 would be better.
bad decrypt
40F7232D1D770000:error:1C800064:Provider routines:ossl_cipher_unpadblock:bad decrypt:../providers/implementations/ciphers/ciphercommon_block.c:124:
bad magic number
error reading input file
*** WARNING : deprecated key derivation used.
Using -iter or -pbkdf2 would be better.
bad magic number
error reading input file
*** WARNING : deprecated key derivation used.
Using -iter or -pbkdf2 would be better.
*** WARNING : deprecated key derivation used.
Using -iter or -pbkdf2 would be better.
*** WARNING : deprecated key derivation used.
Using -iter or -pbkdf2 would be better.
*** WARNING : deprecated key derivation used.
Using -iter or -pbkdf2 would be better.
bad magic number
error reading input file
*** WARNING : deprecated key derivation used.
Using -iter or -pbkdf2 would be better.
bad magic number
error reading input file
*** WARNING : deprecated key derivation used.
Using -iter or -pbkdf2 would be better.
bad magic number
error reading input file
*** WARNING : deprecated key derivation used.
Using -iter or -pbkdf2 would be better.
bad magic number
error reading input file
*** WARNING : deprecated key derivation used.
Using -iter or -pbkdf2 would be better.
bad decrypt
40C7F8F3007A0000:error:1C800064:Provider routines:ossl_cipher_unpadblock:bad decrypt:../providers/implementations/ciphers/ciphercommon_block.c:124:
bad magic number
error reading input file
*** WARNING : deprecated key derivation used.
Using -iter or -pbkdf2 would be better.
bad magic number
error reading input file
*** WARNING : deprecated key derivation used.
Using -iter or -pbkdf2 would be better.
bad decrypt
4047770599750000:error:1C800064:Provider routines:ossl_cipher_unpadblock:bad decrypt:../providers/implementations/ciphers/ciphercommon_block.c:124:
bad magic number
error reading input file
*** WARNING : deprecated key derivation used.
Using -iter or -pbkdf2 would be better.
error writing output file
4077ECB7F8750000:error:1C800066:Provider routines:aes_wrap_cipher_internal:cipher operation failed:../providers/implementations/ciphers/cipher_aes_wrp.c:212:
4077ECB7F8750000:error:030000BD:digital envelope routines:EVP_DecryptUpdate:update error:../crypto/evp/evp_enc.c:837:
error reading input file
error reading input file
*** WARNING : deprecated key derivation used.
Using -iter or -pbkdf2 would be better.
bad decrypt
40B755C279710000:error:1C800064:Provider routines:ossl_cipher_unpadblock:bad decrypt:../providers/implementations/ciphers/ciphercommon_block.c:124:
bad magic number
error reading input file
*** WARNING : deprecated key derivation used.
Using -iter or -pbkdf2 would be better.
error writing output file
4037A67F30780000:error:1C800066:Provider routines:aes_wrap_cipher_internal:cipher operation failed:../providers/implementations/ciphers/cipher_aes_wrp.c:212:
4037A67F30780000:error:030000BD:digital envelope routines:EVP_DecryptUpdate:update error:../crypto/evp/evp_enc.c:837:
error reading input file
error reading input file
*** WARNING : deprecated key derivation used.
Using -iter or -pbkdf2 would be better.
*** WARNING : deprecated key derivation used.
Using -iter or -pbkdf2 would be better.
*** WARNING : deprecated key derivation used.
Using -iter or -pbkdf2 would be better.
*** WARNING : deprecated key derivation used.
Using -iter or -pbkdf2 would be better.
error writing output file
40E7AF6907730000:error:1C800066:Provider routines:aes_wrap_cipher_internal:cipher operation failed:../providers/implementations/ciphers/cipher_aes_wrp.c:212:
40E7AF6907730000:error:030000BD:digital envelope routines:EVP_DecryptUpdate:update error:../crypto/evp/evp_enc.c:837:
error reading input file
error reading input file
*** WARNING : deprecated key derivation used.
Using -iter or -pbkdf2 would be better.
error writing output file
40C7A918C27C0000:error:1C800066:Provider routines:aes_wrap_cipher_internal:cipher operation failed:../providers/implementations/ciphers/cipher_aes_wrp.c:212:
40C7A918C27C0000:error:030000BD:digital envelope routines:EVP_DecryptUpdate:update error:../crypto/evp/evp_enc.c:837:
error reading input file
error reading input file
*** WARNING : deprecated key derivation used.
Using -iter or -pbkdf2 would be better.
error writing output file
40D79EED067E0000:error:1C800066:Provider routines:aes_wrap_cipher_internal:cipher operation failed:../providers/implementations/ciphers/cipher_aes_wrp.c:212:
40D79EED067E0000:error:030000BD:digital envelope routines:EVP_DecryptUpdate:update error:../crypto/evp/evp_enc.c:837:
error reading input file
error reading input file
*** WARNING : deprecated key derivation used.
Using -iter or -pbkdf2 would be better.
error writing output file
40D728F7AA700000:error:1C800066:Provider routines:aes_wrap_cipher_internal:cipher operation failed:../providers/implementations/ciphers/cipher_aes_wrp.c:212:
40D728F7AA700000:error:030000BD:digital envelope routines:EVP_DecryptUpdate:update error:../crypto/evp/evp_enc.c:837:
error reading input file
error reading input file
*** WARNING : deprecated key derivation used.
Using -iter or -pbkdf2 would be better.
error writing output file
40B7280D8C740000:error:1C800066:Provider routines:aes_wrap_cipher_internal:cipher operation failed:../providers/implementations/ciphers/cipher_aes_wrp.c:212:
40B7280D8C740000:error:030000BD:digital envelope routines:EVP_DecryptUpdate:update error:../crypto/evp/evp_enc.c:837:
error reading input file
error reading input file
*** WARNING : deprecated key derivation used.
Using -iter or -pbkdf2 would be better.
error writing output file
40A7030E497C0000:error:1C800066:Provider routines:aes_wrap_cipher_internal:cipher operation failed:../providers/implementations/ciphers/cipher_aes_wrp.c:212:
40A7030E497C0000:error:030000BD:digital envelope routines:EVP_DecryptUpdate:update error:../crypto/evp/evp_enc.c:837:
error reading input file
error reading input file
*** WARNING : deprecated key derivation used.
Using -iter or -pbkdf2 would be better.
error writing output file
40873FF630750000:error:1C800066:Provider routines:aes_wrap_cipher_internal:cipher operation failed:../providers/implementations/ciphers/cipher_aes_wrp.c:212:
40873FF630750000:error:030000BD:digital envelope routines:EVP_DecryptUpdate:update error:../crypto/evp/evp_enc.c:837:
error reading input file
error reading input file
